player_id,player_name,player_display_name,position,position_group,headshot_url,season,week,season_type,game_id,team,opponent,completions,passing_attempts,passing_yards,passing_tds,passing_interceptions,sacks_suffered,sack_yards_lost,sack_fumbles,sack_fumbles_lost,passing_air_yards,passing_yards_after_catch,passing_first_downs,passing_epa,passing_cpoe,passing_2pt_conversions,pacr,passing_10,passing_16,passing_20,passing_40,carries,rushing_yards,rushing_tds,rushing_fumbles,fumbles_lost,rushing_first_downs,rushing_epa,rushing_2pt_conversions,rushing_10,rushing_12,rushing_20,rushing_40,receptions,targets,receiving_yards,receiving_tds,receiving_fumbles,receiving_fumbles_lost,receiving_air_yards,receiving_yards_after_catch,receiving_first_downs,receiving_epa,receiving_2pt_conversions,receiving_10,receiving_16,receiving_20,receiving_40,racr,target_share,air_yards_share,wopr,special_teams_tds,def_tackles_solo,def_tackles_with_assist,def_tackle_assists,def_tackles_for_loss,def_tackles_for_loss_yards,def_fumbles_forced,def_sacks,def_sack_yards,def_qb_hits,def_interceptions,def_interception_yards,def_pass_defended,def_tds,def_fumbles,def_safeties,def_punt_blocks,def_pat_blocks,def_fg_blocks,def_2pt_atts,def_2pt_made,misc_yards,fumble_recovery_own,fumble_recovery_yards_own,fumble_recovery_opp,fumble_recovery_yards_opp,fumble_recovery_tds,penalties,penalty_yards,fumbles_forced_by_opp,fumbles_not_forced,fumbles_out_of_bounds,fumbles_total,fumbles_lost_total,punt_returns,punt_return_yards,kickoff_returns,kickoff_return_yards,fg_made,fg_att,fg_missed,fg_blocked,fg_long,fg_pct,fg_made_0_19,fg_made_20_29,fg_made_30_39,fg_made_40_49,fg_made_50_59,fg_made_60_,fg_missed_0_19,fg_missed_20_29,fg_missed_30_39,fg_missed_40_49,fg_missed_50_59,fg_missed_60_,fg_made_list,fg_missed_list,fg_blocked_list,fg_made_distance,fg_missed_distance,fg_blocked_distance,pat_made,pat_att,pat_missed,pat_blocked,pat_pct,gwfg_made,gwfg_att,gwfg_missed,gwfg_blocked,gwfg_distance,pt_att,pt_blocked,pt_long,pt_yards,pt_inside_20,pt_out_of_bounds,pt_downed,pt_touchback,pt_fair_caught,pt_returned,pt_return_yards,pt_return_tds,pt_net_yards,fantasy_points,fantasy_points_ppr,interceptions,two_point,fantasy_points_std,td_points,non_td_fantasy_points,source_season,source_week,offense_snaps,offense_pct,target_share_proxy,carry_share_proxy,fantasy_per_target,fantasy_per_carry,td_rate,red_zone_targets,red_zone_carries,fantasy_points_std_last,fantasy_points_std_roll2,fantasy_points_std_roll3,fantasy_points_std_roll5,fantasy_points_std_ewma,targets_last,targets_roll2,targets_roll3,targets_roll5,targets_ewma,carries_last,carries_roll2,carries_roll3,carries_roll5,carries_ewma,receiving_yards_last,receiving_yards_roll2,receiving_yards_roll3,receiving_yards_roll5,receiving_yards_ewma,rushing_yards_last,rushing_yards_roll2,rushing_yards_roll3,rushing_yards_roll5,rushing_yards_ewma,receptions_last,receptions_roll2,receptions_roll3,receptions_roll5,receptions_ewma,offense_snaps_last,offense_snaps_roll2,offense_snaps_roll3,offense_snaps_roll5,offense_snaps_ewma,offense_pct_last,offense_pct_roll2,offense_pct_roll3,offense_pct_roll5,offense_pct_ewma,td_points_last,td_points_roll2,td_points_roll3,td_points_roll5,td_points_ewma,red_zone_targets_last,red_zone_targets_roll2,red_zone_targets_roll3,red_zone_targets_roll5,red_zone_targets_ewma,red_zone_carries_last,red_zone_carries_roll2,red_zone_carries_roll3,red_zone_carries_roll5,red_zone_carries_ewma,fantasy_points_last,fantasy_points_roll2,fantasy_points_roll3,fantasy_points_roll5,fantasy_points_ewma,fantasy_points_std_momentum,targets_momentum,carries_momentum,offense_pct_momentum,offense_snaps_momentum,red_zone_targets_momentum,red_zone_carries_momentum,opportunity_score,opportunity_momentum,efficiency_score,td_dependency,sustainability_risk,production_momentum,trend_gap,games_played,baseline_projection,volatility,range_low,range_high,confidence,classification,game_total_proxy,team_implied_points_proxy,why,display_name,position_master,team_master,projection,ml_projection,learned_weight_projection,depth_rank,depth_role,depth_note,depth_adjustment,waiver_discovery_score
00-0030565,Geno Smith,Geno Smith,QB,QB,"https://static.www.nfl.com/image/upload/f_auto,q_auto/league/zppfqqcyjfma14jjif3a",2026,1,REG,2026_01_NYJ_TEN,NYJ,DET,19,24,215,0,0,0,0,0,0,168,82,7,9.754852104458761,12.836020925770635,0,1.2797619047619047,5,5,4,1,6,7,0,1,0,0,-5.256705424049869,0,0,0,0,0,0,0,0,0,0,0,0,0,0,,0,0,0,0,0,,0.0,0.0,0.0,0,0,0,0,0,0,0,0.0,0.0,0,0,0,0,0,0,0,0,0,0,0,0,0,1,-6,0,0,0,0,0,0,1,0,1,0,0,0,0,0,0,0,0,0,,,0,0,0,0,0,0,0,0,0,0,0,0,,,,0,0,0,0,0,0,0,,0,0,0,0,0,0,0,,0,0,0,0,0,0,0,0,0,0,9.299999999999999,9.299999999999999,0,0,9.299999999999999,0.0,9.299999999999999,2026,1,,,,,,1.5499999999999998,0.0,0,0,9.299999999999999,11.219999999999999,14.159999999999998,13.379999999999999,12.001874999999998,0,0.0,0.0,0.0,0.0,6,3.5,2.3333333333333335,2.0,3.1138749999999997,0,0.0,0.0,0.0,0.0,7,4.0,2.6666666666666665,3.0,4.063,0,0.0,0.0,0.0,0.0,,,,,,,,,,,0.0,3.0,6.0,6.0,4.11675,0,0.0,0.0,0.0,0.0,0,0.0,0.0,0.0,0.0,9.299999999999999,11.219999999999999,14.159999999999998,13.379999999999999,12.001874999999998,-4.32,0.0,3.0,,,0.0,0.0,1.71263125,1.6500000000000001,7.007857062049988,0.34300890485861585,0.2229557881581003,-4.32,5.970000000000001,4.0,13.325624999999999,1.7010372019741367,15.216685788201708,19.129071352742223,61.71263125,Stable,,,"['Limited recent opportunity', 'Opportunity rising faster than production', 'Recent production is declining']",Geno Smith,QB,,17.172878570471966,15.587544,17.172878570471966,1.0,starter,Depth chart: QB1.,,23.822878570471964
00-0040676,Cam Ward,Cam Ward,QB,QB,"https://static.www.nfl.com/image/upload/f_auto,q_auto/league/l7switu6stlwd2irm8yo",2026,1,REG,2026_01_NYJ_TEN,TEN,NYG,19,32,140,1,0,3,-13,0,0,190,78,6,-7.351253745532043,0.389746470110757,0,0.7368421052631579,6,0,0,0,4,21,0,0,0,2,2.4989735005656257,0,0,0,0,0,0,0,0,0,0,0,0,0,0,,0,0,0,0,0,,0.0,0.0,0.0,0,0,0,0,0,0,0,0.0,0.0,0,0,0,0,0,0,0,0,0,0,0,0,0,0,0,0,0,0,0,0,0,0,0,0,0,0,0,0,0,0,0,0,0,,,0,0,0,0,0,0,0,0,0,0,0,0,,,,0,0,0,0,0,0,0,,0,0,0,0,0,0,0,,0,0,0,0,0,0,0,0,0,0,11.700000000000001,11.700000000000001,0,0,13.700000000000001,6.0,7.700000000000001,2026,1,,,,,,3.4250000000000003,0.437956204379562,0,0,13.700000000000001,11.440000000000001,15.306666666666667,16.985,15.2369475,0,0.0,0.0,0.0,0.0,4,3.0,2.6666666666666665,3.0,3.2327500000000002,0,0.0,0.0,0.0,0.0,21,16.0,14.0,12.75,15.031125,0,0.0,0.0,0.0,0.0,,,,,,,,,,,6.0,6.0,8.0,9.0,7.815000000000001,0,0.0,0.0,0.0,0.0,0,0.0,0.0,0.0,0.0,13.700000000000001,11.440000000000001,15.306666666666667,16.985,15.2369475,-11.09,0.0,0.0,,,0.0,0.0,1.7780125000000002,0.0,8.569651506949471,0.5128980066381407,0.3333837043147915,-11.09,11.09,4.0,15.390789153390385,1.863702850855104,16.093016681979694,20.379533238946433,61.7780125,Stable,,,"['Limited recent opportunity', 'Opportunity rising faster than production', 'Recent production is declining']",Cam Ward,QB,,18.236274960463064,18.080322,18.236274960463064,1.0,starter,Depth chart: QB1.,,23.236274960463064
00-0039917,Michael Penix Jr.,Michael Penix Jr.,QB,QB,"https://static.www.nfl.com/image/upload/f_auto,q_auto/league/mip4kogkqxwkkya6mvmh",2026,-1,REG,2025_11_CAR_ATL,ATL,GB,13,16,175,0,0,0,0,0,0,129,83,8,10.741212317137979,15.59100866317749,0,1.3565891472868217,6,4,4,1,1,9,0,0,0,0,0.9993381411768496,0,0,0,0,0,0,0,0,0,0,0,0,0,0,,0,0,0,0,0,,0.0,0.0,0.0,0,0,0,0,0,0,0,0.0,0.0,0,0,0,0,0,0,0,0,0,0,0,0,0,0,0,0,0,0,0,0,0,0,0,0,0,0,0,0,0,0,0,0,0,,,0,0,0,0,0,0,0,0,0,0,0,0,,,,0,0,0,0,0,0,0,,0,0,0,0,0,0,0,,0,0,0,0,0,0,0,0,0,0,7.9,7.9,0,0,7.9,0.0,7.9,2025,11,,,,,,7.9,0.0,0,0,7.9,10.440000000000001,16.54,16.54,15.461400000000001,0,0.0,0.0,0.0,0.0,1,1.0,1.3333333333333333,1.3333333333333333,1.3025000000000002,0,0.0,0.0,0.0,0.0,9,4.0,9.0,9.0,9.55,0,0.0,0.0,0.0,0.0,,,,,,,,,,,0.0,3.0,8.0,8.0,6.930000000000001,0,0.0,0.0,0.0,0.0,0,0.0,0.0,0.0,0.0,7.9,10.440000000000001,16.54,16.54,15.461400000000001,-18.299999999999997,0.0,-1.0,,,0.0,0.0,0.7163750000000002,-0.55,21.58283022160181,0.4482129690713648,0.29133842989638714,-18.299999999999997,17.749999999999996,3.0,15.700339999999999,3.5490099117359475,14.35052221076481,22.51324500775749,59.16736508826405,Stable,,,"['Limited recent opportunity', 'Opportunity rising faster than production', 'Recent production is declining']",Michael Penix Jr.,QB,,18.43188360926115,17.568432,18.43188360926115,1.0,unavailable,Depth chart: QB1. Player is currently O.,,22.88188360926115
00-0035710,Daniel Jones,Daniel Jones,QB,QB,"https://static.www.nfl.com/image/upload/f_auto,q_auto/league/ohvvctuykzwrpqer7xgl",2026,1,REG,2026_01_BAL_IND,IND,HOU,19,31,166,1,1,2,-17,0,0,201,76,8,-9.612229877368634,-5.060457874988687,0,0.8258706467661692,7,2,2,0,1,4,0,0,0,1,0.24439875199459493,0,0,0,0,0,0,0,0,0,0,0,0,0,0,,0,0,0,0,0,,0.0,0.0,0.0,0,0,0,0,0,0,0,0.0,0.0,0,0,0,0,0,0,0,0,0,0,0,0,0,0,0,0,0,0,0,0,0,0,0,0,0,0,0,0,0,0,0,0,0,,,0,0,0,0,0,0,0,0,0,0,0,0,,,,0,0,0,0,0,0,0,,0,0,0,0,0,0,0,,0,0,0,0,0,0,0,0,0,0,9.040000000000001,9.040000000000001,0,0,13.040000000000001,6.0,7.040000000000001,2026,1,,,,,,13.040000000000001,0.460122699386503,0,0,13.040000000000001,7.92,11.993333333333334,14.205000000000002,12.7698125,0,0.0,0.0,0.0,0.0,1,1.0,1.0,1.5,1.33275,0,0.0,0.0,0.0,0.0,4,4.0,3.0,6.25,5.588125,0,0.0,0.0,0.0,0.0,,,,,,,,,,,6.0,3.0,6.0,7.5,6.33,0,0.0,0.0,0.0,0.0,0,0.0,0.0,0.0,0.0,13.040000000000001,7.92,11.993333333333334,14.205000000000002,12.7698125,-12.570000000000002,0.0,-1.0,,,0.0,0.0,0.7330125000000001,-0.55,17.42100237035521,0.49570030883382193,0.3222052007419843,-12.570000000000002,12.020000000000001,4.0,12.50707021566569,2.153213789912522,14.426819928971874,19.379211645770674,60.57979871008748,Stable,,,"['Limited recent opportunity', 'Opportunity rising faster than production', 'Recent production is declining']",Daniel Jones,QB,,16.903015787371274,16.014257,16.903015787371274,1.0,starter,Depth chart: QB1.,,21.353015787371273
00-0033119,Jacoby Brissett,Jacoby Brissett,QB,QB,"https://static.www.nfl.com/image/upload/f_auto,q_auto/league/qjswiunczrn5xmdiqhlz",2026,1,REG,2026_01_ARI_LAC,ARI,SF,27,37,277,1,0,1,0,0,0,283,98,15,9.012864685153245,4.605903093879287,0,0.9787985865724381,13,4,2,0,6,14,0,0,0,3,2.0646604372304864,0,1,0,0,0,0,0,0,0,0,0,0,0,0,,0,0,0,0,0,,0.0,0.0,0.0,0,0,0,0,0,0,0,0.0,0.0,0,0,0,0,0,0,0,0,0,0,0,0,0,0,0,0,0,0,0,0,0,0,0,0,0,0,0,0,0,0,0,0,0,,,0,0,0,0,0,0,0,0,0,0,0,0,,,,0,0,0,0,0,0,0,,0,0,0,0,0,0,0,,0,0,0,0,0,0,0,0,0,0,16.48,16.48,0,0,18.479999999999997,6.0,12.479999999999997,2026,1,,,,,,3.0799999999999996,0.32467532467532473,0,0,18.479999999999997,21.049999999999997,20.859999999999996,19.299999999999997,19.382192499999995,0,0.0,0.0,0.0,0.0,6,4.5,3.0,2.5,3.608875,0,0.0,0.0,0.0,0.0,14,16.5,11.0,9.5,11.834375,0,0.0,0.0,0.0,0.0,,,,,,,,,,,6.0,9.0,10.0,9.0,8.30175,0,0.0,0.0,0.0,0.0,0,0.0,0.0,0.0,0.0,18.479999999999997,21.049999999999997,20.859999999999996,19.299999999999997,19.382192499999995,3.4999999999999964,0.0,4.0,,,0.0,0.0,1.9848812500000002,2.2,9.764912888365485,0.4283184165052536,0.27840697072841486,3.4999999999999964,-1.2999999999999963,4.0,20.509315499999996,0.9850909354617978,18.760752942808516,21.02646209437065,61.98488125,Momentum confirmed,,,"['Limited recent opportunity', 'Role is trending upward', 'Recent production is improving']",Jacoby Brissett,QB,,19.893607518589583,19.484133,19.893607518589583,1.0,starter,Depth chart: QB1.,,20.793607518589585
00-0034869,Sam Darnold,Sam Darnold,QB,QB,"https://static.www.nfl.com/image/upload/f_auto,q_auto/league/fyay8vruj0cqmhopufzk",2026,1,REG,2026_01_NE_SEA,SEA,WAS,1,2,13,0,0,1,-5,0,0,15,2,1,-2.0761460470966995,-24.21134114265442,0,0.8666666666666667,1,0,0,0,0,0,0,0,0,0,,0,0,0,0,0,0,0,0,0,0,0,0,0,0,,0,0,0,0,0,,0.0,0.0,0.0,0,0,0,0,0,0,0,0.0,0.0,0,0,0,0,0,0,0,0,0,0,0,0,0,0,0,0,0,0,0,0,0,0,0,0,0,0,0,0,0,0,0,0,0,,,0,0,0,0,0,0,0,0,0,0,0,0,,,,0,0,0,0,0,0,0,,0,0,0,0,0,0,0,,0,0,0,0,0,0,0,0,0,0,0.52,0.52,0,0,0.52,0.0,0.52,2026,1,,,,,,,0.0,0,0,0.52,7.55,15.946666666666667,14.700000000000001,10.1227525,0,0.0,0.0,0.0,0.0,0,1.0,1.6666666666666667,1.25,0.903375,0,0.0,0.0,0.0,0.0,0,2.5,4.666666666666667,3.5,2.462625,0,0.0,0.0,0.0,0.0,,,,,,,,,,,0.0,3.0,8.0,7.5,4.9335,0,0.0,0.0,0.0,0.0,0,0.0,0.0,0.0,0.0,0.52,7.55,15.946666666666667,14.700000000000001,10.1227525,-14.3,0.0,-0.5,,,0.0,0.0,0.49685625000000005,-0.275,20.373604035372402,0.48736744279779637,0.31678883781856765,-14.3,14.025,4.0,12.094333281071075,5.533017676576871,9.690077392076006,22.416018048202808,56.96383857342313,Stable,,,"['Limited recent opportunity', 'Opportunity rising faster than production', 'Recent production is declining']",Sam Darnold,QB,,16.053047720139407,11.467944,16.053047720139407,1.0,unavailable,Depth chart: QB1. Player is currently O.,,20.778047720139405
00-0023459,Aaron Rodgers,Aaron Rodgers,QB,QB,"https://static.www.nfl.com/image/upload/f_auto,q_auto/league/dypvakakxhccxs67tb0y",2026,1,REG,2026_01_ATL_PIT,PIT,CIN,24,40,221,1,0,2,-15,0,0,407,121,10,-7.838145270729495,1.234482873130489,0,0.542997542997543,9,5,3,0,3,-3,0,0,0,0,-1.4396816462394781,0,0,0,0,0,0,0,0,0,0,0,0,0,0,,0,0,0,0,0,,0.0,0.0,0.0,0,0,0,0,0,0,0,0.0,0.0,0,0,0,0,0,0,0,0,0,0,0,0,0,0,0,0,0,0,0,0,0,0,0,0,0,0,0,0,0,0,0,0,0,,,0,0,0,0,0,0,0,0,0,0,0,0,,,,0,0,0,0,0,0,0,,0,0,0,0,0,0,0,,0,0,0,0,0,0,0,0,0,0,12.54,12.54,0,0,14.54,6.0,8.54,2026,1,,,,,,4.846666666666667,0.4126547455295736,0,0,14.54,10.19,13.38,11.864999999999998,11.896094999999999,0,0.0,0.0,0.0,0.0,3,1.5,1.3333333333333333,1.25,1.6524999999999999,0,0.0,0.0,0.0,0.0,-3,-1.5,5.666666666666667,5.75,2.370750000000001,0,0.0,0.0,0.0,0.0,,,,,,,,,,,6.0,3.0,4.0,3.0,3.5167499999999996,0,0.0,0.0,0.0,0.0,0,0.0,0.0,0.0,0.0,14.54,10.19,13.38,11.864999999999998,11.896094999999999,-3.3499999999999996,0.0,0.5,,,0.0,0.0,0.908875,0.275,13.088813093109612,0.29562221888779466,0.19215444227706655,-3.3499999999999996,3.6249999999999996,4.0,12.358657,1.48060271168332,15.038939637164127,18.444325874035762,60.908875,Stable,,,"['Limited recent opportunity', 'Opportunity rising faster than production', 'Recent production is declining']",Aaron Rodgers,QB,,16.741632755599944,15.267452,16.741632755599944,1.0,starter,Depth chart: QB1.,,20.641632755599943
00-0033537,Deshaun Watson,Deshaun Watson,QB,QB,"https://static.www.nfl.com/image/private/f_auto,q_auto/league/otfs2docj6eahaebo5xn",2026,1,REG,2026_01_CLE_JAX,CLE,CAR,16,22,205,1,1,5,-20,1,0,228,95,9,-5.560122194518736,10.32099574804306,0,0.8991228070175439,8,4,3,1,6,38,0,0,0,3,4.208384518802632,0,0,0,0,0,0,0,0,0,0,0,0,0,0,,0,0,0,0,0,,0.0,0.0,0.0,0,0,0,0,0,0,0,0.0,0.0,0,0,0,0,0,0,0,0,0,0,0,0,0,1,0,0,0,0,0,0,1,0,0,1,0,0,0,0,0,0,0,0,0,,,0,0,0,0,0,0,0,0,0,0,0,0,,,,0,0,0,0,0,0,0,,0,0,0,0,0,0,0,,0,0,0,0,0,0,0,0,0,0,14.0,14.0,0,0,18.0,6.0,12.0,2026,1,,,,,,3.0,0.3333333333333333,0,0,18.0,18.0,18.0,18.0,18.0,0,0.0,0.0,0.0,0.0,6,6.0,6.0,6.0,6.0,0,0.0,0.0,0.0,0.0,38,38.0,38.0,38.0,38.0,0,0.0,0.0,0.0,0.0,,,,,,,,,,,6.0,6.0,6.0,6.0,6.0,0,0.0,0.0,0.0,0.0,0,0.0,0.0,0.0,0.0,18.0,18.0,18.0,18.0,18.0,,,,,,,,3.3000000000000003,0.0,5.454545454545454,0.3333333333333333,0.21666666666666667,,0.0,1.0,18.0,0.0,20.38499082616538,20.38499082616538,,Stable,,,['Projection primarily follows recent baseline'],Deshaun Watson,QB,,20.38499082616538,18.627771,20.38499082616538,1.0,starter,Depth chart: QB1.,,20.38499082616538
00-0039150,Bryce Young,Bryce Young,QB,QB,"https://static.www.nfl.com/image/upload/f_auto,q_auto/league/vcvhmxvxw2a3armle0af",2026,1,REG,2026_01_CHI_CAR,CAR,CLE,23,37,361,3,1,2,-8,0,0,363,156,17,15.51976329782577,6.634585333592964,0,0.9944903581267218,15,8,5,2,2,10,1,0,0,1,1.6883257256704383,0,0,0,0,0,0,0,0,0,0,0,0,0,0,,0,0,0,0,0,,0.0,0.0,0.0,0,0,0,0,0,0,0,0.0,0.0,0,0,0,0,0,0,0,0,0,0,0,0,0,0,0,0,0,0,0,0,0,0,0,0,0,0,0,0,0,0,0,0,0,,,0,0,0,0,0,0,0,0,0,0,0,0,,,,0,0,0,0,0,0,0,,0,0,0,0,0,0,0,,0,0,0,0,0,0,0,0,0,0,31.439999999999998,31.439999999999998,0,0,39.44,24.0,15.439999999999998,2026,1,,,,,,19.72,0.6085192697768763,0,0,39.44,32.2,28.98,24.45,28.80069,0,0.0,0.0,0.0,0.0,2,2.5,2.3333333333333335,4.0,3.412125,0,0.0,0.0,0.0,0.0,10,17.0,11.0,15.0,14.796,0,0.0,0.0,0.0,0.0,,,,,,,,,,,24.0,18.0,16.0,13.5,16.40175,0,0.0,0.0,0.0,0.0,0,0.0,0.0,0.0,0.0,39.44,32.2,28.98,24.45,28.80069,15.500000000000004,0.0,-3.0,,,0.0,0.0,1.87666875,-1.6500000000000001,15.346709428608538,0.5694915642646061,0.370169516771994,15.500000000000004,-17.150000000000002,4.0,27.376430871470788,4.984744652655339,16.380549211752474,27.845461912859754,58.89192409734466,TD-dependent production,,,"['Limited recent opportunity', 'Recent production is improving', 'Production has significant TD dependence']",Bryce Young,QB,,22.113005562306114,24.860086,22.113005562306114,1.0,starter,Depth chart: QB1.,,18.463005562306115
00-0029604,Kirk Cousins,Kirk Cousins,QB,QB,"https://static.www.nfl.com/image/upload/f_auto,q_auto/league/za7cynvpwlsro1tsaijk",2026,1,REG,2026_01_MIA_LV,LV,NO,21,30,160,3,2,0,0,0,0,226,70,10,0.3931946623592959,0.7089010600385994,0,0.7079646017699115,6,1,1,0,5,-6,0,0,0,0,-3.7646021768450737,0,0,0,0,0,0,0,0,0,0,0,0,0,0,,0,0,0,0,0,,0.0,0.0,0.0,0,0,0,0,0,0,0,0.0,0.0,0,0,0,0,0,0,0,0,0,0,0,0,0,0,0,0,0,0,0,0,0,0,0,0,0,0,0,0,0,0,0,0,0,,,0,0,0,0,0,0,0,0,0,0,0,0,,,,0,0,0,0,0,0,0,,0,0,0,0,0,0,0,,0,0,0,0,0,0,0,0,0,0,13.799999999999999,13.799999999999999,0,0,23.799999999999997,18.0,5.799999999999997,2026,1,,,,,,4.76,0.7563025210084034,0,0,23.799999999999997,18.499999999999996,16.046666666666663,17.93,19.416554999999995,0,0.0,0.0,0.0,0.0,5,4.0,3.0,3.5,3.9605000000000006,0,0.0,0.0,0.0,0.0,-6,-3.0,-1.6666666666666667,-2.0,-3.0629999999999997,0,0.0,0.0,0.0,0.0,,,,,,,,,,,18.0,12.0,10.0,12.0,13.3965,0,0.0,0.0,0.0,0.0,0,0.0,0.0,0.0,0.0,23.799999999999997,18.499999999999996,16.046666666666663,17.93,19.416554999999995,1.139999999999997,0.0,1.0,,,0.0,0.0,2.1782750000000006,0.55,8.913729900953731,0.6899524658210482,0.44846910278368135,1.139999999999997,-0.589999999999997,4.0,18.063694735024566,2.578157659646731,15.489945211478295,21.419707828665775,61.600117340353265,TD-dependent production,,,"['Limited recent opportunity', 'Production has significant TD dependence']",Kirk Cousins,QB,,18.454826520072036,16.280224,18.454826520072036,1.0,starter,Depth chart: QB1.,,18.41482652007204
00-0032950,Carson Wentz,Carson Wentz,QB,QB,"https://static.www.nfl.com/image/upload/f_auto,q_auto/league/vuolixdvigc8axelug66",2026,1,REG,2026_01_GB_MIN,MIN,TB,12,19,133,3,0,3,-19,0,0,141,29,7,4.987111610793098,-7.261351692049127,1,0.9432624113475178,4,3,1,0,5,-1,0,0,0,1,0.04539427999407053,0,0,0,0,0,0,0,0,0,0,0,0,0,0,,0,0,0,0,0,,0.0,0.0,0.0,0,0,0,0,0,0,0,0.0,0.0,0,0,0,0,0,0,0,0,0,0,0,0,0,0,0,0,0,0,0,0,0,0,0,0,0,0,0,0,0,0,0,0,0,,,0,0,0,0,0,0,0,0,0,0,0,0,,,,0,0,0,0,0,0,0,,0,0,0,0,0,0,0,,0,0,0,0,0,0,0,0,0,0,19.22,19.22,0,0,23.22,18.0,5.219999999999999,2026,1,,,,,,4.644,0.7751937984496124,0,0,23.22,17.49,16.766666666666666,16.759999999999998,18.2301525,0,0.0,0.0,0.0,0.0,5,2.5,3.0,3.0,3.2936250000000005,0,0.0,0.0,0.0,0.0,-1,-0.5,9.0,10.0,5.524375000000001,0,0.0,0.0,0.0,0.0,,,,,,,,,,,18.0,12.0,8.0,7.5,10.58325,0,0.0,0.0,0.0,0.0,0,0.0,0.0,0.0,0.0,23.22,17.49,16.766666666666666,16.759999999999998,18.2301525,1.4599999999999973,0.0,-1.0,,,0.0,0.0,1.8114937500000003,-0.55,10.063602206742361,0.5805354617850839,0.37734805016030454,1.4599999999999973,-2.009999999999997,4.0,17.1901872430965,2.4250006979034278,15.537285716869933,21.114787322047817,61.38649305209657,TD-dependent production,,,"['Limited recent opportunity', 'Production has significant TD dependence']",Carson Wentz,QB,,18.326036519458874,18.418633,18.326036519458874,2.0,temporary_surge,Depth chart: QB2. Temporary starter while a higher-ranked teammate is O/IR.,,15.776036519458874
00-0038621,DeMario Douglas,DeMario Douglas,WR,WR,"https://static.www.nfl.com/image/upload/f_auto,q_auto/league/cm9vnzqu5phlmsocjwgc",2026,1,REG,2026_01_NE_SEA,NE,JAX,0,0,0,0,0,0,0,0,0,0,0,0,,,0,,0,0,0,0,0,0,0,0,0,0,,0,0,0,0,0,5,7,20,0,0,0,44,21,2,0.5112284626811743,0,0,0,0,0,0.45454545454545453,0.22580645161290322,0.19909502262443438,0.4780761932564589,0,1,0,0,0,0,0,0.0,0.0,0,0,0,0,0,0,0,0,0,0,0,0,0,0,0,0,0,0,0,0,0,0,0,0,0,0,0,0,0,0,0,0,0,,,0,0,0,0,0,0,0,0,0,0,0,0,,,,0,0,0,0,0,0,0,,0,0,0,0,0,0,0,,0,0,0,0,0,0,0,0,0,0,2.0,7.0,0,0,2.0,0.0,2.0,2026,1,,,,,0.2857142857142857,,0.0,0,0,2.0,3.25,2.1666666666666665,4.025,3.6109500000000003,7,7.0,5.0,4.25,5.351374999999999,0,0.0,0.0,0.0,0.0,20,32.5,21.666666666666668,25.25,26.127,0,0.0,0.0,0.0,0.0,5,5.0,3.3333333333333335,3.0,3.82025,,,,,,,,,,,0.0,0.0,0.0,1.5,0.9982500000000003,0,0.0,0.0,0.0,0.0,0,0.0,0.0,0.0,0.0,2.0,3.25,2.1666666666666665,4.025,3.6109500000000003,-1.5499999999999998,5.5,0.0,,,0.0,0.0,5.351374999999999,5.5,0.6747705029081312,0.27645079549702994,0.17969301707306948,-1.5499999999999998,7.05,4.0,5.236986666666667,0.7975306444547725,3.8862713121642996,5.720591794410276,65.351375,Emerging opportunity,,,"['Role is trending upward', 'Opportunity rising faster than production']",DeMario Douglas,WR,,4.803431553287288,4.4446406,4.803431553287288,2.0,backup,Depth chart: WR2. Higher-ranked teammate is active; recent usage is not treated as a starting role.,healthy_backup,14.803431553287288
00-0037563,Malik Davis,Malik Davis,RB,RB,"https://static.www.nfl.com/image/upload/f_auto,q_auto/league/zvranxxyt8qeihn8c2q9",2026,-1,REG,2025_17_DAL_WAS,DAL,BAL,0,0,0,0,0,0,0,0,0,0,0,0,,,0,,0,0,0,0,20,103,0,0,0,2,-0.2462341383798048,0,2,2,1,0,0,2,0,0,0,0,5,0,0,-0.6720484247780405,0,0,0,0,0,0.0,0.05555555555555555,0.013089005235602094,0.09249563699825479,0,0,0,0,0,0,0,0.0,0.0,0,0,0,0,0,0,0,0,0,0,0,0,0,0,0,0,0,0,0,0,0,0,0,0,0,0,0,0,0,0,0,0,0,,,0,0,0,0,0,0,0,0,0,0,0,0,,,,0,0,0,0,0,0,0,,0,0,0,0,0,0,0,,0,0,0,0,0,0,0,0,0,0,10.3,10.3,0,0,10.3,0.0,10.3,2025,17,,,,,5.15,0.515,0.0,0,0,10.3,6.300000000000001,7.433333333333334,7.433333333333334,8.1385,2,1.0,1.6666666666666667,1.6666666666666667,1.8075,20,14.0,12.0,12.0,13.4,0,0.0,5.333333333333333,5.333333333333333,4.840000000000001,103,63.0,49.0,49.0,58.394999999999996,0,0.0,0.6666666666666666,0.6666666666666666,0.6050000000000001,,,,,,,,,,,0.0,0.0,2.0,2.0,1.8150000000000004,0,0.0,0.0,0.0,0.0,0,0.0,0.0,0.0,0.0,10.3,6.300000000000001,7.433333333333334,7.433333333333334,8.1385,-3.3999999999999986,-2.0,6.0,,,0.0,0.0,9.177500000000002,1.3000000000000003,0.8867883410514845,0.22301406893162135,0.14495914480555389,-3.3999999999999986,4.699999999999999,3.0,8.311433333333333,1.327420491027617,7.232595708723769,10.285662838087289,69.17750000000001,Stable,,,"['Healthy recent opportunity', 'Opportunity rising faster than production', 'Recent production is declining']",Malik Davis,RB,,8.759129273405529,9.174353,8.759129273405529,4.0,unavailable,Depth chart: RB4. Player is currently O.,,14.759129273405529
00-0022942,Philip Rivers,Philip Rivers,QB,QB,"https://static.www.nfl.com/image/private/f_auto,q_auto/league/voakyrtj34sghkwxaxxf",2026,-1,REG,2025_17_JAX_IND,IND,HOU,17,30,147,1,1,2,-12,0,0,240,49,9,-11.547117179092474,-9.688687118990668,0,0.6125,6,3,0,0,1,-1,0,0,0,0,0.0,0,0,0,0,0,0,0,0,0,0,0,0,0,0,,0,0,0,0,0,,0.0,0.0,0.0,0,0,0,0,0,0,0,0.0,0.0,0,0,0,0,0,0,0,0,0,0,0,0,0,0,0,0,0,0,1,10,0,0,0,0,0,0,0,0,0,0,0,0,0,,,0,0,0,0,0,0,0,0,0,0,0,0,,,,0,0,0,0,0,0,0,,0,0,0,0,0,0,0,,0,0,0,0,0,0,0,0,0,0,7.779999999999999,7.779999999999999,0,0,11.78,6.0,5.779999999999999,2025,17,,,,,,11.78,0.5093378607809848,0,0,11.78,17.43,15.219999999999999,15.219999999999999,14.2803,0,0.0,0.0,0.0,0.0,1,0.5,0.6666666666666666,0.6666666666666666,0.7525,0,0.0,0.0,0.0,0.0,-1,-0.5,-0.3333333333333333,-0.3333333333333333,-0.44999999999999996,0,0.0,0.0,0.0,0.0,,,,,,,,,,,6.0,9.0,8.0,8.0,7.484999999999999,0,0.0,0.0,0.0,0.0,0,0.0,0.0,0.0,0.0,11.78,17.43,15.219999999999999,15.219999999999999,14.2803,6.629999999999999,0.0,-0.5,,,0.0,0.0,0.413875,-0.275,34.5038961038961,0.5241486523392365,0.3406966240205037,6.629999999999999,-6.904999999999999,3.0,14.411632695321527,1.8253337487703447,14.83582929786667,19.03409692003846,60.413875,Stable,,,"['Limited recent opportunity', 'Recent production is improving']",Philip Rivers,QB,,16.934963108952566,18.622168,16.934963108952566,,,,,14.659963108952567
00-0035537,Ty Johnson,Ty Johnson,RB,RB,"https://static.www.nfl.com/image/upload/f_auto,q_auto/league/zruhihypizhtgpvsaj3c",2026,-1,REG,2025_18_NYJ_BUF,BUF,LAC,0,0,0,0,0,0,0,0,0,0,0,0,,,0,,0,0,0,0,13,36,1,0,0,4,-4.5314143221476115,0,0,0,0,0,2,2,20,1,0,0,4,16,1,4.910177841316909,0,1,0,0,0,5.0,0.07142857142857142,0.020100502512562814,0.1212132089016511,0,0,0,0,0,0,0,0.0,0.0,0,0,0,0,0,0,0,0,0,0,0,0,0,0,0,0,0,0,0,0,0,0,0,0,0,0,0,0,0,0,0,0,0,,,0,0,0,0,0,0,0,0,0,0,0,0,,,,0,0,0,0,0,0,0,,0,0,0,0,0,0,0,,0,0,0,0,0,0,0,0,0,0,17.6,19.6,0,0,17.6,12.0,5.600000000000001,2025,18,,,,,8.8,1.353846153846154,0.6818181818181818,0,0,17.6,11.200000000000001,10.0,10.0,11.407,2,3.0,2.0,2.0,1.89,13,9.0,7.0,7.0,7.995,20,26.5,17.666666666666668,17.666666666666668,17.167499999999997,36,25.5,22.333333333333332,22.333333333333332,24.752499999999998,2,2.5,1.6666666666666667,1.6666666666666667,1.6424999999999998,,,,,,,,,,,12.0,6.0,6.0,6.0,7.215,0,0.0,0.0,0.0,0.0,0,0.0,0.0,0.0,0.0,17.6,11.200000000000001,10.0,10.0,11.407,3.6000000000000014,3.0,6.0,,,0.0,0.0,6.28725,6.300000000000001,1.814306731878007,0.6325063557464714,0.41112913123520645,3.6000000000000014,2.6999999999999993,3.0,12.684187288507058,2.840530908122635,3.644585375311414,10.177806463993473,65.44671909187737,Emerging opportunity,,,"['Role is trending upward', 'Opportunity rising faster than production', 'Recent production is improving', 'Production has significant TD dependence']",Ty Johnson,RB,,6.911195919652444,6.0184407,6.911195919652444,3.0,backup,Depth chart: RB3. Higher-ranked teammate is active; recent usage is not treated as a starting role.,healthy_backup,14.611195919652443
00-0038618,Xavier Hutchinson,Xavier Hutchinson,WR,WR,"https://static.www.nfl.com/image/upload/f_auto,q_auto/league/n5baiu6sg9wh3xhhewkd",2026,1,REG,2026_01_BUF_HOU,HOU,IND,0,0,0,0,0,0,0,0,0,0,0,0,,,0,,0,0,0,0,0,0,0,0,0,0,,0,0,0,0,0,3,6,32,0,0,0,57,21,1,0.9086434285854921,0,1,1,1,0,0.5614035087719298,0.16216216216216217,0.17701863354037267,0.36715628672150413,0,0,0,0,0,0,0,0.0,0.0,0,0,0,0,0,0,0,0,0,0,0,0,0,0,0,0,0,0,0,0,0,0,0,0,0,0,0,0,0,0,0,0,0,,,0,0,0,0,0,0,0,0,0,0,0,0,,,,0,0,0,0,0,0,0,,0,0,0,0,0,0,0,,0,0,0,0,0,0,0,0,0,0,3.2,6.2,0,0,3.2,0.0,3.2,2026,1,,,,,0.5333333333333333,,0.0,0,0,3.2,3.8000000000000003,3.233333333333333,4.525,4.212412500000001,6,9.5,7.666666666666667,8.0,7.959375,0,0.0,0.0,0.0,0.0,32,38.0,32.333333333333336,45.25,42.124125,0,0.0,0.0,0.0,0.0,3,3.5,3.0,3.5,3.4441249999999997,,,,,,,,,,,0.0,0.0,0.0,0.0,0.0,0,0.0,0.0,0.0,0.0,0,0.0,0.0,0.0,0.0,3.2,3.8000000000000003,3.233333333333333,4.525,4.212412500000001,-1.4499999999999997,3.0,0.0,,,0.0,0.0,7.959375,3.0,0.529239104829211,0.0,0.0,-1.4499999999999997,4.449999999999999,4.0,5.064530833333333,0.5247187856392965,6.1032866989503525,7.310139905920735,67.959375,Emerging opportunity,,,"['Healthy recent opportunity', 'Role is trending upward', 'Opportunity rising faster than production']",Xavier Hutchinson,WR,,6.706713302435544,6.437128,6.706713302435544,2.0,temporary_surge,Depth chart: WR2. Temporary starter while a higher-ranked teammate is O/IR.,,14.156713302435543
00-0033526,Samaje Perine,Samaje Perine,RB,RB,"https://static.www.nfl.com/image/upload/f_auto,q_auto/league/fllwhcdovol5i7xxahf6",2026,1,REG,2026_01_TB_CIN,CIN,PIT,0,0,0,0,0,0,0,0,0,0,0,0,,,0,,0,0,0,0,5,20,0,0,0,1,-0.5607159404316917,0,0,0,0,0,3,3,30,0,0,0,3,27,2,3.115889812412206,0,1,0,0,0,10.0,0.08823529411764706,0.01327433628318584,0.14164497657470068,0,1,0,1,0,0,0,0.0,0.0,0,0,0,0,0,0,0,0,0,0,0,0,0,0,0,0,0,0,0,0,0,0,0,0,0,0,0,0,0,0,0,0,0,,,0,0,0,0,0,0,0,0,0,0,0,0,,,,0,0,0,0,0,0,0,,0,0,0,0,0,0,0,,0,0,0,0,0,0,0,0,0,0,5.0,8.0,0,0,5.0,0.0,5.0,2026,1,,,,,1.6666666666666667,1.0,0.0,0,0,5.0,5.1,5.833333333333333,6.9,6.2111,3,3.5,2.6666666666666665,2.75,2.97525,5,6.5,5.333333333333333,5.75,5.803000000000001,30,20.0,16.0,16.0,19.726,20,31.0,22.333333333333332,23.0,24.235,3,3.0,2.3333333333333335,2.25,2.561375,,,,,,,,,,,0.0,0.0,2.0,3.0,1.8150000000000004,0,0.0,0.0,0.0,0.0,0,0.0,0.0,0.0,0.0,5.0,5.1,5.833333333333333,6.9,6.2111,-3.5999999999999996,1.5,1.5,,,0.0,0.0,6.1669,2.325,1.0071672963725697,0.29221876962212817,0.18994220025438333,-3.5999999999999996,5.925,4.0,7.033743333333333,0.7084799865753288,5.887833986523269,7.517337955646525,66.1669,Emerging opportunity,,,"['Role is trending upward', 'Opportunity rising faster than production', 'Recent production is declining']",Samaje Perine,RB,,6.702585971084897,6.4220467,6.702585971084897,2.0,backup,Depth chart: RB2. Higher-ranked teammate is active; recent usage is not treated as a starting role.,healthy_backup,14.027585971084896
00-0036212,Tua Tagovailoa,Tua Tagovailoa,QB,QB,"https://static.www.nfl.com/image/upload/f_auto,q_auto/league/tmm4ohds7qci0vqoobhm",2026,-1,REG,2025_15_MIA_PIT,MIA,KC,22,28,253,2,1,4,-31,0,0,171,135,15,2.64083932511881,15.509115274135883,0,1.4795321637426901,11,7,4,0,1,1,0,0,0,0,-1.180723954923451,0,0,0,0,0,0,0,0,0,0,0,0,0,0,,0,0,0,0,0,,0.0,0.0,0.0,0,0,0,0,0,0,0,0.0,0.0,0,0,0,0,0,0,0,0,0,0,0,0,0,0,0,0,0,0,0,0,0,0,0,0,0,0,0,0,0,0,0,0,0,,,0,0,0,0,0,0,0,0,0,0,0,0,,,,0,0,0,0,0,0,0,,0,0,0,0,0,0,0,,0,0,0,0,0,0,0,0,0,0,16.220000000000002,16.220000000000002,0,0,22.220000000000002,12.0,10.220000000000002,2025,15,,,,,,22.220000000000002,0.54005400540054,0,0,22.220000000000002,16.65,13.326666666666668,13.326666666666668,14.762,0,0.0,0.0,0.0,0.0,1,1.0,2.0,2.0,1.9075000000000002,0,0.0,0.0,0.0,0.0,1,0.5,1.6666666666666667,1.6666666666666667,1.6600000000000001,0,0.0,0.0,0.0,0.0,,,,,,,,,,,12.0,9.0,6.0,6.0,6.885,0,0.0,0.0,0.0,0.0,0,0.0,0.0,0.0,0.0,22.220000000000002,16.65,13.326666666666668,13.326666666666668,14.762,9.969999999999999,0.0,-3.0,,,0.0,0.0,1.049125,-1.6500000000000001,14.070773263433813,0.466400216772795,0.30316014090231674,9.969999999999999,-11.62,3.0,13.577566233121077,3.3142324360249695,13.237976654197553,20.86071125705498,59.73489256397504,Efficiency / regression watch,,,"['Limited recent opportunity', 'Recent production is improving']",Tua Tagovailoa,QB,,17.049343955626266,17.949884,17.049343955626266,2.0,unavailable,Depth chart: QB2. Player is currently O.,,13.399343955626266
00-0037276,Ty Chandler,Ty Chandler,RB,RB,"https://static.www.nfl.com/image/upload/f_auto,q_auto/league/dmprsfd75phecgmbkf4l",2026,-1,REG,2025_18_GB_MIN,MIN,TB,0,0,0,0,0,0,0,0,0,0,0,0,,,0,,0,0,0,0,10,23,0,0,0,0,-4.495101436274126,0,0,0,0,0,3,4,11,0,0,0,-20,27,1,-0.8390052244438557,0,1,0,0,0,-0.55,0.13333333333333333,-0.10101010101010101,0.1292929292929293,0,0,0,0,0,0,0,0.0,0.0,0,0,0,0,0,0,0,0,0,0,0,0,0,0,0,0,0,0,0,0,0,0,0,0,0,0,0,0,0,0,0,0,0,,,0,0,0,0,0,0,0,0,0,0,0,0,,,,0,0,0,0,0,0,0,,0,0,0,0,0,0,0,,0,0,0,0,0,0,0,0,0,0,3.4000000000000004,6.4,0,0,3.4000000000000004,0.0,3.4000000000000004,2025,18,,,,,0.8500000000000001,0.34,0.0,0,0,3.4000000000000004,2.9000000000000004,1.9333333333333336,1.9333333333333336,2.124,4,2.0,1.3333333333333333,1.3333333333333333,1.7999999999999998,10,8.5,5.666666666666667,5.666666666666667,6.2325,11,5.5,3.6666666666666665,3.6666666666666665,4.949999999999999,23,23.5,15.666666666666666,15.666666666666666,16.29,3,1.5,1.0,1.0,1.3499999999999999,,,,,,,,,,,0.0,0.0,0.0,0.0,0.0,0,0.0,0.0,0.0,0.0,0,0.0,0.0,0.0,0.0,3.4000000000000004,2.9000000000000004,1.9333333333333336,1.9333333333333336,2.124,2.9000000000000004,2.0,8.5,,,0.0,0.0,5.227875,6.675000000000001,0.4062836238433398,0.0,0.0,2.9000000000000004,3.7750000000000004,3.0,4.383983333333333,0.5907341421203508,3.9315950746677992,5.290283601544606,65.227875,Emerging opportunity,,,"['Role is trending upward', 'Opportunity rising faster than production', 'Recent production is improving']",Ty Chandler,RB,,4.610939338106203,4.056068,4.610939338106203,6.0,backup,Depth chart: RB6. Higher-ranked teammate is active; recent usage is not treated as a starting role.,healthy_backup,13.385939338106203
00-0040130,Jayden Higgins,Jayden Higgins,WR,WR,"https://static.www.nfl.com/image/upload/f_auto,q_auto/league/s3zuo0ysm9ncxr9o4420",2026,-1,POST,2025_20_HOU_NE,HOU,IND,0,0,0,0,0,0,0,0,0,0,0,0,,,0,,0,0,0,0,0,0,0,0,0,0,,0,0,0,0,0,6,10,59,0,0,0,139,1,2,1.579785040637944,0,2,1,0,0,0.4244604316546763,0.2222222222222222,0.3333333333333333,0.5666666666666667,0,0,0,0,0,0,0,0.0,0.0,0,0,0,0,0,0,0,0,0,0,0,0,0,0,0,0,0,0,0,0,0,0,0,0,0,0,0,0,0,0,0,0,0,,,0,0,0,0,0,0,0,0,0,0,0,0,,,,0,0,0,0,0,0,0,,0,0,0,0,0,0,0,,0,0,0,0,0,0,0,0,0,0,5.9,11.9,0,0,5.9,0.0,5.9,2025,20,,,,,0.5900000000000001,,0.0,0,0,5.9,4.9,6.033333333333334,6.033333333333334,6.131,10,7.0,6.333333333333333,6.333333333333333,7.0024999999999995,0,0.0,0.0,0.0,0.0,59,49.0,40.333333333333336,40.333333333333336,43.16,0,0.0,0.0,0.0,0.0,6,4.5,3.6666666666666665,3.6666666666666665,4.047499999999999,,,,,,,,,,,0.0,0.0,2.0,2.0,1.8150000000000004,0,0.0,0.0,0.0,0.0,0,0.0,0.0,0.0,0.0,5.9,4.9,6.033333333333334,6.033333333333334,6.131,-3.4000000000000004,2.0,0.0,,,0.0,0.0,7.0024999999999995,2.0,0.8755444484112818,0.2960365356385582,0.19242374816506283,-3.4000000000000004,5.4,3.0,6.791933333333334,0.455729920018425,5.861779679701588,6.909958495743965,67.0025,Stable,,,"['Healthy recent opportunity', 'Role is trending upward', 'Opportunity rising faster than production', 'Recent production is declining']",Jayden Higgins,WR,,6.385869087722776,6.508362,6.385869087722776,7.0,backup,Depth chart: WR7. Higher-ranked teammate is active; recent usage is not treated as a starting role.,healthy_backup,13.385869087722776
00-0039373,Audric Estimé,Audric Estimé,RB,RB,"https://static.www.nfl.com/image/upload/f_auto,q_auto/league/lcoend1mysjfhl8f4rrt",2026,-1,REG,2025_18_NO_ATL,NO,LV,0,0,0,0,0,0,0,0,0,0,0,0,,,0,,0,0,0,0,21,63,0,0,0,3,-1.9993890276527964,0,0,0,0,0,5,5,43,0,0,0,9,34,1,2.991389180882834,0,1,1,0,0,4.777777777777778,0.14705882352941177,0.03202846975088968,0.2430081641197404,0,1,0,0,0,0,0,0.0,0.0,0,0,0,0,0,0,0,0,0,0,0,0,0,0,0,0,0,0,0,0,0,0,0,0,0,0,0,0,0,0,0,0,0,,,0,0,0,0,0,0,0,0,0,0,0,0,,,,0,0,0,0,0,0,0,,0,0,0,0,0,0,0,,0,0,0,0,0,0,0,0,0,0,10.600000000000001,15.600000000000001,0,0,10.600000000000001,0.0,10.600000000000001,2025,18,,,,,2.12,0.5047619047619049,0.0,0,0,10.600000000000001,13.200000000000001,10.000000000000002,10.000000000000002,9.7695,5,3.0,3.3333333333333335,3.3333333333333335,3.7075000000000005,21,17.5,13.333333333333334,13.333333333333334,14.427499999999998,43,23.5,21.333333333333332,21.333333333333332,25.4825,63,78.5,58.666666666666664,58.666666666666664,57.3625,5,3.0,3.0,3.0,3.4050000000000002,,,,,,,,,,,0.0,3.0,2.0,2.0,1.4849999999999999,0,0.0,0.0,0.0,0.0,0,0.0,0.0,0.0,0.0,10.600000000000001,13.200000000000001,10.000000000000002,10.000000000000002,9.7695,9.600000000000001,-1.0,12.5,,,0.0,0.0,11.642625,5.875000000000001,0.8391148903275679,0.15200368493781666,0.09880239520958083,9.600000000000001,-3.7250000000000005,3.0,11.917950000000001,1.2731743164233245,8.64888233165429,11.577183259427935,71.642625,Momentum confirmed,,,"['Healthy recent opportunity', 'Role is trending upward', 'Recent production is improving']",Audric Estimé,RB,,10.113032795541113,11.122144,10.113032795541113,5.0,unavailable,Depth chart: RB5. Player is currently O.,,13.113032795541113
00-0033908,Cooper Kupp,Cooper Kupp,WR,WR,"https://static.www.nfl.com/image/upload/f_auto,q_auto/league/kjixprihktsfog6wx9sq",2026,1,REG,2026_01_NE_SEA,SEA,WAS,0,0,0,0,0,0,0,0,0,0,0,0,,,0,,0,0,0,0,0,0,0,0,0,0,,0,0,0,0,0,2,3,35,0,0,0,49,5,2,1.7232177373953164,0,2,1,1,0,0.7142857142857143,0.125,0.3181818181818182,0.4102272727272727,0,0,0,0,0,0,0,0.0,0.0,0,0,0,0,0,0,0,0,0,0,0,0,0,0,0,0,0,0,0,0,0,0,0,0,0,0,0,0,0,0,0,0,0,,,0,0,0,0,0,0,0,0,0,0,0,0,,,,0,0,0,0,0,0,0,,0,0,0,0,0,0,0,,0,0,0,0,0,0,0,0,0,0,3.5,5.5,0,0,3.5,0.0,3.5,2026,1,,,,,1.1666666666666667,,0.0,0,0,3.5,4.800000000000001,6.3999999999999995,6.3,5.3898,3,7.5,7.0,6.5,5.968624999999999,0,0.0,0.0,0.0,0.0,35,48.0,44.0,48.0,45.7305,0,0.0,0.0,0.0,0.0,2,4.0,4.0,4.25,3.761375,,,,,,,,,,,0.0,0.0,2.0,1.5,0.81675,0,0.0,0.0,0.0,0.0,0,0.0,0.0,0.0,0.0,3.5,4.800000000000001,6.3999999999999995,6.3,5.3898,-2.999999999999999,2.0,0.0,,,0.0,0.0,5.968624999999999,2.0,0.9030220528178602,0.15153623511076478,0.09849855282199711,-2.999999999999999,4.999999999999999,4.0,6.47888,1.0682354826535203,4.815969031771191,7.272910641874288,65.968625,Stable,,,"['Role is trending upward', 'Opportunity rising faster than production', 'Recent production is declining']",Cooper Kupp,WR,,6.04443983682274,5.800627,6.04443983682274,3.0,backup,Depth chart: WR3. Higher-ranked teammate is active; recent usage is not treated as a starting role.,healthy_backup,13.04443983682274
00-0038582,Clayton Tune,Clayton Tune,QB,QB,"https://static.www.nfl.com/image/upload/f_auto,q_auto/league/qf8khbyllgjzfyqd3yuz",2026,-1,REG,2025_18_GB_MIN,GB,ATL,6,11,34,0,0,4,-41,1,0,27,23,1,-13.172015243500937,-16.779063940048218,0,1.2592592592592593,0,0,0,0,4,23,0,0,0,2,2.655720428097993,0,1,1,0,0,0,0,0,0,0,0,0,0,0,,0,0,0,0,0,,0.0,0.0,0.0,0,0,0,0,0,0,0,0.0,0.0,0,0,0,0,0,0,0,0,0,0,0,0,0,0,0,0,0,0,0,0,1,0,0,1,0,0,0,0,0,0,0,0,0,,,0,0,0,0,0,0,0,0,0,0,0,0,,,,0,0,0,0,0,0,0,,0,0,0,0,0,0,0,,0,0,0,0,0,0,0,0,0,0,3.66,3.66,0,0,3.66,0.0,3.66,2025,18,,,,,,0.915,0.0,0,0,3.66,1.99,1.99,1.99,1.8229999999999997,0,0.0,0.0,0.0,0.0,4,2.5,2.5,2.5,2.3499999999999996,0,0.0,0.0,0.0,0.0,23,11.5,11.5,11.5,10.35,0,0.0,0.0,0.0,0.0,,,,,,,,,,,0.0,0.0,0.0,0.0,0.0,0,0.0,0.0,0.0,0.0,0,0.0,0.0,0.0,0.0,3.66,1.99,1.99,1.99,1.8229999999999997,,,,,,,,1.2925,0.0,1.4104448742746614,0.0,0.0,,0.0,2.0,1.8898,0.6877480934179317,11.542060116754458,13.123880731615701,,Stable,,,['Limited recent opportunity'],Clayton Tune,QB,,12.33297042418508,9.723351,12.33297042418508,,,,,12.33297042418508
00-0033662,Cooper Rush,Cooper Rush,QB,QB,"https://static.www.nfl.com/image/upload/f_auto,q_auto/league/mwrtykpswz7nbfisqlmj",2026,1,REG,2026_01_ATL_PIT,ATL,GB,12,22,143,1,2,4,-25,0,0,77,118,4,-15.764547433458114,-10.418013365645157,0,1.8571428571428572,5,4,3,0,0,0,0,0,0,0,,0,0,0,0,0,0,0,0,0,0,0,0,0,0,,0,0,0,0,0,,0.0,0.0,0.0,0,0,0,0,0,0,0,0.0,0.0,0,0,0,0,0,0,0,0,0,0,0,0,0,0,0,0,0,0,0,0,0,0,0,0,0,0,0,0,0,0,0,0,0,,,0,0,0,0,0,0,0,0,0,0,0,0,,,,0,0,0,0,0,0,0,,0,0,0,0,0,0,0,,0,0,0,0,0,0,0,0,0,0,5.719999999999999,5.719999999999999,0,0,11.719999999999999,6.0,5.719999999999999,2026,1,,,,,,,0.5119453924914676,0,0,11.719999999999999,6.299999999999999,6.586666666666666,5.46,6.812514999999999,0,0.0,0.0,0.0,0.0,0,0.5,0.3333333333333333,0.25,0.2475,0,0.0,0.0,0.0,0.0,0,0.0,0.0,0.0,0.0,0,0.0,0.0,0.0,0.0,,,,,,,,,,,6.0,3.0,2.0,1.5,2.6999999999999997,0,0.0,0.0,0.0,0.0,0,0.0,0.0,0.0,0.0,11.719999999999999,6.299999999999999,6.586666666666666,5.46,6.812514999999999,1.6799999999999988,0.0,0.5,,,0.0,0.0,0.136125,0.275,50.046023875114784,0.3963294025774622,0.2576141116753504,1.6799999999999988,-1.404999999999999,4.0,6.649425666666667,2.219897759916083,10.796463539248242,15.902228387055233,59.91622724008392,Stable,,,['Limited recent opportunity'],Cooper Rush,QB,,13.349345963151737,12.5400095,13.349345963151737,3.0,temporary_surge,Depth chart: QB3. Temporary starter while a higher-ranked teammate is O/IR.,,12.219345963151738
00-0033040,Tyreek Hill,Tyreek Hill,WR,WR,"https://static.www.nfl.com/image/upload/f_auto,q_auto/league/gg73gnfivrn80oyqwazl",2026,-1,REG,2025_04_NYJ_MIA,MIA,KC,0,0,0,0,0,0,0,0,0,0,0,0,,,0,,0,0,0,0,0,0,0,0,0,0,,0,0,0,0,0,6,6,67,0,0,0,40,27,5,7.245462084189057,0,3,1,1,0,1.675,0.24,0.291970802919708,0.5643795620437956,0,0,0,0,0,0,0,0.0,0.0,0,0,0,0,0,0,0,0,0,0,0,0,0,0,0,0,0,0,0,0,0,0,0,0,0,0,0,0,0,0,0,0,0,,,0,0,0,0,0,0,0,0,0,0,0,0,,,,0,0,0,0,0,0,0,,0,0,0,0,0,0,0,,0,0,0,0,0,0,0,0,0,0,6.7,12.7,0,0,6.7,0.0,6.7,2025,4,,,,,1.1166666666666667,,0.0,0,0,6.7,8.8,9.5,9.5,9.010000000000002,6,8.0,7.666666666666667,7.666666666666667,7.2925,0,0.0,0.0,0.0,0.0,67,58.0,75.0,75.0,75.25,0,0.0,0.0,0.0,0.0,6,5.5,5.666666666666667,5.666666666666667,5.7525,,,,,,,,,,,0.0,3.0,2.0,2.0,1.4849999999999999,0,0.0,0.0,0.0,0.0,0,0.0,0.0,0.0,0.0,6.7,8.8,9.5,9.5,9.010000000000002,-2.0999999999999996,1.0,0.0,,,0.0,0.0,7.2925,1.0,1.2355159410353105,0.1648168701442841,0.10713096559378465,-2.0999999999999996,3.0999999999999996,3.0,9.556000000000001,1.0378901675996357,6.645394052758085,9.032541438237246,67.2925,Stable,,,"['Healthy recent opportunity', 'Opportunity rising faster than production', 'Recent production is declining']",Tyreek Hill,WR,,7.838967745497666,8.396569,7.838967745497666,,,,,11.938967745497665
00-0029263,Russell Wilson,Russell Wilson,QB,QB,"https://static.www.nfl.com/image/upload/f_auto,q_auto/league/vkstxj0evgkjiycu4glc",2026,-1,REG,2025_10_NYG_CHI,NYG,TEN,3,7,45,0,0,2,-13,0,0,21,46,1,-2.6007183073670603,-14.35151219367981,0,2.142857142857143,1,1,1,1,2,12,0,0,0,1,-1.26086213724711,0,1,0,0,0,0,0,0,0,0,0,0,0,0,,0,0,0,0,0,,0.0,0.0,0.0,0,0,0,0,0,0,0,0.0,0.0,0,0,0,0,0,0,0,0,0,0,0,0,0,0,0,0,0,0,0,0,0,0,0,0,0,0,0,0,0,0,0,0,0,,,0,0,0,0,0,0,0,0,0,0,0,0,,,,0,0,0,0,0,0,0,,0,0,0,0,0,0,0,,0,0,0,0,0,0,0,0,0,0,3.0,3.0,0,0,3.0,0.0,3.0,2025,10,,,,,,1.5,0.0,0,0,3.0,1.5,1.1066666666666667,1.1066666666666667,1.4467999999999999,0,0.0,0.0,0.0,0.0,2,1.0,0.6666666666666666,0.6666666666666666,0.8999999999999999,0,0.0,0.0,0.0,0.0,12,6.0,4.0,4.0,5.3999999999999995,0,0.0,0.0,0.0,0.0,,,,,,,,,,,0.0,0.0,0.0,0.0,0.0,0,0.0,0.0,0.0,0.0,0,0.0,0.0,0.0,0.0,3.0,1.5,1.1066666666666667,1.1066666666666667,1.4467999999999999,1.18,0.0,1.0,,,0.0,0.0,0.495,0.55,2.9228282828282826,0.0,0.0,1.18,-0.6299999999999999,3.0,1.5032466666666666,0.703576187582648,11.119221893439489,12.737447124879578,60.495,Stable,,,['Limited recent opportunity'],Russell Wilson,QB,,11.928334509159534,8.297817,11.928334509159534,,,,,11.848334509159535
00-0031345,Jimmy Garoppolo,Jimmy Garoppolo,QB,QB,"https://static.www.nfl.com/image/upload/f_auto,q_auto/league/ivz3zwvjxvgcu4dzabur",2026,-1,REG,2025_18_ARI_LA,LAR,DEN,0,0,0,0,0,0,0,0,0,0,0,0,,,0,,0,0,0,0,3,-3,0,0,0,0,0.0,0,0,0,0,0,0,0,0,0,0,0,0,0,0,,0,0,0,0,0,,0.0,0.0,0.0,0,0,0,0,0,0,0,0.0,0.0,0,0,0,0,0,0,0,0,0,0,0,0,0,0,0,0,0,0,0,0,0,0,0,0,0,0,0,0,0,0,0,0,0,,,0,0,0,0,0,0,0,0,0,0,0,0,,,,0,0,0,0,0,0,0,,0,0,0,0,0,0,0,,0,0,0,0,0,0,0,0,0,0,-0.30000000000000004,-0.30000000000000004,0,0,-0.30000000000000004,0.0,-0.30000000000000004,2025,18,,,,,,-0.10000000000000002,0.0,0,0,-0.30000000000000004,-0.35000000000000003,-0.3333333333333333,-0.3333333333333333,-0.32475000000000004,0,0.0,0.0,0.0,0.0,3,3.0,3.0,3.0,3.0,0,0.0,0.0,0.0,0.0,-3,-3.5,-3.3333333333333335,-3.3333333333333335,-3.2475,0,0.0,0.0,0.0,0.0,,,,,,,,,,,0.0,0.0,0.0,0.0,0.0,0,0.0,0.0,0.0,0.0,0,0.0,0.0,0.0,0.0,-0.30000000000000004,-0.35000000000000003,-0.3333333333333333,-0.3333333333333333,-0.32475000000000004,-0.04999999999999999,0.0,0.0,,,0.0,0.0,1.6500000000000001,0.0,-0.19681818181818184,0.0,0.0,-0.04999999999999999,0.04999999999999999,3.0,0.0,0.016340440630533793,11.407881712070964,11.445464725521191,61.65,Stable,,,['Limited recent opportunity'],Jimmy Garoppolo,QB,,11.426673218796077,3.54746,11.426673218796077,,,,,11.476673218796078
00-0032464,Kalif Raymond,Kalif Raymond,WR,WR,"https://static.www.nfl.com/image/upload/f_auto,q_auto/league/dpdv6dm0almcbjdppizx",2026,1,REG,2026_01_CHI_CAR,CHI,PHI,0,0,0,0,0,0,0,0,0,0,0,0,,,0,,0,0,0,0,0,0,0,0,0,0,,0,0,0,0,0,8,9,84,0,0,0,65,21,5,6.474265656612351,0,3,1,1,0,1.2923076923076924,0.34615384615384615,0.20376175548589343,0.6618639980708946,0,0,0,0,0,0,0,0.0,0.0,0,0,0,0,0,0,0,0,0,0,0,0,0,0,0,0,0,0,0,0,0,0,0,0,0,1,23,0,0,0,0,0,0,,,0,0,0,0,0,0,0,0,0,0,0,0,,,,0,0,0,0,0,0,0,,0,0,0,0,0,0,0,,0,0,0,0,0,0,0,0,0,0,8.4,16.4,0,0,8.4,0.0,8.4,2026,1,,,,,0.9333333333333333,,0.0,0,0,8.4,6.800000000000001,4.7,6.575,7.164837499999999,9,6.0,4.666666666666667,4.75,5.896625,0,0.0,0.0,0.0,0.0,84,68.0,47.0,50.75,61.665875,0,0.0,0.0,0.0,0.0,8,5.5,4.0,4.0,5.144125,,,,,,,,,,,0.0,0.0,0.0,1.5,0.9982500000000003,0,0.0,0.0,0.0,0.0,0,0.0,0.0,0.0,0.0,8.4,6.800000000000001,4.7,6.575,7.164837499999999,0.45000000000000107,2.5,0.0,,,0.0,0.0,5.896625,2.5,1.2150743009772538,0.13932625827173337,0.0905620678766267,0.45000000000000107,2.049999999999999,4.0,7.3351524999999995,1.1939671684033024,5.084003689184835,7.83012817651243,65.896625,Emerging opportunity,,,"['Role is trending upward', 'Opportunity rising faster than production']",Kalif Raymond,WR,,6.457065932848632,6.3225513,6.457065932848632,3.0,backup,Depth chart: WR3. Higher-ranked teammate is active; recent usage is not treated as a starting role.,healthy_backup,11.007065932848631
00-0035243,Miles Sanders,Miles Sanders,RB,RB,"https://static.www.nfl.com/image/upload/f_auto,q_auto/league/niyjjkzmxjmesftgjs8y",2026,-1,REG,2025_04_GB_DAL,DAL,BAL,0,0,0,0,0,0,0,0,0,0,0,0,,,0,,0,0,0,0,2,8,0,0,0,1,-0.19363962160423398,0,0,0,0,0,2,2,17,0,0,0,-7,24,0,1.0843508907128125,0,0,0,0,0,-2.4285714285714284,0.05263157894736842,-0.021406727828746176,0.06396265894093031,0,0,0,0,0,0,0,0.0,0.0,0,0,0,0,0,0,0,0,0,0,0,0,0,0,0,0,0,0,0,0,0,0,0,0,0,0,0,0,0,0,0,0,0,,,0,0,0,0,0,0,0,0,0,0,0,0,,,,0,0,0,0,0,0,0,,0,0,0,0,0,0,0,,0,0,0,0,0,0,0,0,0,0,2.5,4.5,0,0,2.5,0.0,2.5,2025,4,,,,,1.25,1.25,0.0,0,0,2.5,3.9000000000000004,5.233333333333333,5.233333333333333,4.826500000000001,2,2.5,2.3333333333333335,2.3333333333333335,2.2475,2,5.5,5.333333333333333,5.333333333333333,4.640000000000001,17,14.5,11.0,11.0,11.829999999999998,8,24.5,21.333333333333332,21.333333333333332,18.285,2,2.5,2.3333333333333335,2.3333333333333335,2.2475,,,,,,,,,,,0.0,0.0,2.0,2.0,1.8150000000000004,0,0.0,0.0,0.0,0.0,0,0.0,0.0,0.0,0.0,2.5,3.9000000000000004,5.233333333333333,5.233333333333333,4.826500000000001,-4.0,0.5,0.5,,,0.0,0.0,4.7995,0.775,1.0056255859985417,0.3760488967160468,0.24443178286543044,-4.0,4.775,3.0,5.260483333333335,1.0403808725654276,4.255029036869679,6.647905043770162,64.7995,Stable,,,"['Opportunity rising faster than production', 'Recent production is declining']",Miles Sanders,RB,,5.451467040319921,4.619125,5.451467040319921,,,,,11.001467040319922
00-0031236,Brandin Cooks,Brandin Cooks,WR,WR,"https://static.www.nfl.com/image/upload/f_auto,q_auto/league/krz3gv9jjs92arlctvqf",2026,-1,POST,2025_20_BUF_DEN,BUF,LAC,0,0,0,0,0,0,0,0,0,0,0,0,,,0,,0,0,0,0,0,0,0,0,0,0,,0,0,0,0,0,2,6,20,0,0,0,149,8,1,0.1174683139543049,0,1,0,0,0,0.1342281879194631,0.15384615384615385,0.41388888888888886,0.5204914529914529,0,1,0,0,0,0,0,0.0,0.0,0,0,0,0,0,0,0,0,0,0,0,0,0,0,0,0,0,0,0,0,0,0,0,0,0,0,0,0,0,0,0,0,0,,,0,0,0,0,0,0,0,0,0,0,0,0,,,,0,0,0,0,0,0,0,,0,0,0,0,0,0,0,,0,0,0,0,0,0,0,0,0,0,2.0,4.0,0,0,2.0,0.0,2.0,2025,20,,,,,0.3333333333333333,,0.0,0,0,2.0,3.9000000000000004,5.966666666666668,5.966666666666668,5.390750000000001,6,5.5,5.666666666666667,5.666666666666667,5.7525,0,0.0,0.0,0.0,0.0,20,39.0,59.666666666666664,59.666666666666664,53.907500000000006,0,0.0,0.0,0.0,0.0,2,2.5,3.0,3.0,2.8525,,,,,,,,,,,0.0,0.0,0.0,0.0,0.0,0,0.0,0.0,0.0,0.0,0,0.0,0.0,0.0,0.0,2.0,3.9000000000000004,5.966666666666668,5.966666666666668,5.390750000000001,-6.200000000000001,-0.5,0.0,,,0.0,0.0,5.7525,-0.5,0.9371142981312474,0.0,0.0,-6.200000000000001,5.700000000000001,3.0,5.446116666666668,1.5232070410814156,4.712990391051239,8.216366585538495,65.7525,Stable,,,"['Opportunity rising faster than production', 'Recent production is declining']",Brandin Cooks,WR,,6.464678488294867,6.1087027,6.464678488294867,,,,,10.964678488294867
00-0040078,Brashard Smith,Brashard Smith,RB,RB,"https://static.www.nfl.com/image/upload/f_auto,q_auto/league/xnf4x6b9a2yunsc0gaej",2026,-1,REG,2025_18_KC_LV,KC,MIA,0,0,0,0,0,0,0,0,0,0,0,0,,,0,,0,0,0,0,12,56,0,0,0,3,0.3357443552231416,0,2,1,0,0,2,4,2,0,0,0,-17,13,0,-1.9414609224768355,0,0,0,0,0,-0.11764705882352941,0.13333333333333333,-0.07623318385650224,0.14663677130044844,0,0,0,0,0,0,0,0.0,0.0,0,0,0,0,0,0,0,0,0,0,0,0,0,0,0,0,0,0,0,0,0,0,0,0,0,4,13,0,0,0,0,0,0,,,0,0,0,0,0,0,0,0,0,0,0,0,,,,0,0,0,0,0,0,0,,0,0,0,0,0,0,0,,0,0,0,0,0,0,0,0,0,0,5.800000000000001,7.800000000000001,0,0,5.800000000000001,0.0,5.800000000000001,2025,18,,,,,1.4500000000000002,0.4833333333333334,0.0,0,0,5.800000000000001,6.15,4.233333333333333,4.233333333333333,4.33975,4,4.0,3.0,3.0,3.0925,12,6.0,4.0,4.0,5.3999999999999995,2,3.5,3.6666666666666665,3.6666666666666665,3.3475,56,28.0,18.666666666666668,18.666666666666668,25.199999999999996,2,2.5,2.0,2.0,1.9449999999999998,,,,,,,,,,,0.0,3.0,2.0,2.0,1.4849999999999999,0,0.0,0.0,0.0,0.0,0,0.0,0.0,0.0,0.0,5.800000000000001,6.15,4.233333333333333,4.233333333333333,4.33975,5.75,3.0,6.0,,,0.0,0.0,6.0625,6.300000000000001,0.7158350515463918,0.342185609770148,0.22242064635059622,5.75,0.5500000000000007,3.0,6.502183333333334,0.8440520185391421,4.403693486898297,6.345013129538324,66.0625,Momentum confirmed,,,"['Role is trending upward', 'Recent production is improving']",Brashard Smith,RB,,5.374353308218311,4.5695734,5.374353308218311,3.0,backup,Depth chart: RB3. Higher-ranked teammate is active; recent usage is not treated as a starting role.,healthy_backup,10.924353308218311
00-0035704,Drew Lock,Drew Lock,QB,QB,"https://static.www.nfl.com/image/upload/f_auto,q_auto/league/vdixnkk1uglfpwowalf8",2026,1,REG,2026_01_NE_SEA,SEA,WAS,16,22,187,1,0,1,-7,0,0,139,102,8,6.444594950165493,4.779412394220179,0,1.3453237410071943,7,3,3,1,2,13,0,0,0,0,1.7339504111441784,0,1,1,0,0,0,0,0,0,0,0,0,0,0,,0,0,0,0,0,,0.0,0.0,0.0,0,0,0,0,0,0,0,0.0,0.0,0,0,0,0,0,0,0,0,0,0,0,0,0,0,0,0,0,0,0,0,0,0,0,0,0,0,0,0,0,0,0,0,0,,,0,0,0,0,0,0,0,0,0,0,0,0,,,,0,0,0,0,0,0,0,,0,0,0,0,0,0,0,,0,0,0,0,0,0,0,0,0,0,12.780000000000001,12.780000000000001,0,0,14.780000000000001,6.0,8.780000000000001,2026,1,,,,,,7.390000000000001,0.40595399188092013,0,0,14.780000000000001,7.390000000000001,4.793333333333334,3.72,6.6797375,0,0.0,0.0,0.0,0.0,2,1.5,2.3333333333333335,2.0,1.858375,0,0.0,0.0,0.0,0.0,13,6.5,3.0,2.0,5.139125,0,0.0,0.0,0.0,0.0,,,,,,,,,,,6.0,3.0,2.0,1.5,2.6999999999999997,0,0.0,0.0,0.0,0.0,0,0.0,0.0,0.0,0.0,14.780000000000001,7.390000000000001,4.793333333333334,3.72,6.6797375,7.340000000000001,0.0,-1.0,,,0.0,0.0,1.0221062500000002,-0.55,6.535267248390271,0.4042075006690008,0.2627348754348505,7.340000000000001,-7.890000000000001,4.0,5.571675833333333,3.8805676155432187,8.700167460618033,17.625472976367437,59.14153863445678,Stable,,,"['Limited recent opportunity', 'Recent production is improving']",Drew Lock,QB,,13.162820218492735,14.751542,13.162820218492735,2.0,temporary_surge,Depth chart: QB2. Temporary starter while a higher-ranked teammate is O/IR.,,10.612820218492734
00-0039410,Ryan Flournoy,Ryan Flournoy,WR,WR,"https://static.www.nfl.com/image/upload/f_auto,q_auto/league/tqwq3cgpqu7j9hzoyicx",2026,1,REG,2026_01_DAL_NYG,DAL,BAL,0,0,0,0,0,0,0,0,0,0,0,0,,,0,,0,0,0,0,0,0,0,0,0,0,,0,0,0,0,0,2,4,22,0,0,0,23,11,1,2.528429112076992,0,1,1,0,0,0.9565217391304348,0.13333333333333333,0.0744336569579288,0.25210355987055016,0,0,0,0,0,0,0,0.0,0.0,0,0,0,0,0,0,0,0,0,0,0,0,0,0,0,0,0,0,0,0,0,0,0,0,0,0,0,0,0,0,0,0,0,,,0,0,0,0,0,0,0,0,0,0,0,0,,,,0,0,0,0,0,0,0,,0,0,0,0,0,0,0,,0,0,0,0,0,0,0,0,0,0,2.2,4.2,0,0,2.2,0.0,2.2,2026,1,,,,,0.55,,0.0,0,0,2.2,4.5,5.6000000000000005,5.2,4.400275000000001,4,5.5,4.333333333333333,4.5,4.636625,0,0.0,0.0,0.0,0.0,22,45.0,36.0,37.0,35.83525,0,0.0,0.0,0.0,0.0,2,3.5,3.0,3.25,3.07525,,,,,,,,,,,0.0,0.0,2.0,1.5,0.81675,0,0.0,0.0,0.0,0.0,0,0.0,0.0,0.0,0.0,2.2,4.5,5.6000000000000005,5.2,4.400275000000001,-1.4000000000000004,2.0,0.0,,,0.0,0.0,4.636625,2.0,0.9490254225864719,0.18561339916255232,0.120648709455659,-1.4000000000000004,3.4000000000000004,4.0,5.520165,1.1771160571923232,3.7722600280844154,6.479626959626758,64.636625,Stable,,,"['Role is trending upward', 'Opportunity rising faster than production']",Ryan Flournoy,WR,,5.125943493855587,5.0176053,5.125943493855587,3.0,backup,Depth chart: WR3. Higher-ranked teammate is active; recent usage is not treated as a starting role.,healthy_backup,10.525943493855587
00-0039921,Trey Benson,Trey Benson,RB,RB,"https://static.www.nfl.com/image/upload/f_auto,q_auto/league/liruc5jotnsi4ue9p9yx",2026,-1,REG,2025_04_SEA_ARI,ARI,SF,0,0,0,0,0,0,0,0,0,0,0,0,,,0,,0,0,0,0,8,35,0,0,0,1,-0.4268553119036369,0,1,1,0,0,5,5,19,0,0,0,-10,29,1,0.06121452781371772,0,1,0,0,0,-1.9,0.125,-0.04201680672268908,0.15808823529411764,0,0,0,0,0,0,0,0.0,0.0,0,0,0,0,0,0,0,0,0,0,0,0,0,0,0,1,0,0,0,0,0,0,0,0,0,0,0,0,0,0,0,0,0,,,0,0,0,0,0,0,0,0,0,0,0,0,,,,0,0,0,0,0,0,0,,0,0,0,0,0,0,0,,0,0,0,0,0,0,0,0,0,0,5.4,10.4,0,0,5.4,0.0,5.4,2025,4,,,,,1.08,0.675,0.0,0,0,5.4,5.25,4.966666666666668,4.966666666666668,5.02325,5,4.5,5.0,5.0,5.055,8,9.0,7.0,7.0,6.9825,19,14.0,19.333333333333332,19.333333333333332,19.8525,35,38.5,30.333333333333332,30.333333333333332,30.380000000000003,5,4.0,4.0,4.0,4.202500000000001,,,,,,,,,,,0.0,0.0,0.0,0.0,0.0,0,0.0,0.0,0.0,0.0,0,0.0,0.0,0.0,0.0,5.4,5.25,4.966666666666668,4.966666666666668,5.02325,0.8499999999999996,-1.5,6.0,,,0.0,0.0,8.895375,1.8000000000000003,0.5647035678653233,0.0,0.0,0.8499999999999996,0.9500000000000006,3.0,5.6306166666666675,0.17416895054323905,7.550723894716833,7.9513124809662825,68.895375,Stable,,,['Healthy recent opportunity'],Trey Benson,RB,,7.751018187841558,7.359264,7.751018187841558,5.0,backup,Depth chart: RB5. Higher-ranked teammate is active; recent usage is not treated as a starting role.,healthy_backup,10.50101818784156
00-0040669,Isaac TeSlaa,Isaac TeSlaa,WR,WR,"https://static.www.nfl.com/image/upload/f_auto,q_auto/league/ducfhbiy2a8loytcjymn",2026,2,REG,2026_02_DET_BUF,DET,NYJ,0,0,0,0,0,0,0,0,0,0,0,0,,,0,,0,0,0,0,0,0,0,0,0,0,,0,0,0,0,0,2,5,26,0,0,0,81,4,1,1.8013443901436403,0,1,1,1,0,0.32098765432098764,0.13157894736842105,0.2403560830860534,0.365617679212869,0,0,0,0,0,0,0,0.0,0.0,0,0,0,0,0,0,0,0,0,0,0,0,0,0,0,0,0,0,0,0,0,0,0,0,0,0,0,0,0,0,0,0,0,,,0,0,0,0,0,0,0,0,0,0,0,0,,,,0,0,0,0,0,0,0,,0,0,0,0,0,0,0,,0,0,0,0,0,0,0,0,0,0,2.6,4.6,0,0,2.6,0.0,2.6,2026,2,,,,,0.52,,0.0,0,0,2.6,1.3,1.4666666666666668,5.3,3.255964375,5,3.0,2.3333333333333335,3.6,3.57364375,0,0.0,0.0,0.0,0.0,26,13.0,14.666666666666666,29.0,22.57714375,0,0.0,0.0,0.0,0.0,2,1.0,1.0,2.0,1.62675625,,,,,,,,,,,0.0,0.0,0.0,2.4,0.9982500000000003,0,0.0,0.0,0.0,0.0,0,0.0,0.0,0.0,0.0,2.6,1.3,1.4666666666666668,5.3,3.255964375,-5.050000000000001,0.5,0.0,,,0.0,0.0,3.57364375,0.5,0.9111049121782214,0.3065911923560283,0.19928427503141838,-5.050000000000001,5.550000000000001,5.0,3.290245291666667,1.4508262540982777,3.2624549841252715,6.5993553685513096,63.57364375,Stable,,,"['Opportunity rising faster than production', 'Recent production is declining']",Isaac TeSlaa,WR,,4.930905176338291,4.1730943,4.930905176338291,3.0,backup,Depth chart: WR3. Higher-ranked teammate is active; recent usage is not treated as a starting role.,healthy_backup,10.43090517633829
00-0037666,Jalen Tolbert,Jalen Tolbert,WR,WR,"https://static.www.nfl.com/image/upload/f_auto,q_auto/league/dthrzudnyh1mcrh1det2",2026,-1,REG,2025_18_DAL_NYG,DAL,BAL,0,0,0,0,0,0,0,0,0,0,0,0,,,0,,0,0,0,0,0,0,0,0,0,0,,0,0,0,0,0,0,1,0,0,0,0,21,0,0,-0.9682132885791361,0,0,0,0,0,0.0,0.043478260869565216,0.11797752808988764,0.14780166096726916,0,0,0,0,0,0,0,0.0,0.0,0,0,0,0,0,0,0,0,0,0,0,0,0,0,0,0,0,0,0,0,0,0,0,0,0,0,0,0,0,0,0,0,0,,,0,0,0,0,0,0,0,0,0,0,0,0,,,,0,0,0,0,0,0,0,,0,0,0,0,0,0,0,,0,0,0,0,0,0,0,0,0,0,0.0,0.0,0,0,0.0,0.0,0.0,2025,18,,,,,0.0,,,0,0,0.0,1.55,1.0333333333333334,1.0333333333333334,0.76725,1,4.5,3.0,3.0,2.4299999999999997,0,0.0,0.0,0.0,0.0,0,15.5,10.333333333333334,10.333333333333334,7.6725,0,0.0,0.0,0.0,0.0,0,2.0,1.3333333333333333,1.3333333333333333,0.99,,,,,,,,,,,0.0,0.0,0.0,0.0,0.0,0,0.0,0.0,0.0,0.0,0,0.0,0.0,0.0,0.0,0.0,1.55,1.0333333333333334,1.0333333333333334,0.76725,1.55,4.5,0.0,,,0.0,0.0,2.4299999999999997,4.5,0.31574074074074077,0.0,0.0,1.55,2.95,3.0,2.4486833333333333,0.506553659546548,2.360727007227789,3.5258004241848493,62.43,Emerging opportunity,,,"['Limited recent opportunity', 'Role is trending upward', 'Opportunity rising faster than production']",Jalen Tolbert,WR,,2.943263715706319,2.4850962,2.943263715706319,5.0,backup,Depth chart: WR5. Higher-ranked teammate is active; recent usage is not treated as a starting role.,healthy_backup,10.393263715706318
00-0035535,Darius Slayton,Darius Slayton,WR,WR,"https://static.www.nfl.com/image/upload/f_auto,q_auto/league/otksyfjll5waf0vsczeu",2026,-1,REG,2025_18_DAL_NYG,NYG,TEN,0,0,0,0,0,0,0,0,0,0,0,0,,,0,,0,0,0,0,0,0,0,0,0,0,,0,0,0,0,0,4,9,34,0,0,0,39,17,3,2.7379417074699886,1,1,1,0,0,0.8717948717948718,0.28125,0.21195652173913043,0.5702445652173913,0,0,0,0,0,0,0,0.0,0.0,0,0,0,0,0,0,0,0,0,0,0,0,0,0,0,0,0,0,1,10,0,0,0,0,0,0,0,0,0,0,0,0,0,,,0,0,0,0,0,0,0,0,0,0,0,0,,,,0,0,0,0,0,0,0,,0,0,0,0,0,0,0,,0,0,0,0,0,0,0,0,0,0,5.4,9.4,0,0,3.4000000000000004,0.0,3.4000000000000004,2025,18,,,,,0.3777777777777778,,0.0,0,0,3.4000000000000004,3.5,2.6,2.6,2.6630000000000003,9,6.0,4.666666666666667,4.666666666666667,5.3975,0,0.0,0.0,0.0,0.0,34,35.0,26.0,26.0,26.630000000000003,0,0.0,0.0,0.0,0.0,4,3.0,2.3333333333333335,2.3333333333333335,2.5974999999999997,,,,,,,,,,,0.0,0.0,0.0,0.0,0.0,0,0.0,0.0,0.0,0.0,0,0.0,0.0,0.0,0.0,3.4000000000000004,3.5,2.6,2.6,2.6630000000000003,2.7,4.0,0.0,,,0.0,0.0,5.3975,4.0,0.49337656322371476,0.0,0.0,2.7,1.2999999999999998,3.0,4.037800000000001,0.4080037254731873,4.289420873153031,5.227829441741362,65.3975,Emerging opportunity,,,"['Role is trending upward', 'Recent production is improving']",Darius Slayton,WR,,4.758625157447197,4.624837,4.758625157447197,2.0,backup,Depth chart: WR2. Higher-ranked teammate is active; recent usage is not treated as a starting role.,healthy_backup,10.058625157447196
00-0039874,Jaylen Wright,Jaylen Wright,RB,RB,"https://static.www.nfl.com/image/upload/f_auto,q_auto/league/feeuommtlmpvuxvtb1zt",2026,1,REG,2026_01_MIA_LV,MIA,KC,0,0,0,0,0,0,0,0,0,0,0,0,,,0,,0,0,0,0,1,-1,0,0,0,0,-0.9009139738045633,0,0,0,0,0,0,0,0,0,0,0,0,0,0,,0,0,0,0,0,,0.0,0.0,0.0,0,0,0,0,0,0,0,0.0,0.0,0,0,0,0,0,0,0,0,0,0,0,0,0,0,0,0,0,0,0,0,0,0,0,0,0,0,0,2,106,0,0,0,0,,,0,0,0,0,0,0,0,0,0,0,0,0,,,,0,0,0,0,0,0,0,,0,0,0,0,0,0,0,,0,0,0,0,0,0,0,0,0,0,-0.1,-0.1,0,0,-0.1,0.0,-0.1,2026,1,,,,,,-0.1,0.0,0,0,-0.1,0.95,2.5000000000000004,4.7,3.0923375000000015,0,1.0,0.6666666666666666,1.0,0.82775,1,7.0,6.333333333333333,7.0,5.845500000000001,0,8.5,5.666666666666667,8.75,7.20225,-1,11.0,26.0,28.25,18.688625000000002,0,1.0,0.6666666666666666,0.75,0.661375,,,,,,,,,,,0.0,0.0,0.0,1.5,0.9982500000000003,0,0.0,0.0,0.0,0.0,0,0.0,0.0,0.0,0.0,-0.1,0.95,2.5000000000000004,4.7,3.0923375000000015,-7.500000000000001,0.0,0.0,,,0.0,0.0,4.042775000000001,0.0,0.7649046756250351,0.32281405247648415,0.2098291341097147,-7.500000000000001,7.500000000000001,4.0,3.185402500000001,1.6724063035712946,3.045988893603065,6.892523391817042,64.042775,Stable,,,"['Opportunity rising faster than production', 'Recent production is declining']",Jaylen Wright,RB,,4.969256142710053,4.4285917,4.969256142710053,2.0,backup,Depth chart: RB2. Higher-ranked teammate is active; recent usage is not treated as a starting role.,healthy_backup,9.969256142710053
00-0033307,Kendrick Bourne,Kendrick Bourne,WR,WR,"https://static.www.nfl.com/image/upload/f_auto,q_auto/league/yzfa94cmhpcqamrwzdzk",2026,1,REG,2026_01_ARI_LAC,ARI,SF,0,0,0,0,0,0,0,0,0,0,0,0,,,0,,0,0,0,0,0,0,0,0,0,0,,0,0,0,0,0,8,8,75,0,0,0,40,35,5,5.818146384728607,0,5,0,0,0,1.875,0.21621621621621623,0.1413427561837456,0.42326425365294623,0,0,0,0,0,0,0,0.0,0.0,0,0,0,0,0,0,0,0,0,0,0,0,0,0,0,0,0,0,0,0,0,0,0,0,0,0,0,0,0,0,0,0,0,,,0,0,0,0,0,0,0,0,0,0,0,0,,,,0,0,0,0,0,0,0,,0,0,0,0,0,0,0,,0,0,0,0,0,0,0,0,0,0,7.5,15.5,0,0,7.5,0.0,7.5,2026,1,,,,,0.9375,,0.0,0,0,7.5,3.75,2.5,2.5,3.7909374999999996,8,5.0,3.6666666666666665,3.0,4.3975,0,0.0,0.0,0.0,0.0,75,37.5,25.0,25.0,37.909375000000004,0,0.0,0.0,0.0,0.0,8,4.0,2.6666666666666665,2.25,3.7663749999999996,,,,,,,,,,,0.0,0.0,0.0,0.0,0.0,0,0.0,0.0,0.0,0.0,0,0.0,0.0,0.0,0.0,7.5,3.75,2.5,2.5,3.7909374999999996,2.5,4.0,0.0,,,0.0,0.0,4.3975,4.0,0.862066515065378,0.0,0.0,2.5,1.5,4.0,4.6745624999999995,1.8360758128751111,2.3164103350274763,6.539384704640232,64.3975,Emerging opportunity,,,"['Role is trending upward', 'Recent production is improving']",Kendrick Bourne,WR,,4.427897519833854,3.9103384,4.427897519833854,3.0,backup,Depth chart: WR3. Higher-ranked teammate is active; recent usage is not treated as a starting role.,healthy_backup,9.927897519833854
00-0039901,Keon Coleman,Keon Coleman,WR,WR,"https://static.www.nfl.com/image/upload/f_auto,q_auto/league/cm7g87waetksjouyjgvg",2026,2,REG,2026_02_DET_BUF,BUF,LAC,0,0,0,0,0,0,0,0,0,0,0,0,,,0,,0,0,0,0,0,0,0,0,0,0,,0,0,0,0,0,6,6,63,0,0,0,48,15,4,5.8681350132101215,0,2,1,1,0,1.3125,0.21428571428571427,0.20425531914893616,0.4644072948328267,0,0,0,0,0,0,0,0.0,0.0,0,0,0,0,0,0,0,0,0,0,0,0,0,0,0,0,0,0,0,0,0,0,0,0,0,0,0,0,0,0,0,0,0,,,0,0,0,0,0,0,0,0,0,0,0,0,,,,0,0,0,0,0,0,0,,0,0,0,0,0,0,0,,0,0,0,0,0,0,0,0,0,0,6.300000000000001,12.3,0,0,6.300000000000001,0.0,6.300000000000001,2026,2,,,,,1.05,,0.0,0,0,6.300000000000001,3.2,4.466666666666667,4.38,4.530533125,6,3.5,3.3333333333333335,3.0,3.79676875,0,0.0,0.0,0.0,0.0,63,32.0,24.666666666666668,31.8,37.13783125,0,0.0,0.0,0.0,0.0,6,3.5,2.6666666666666665,2.2,3.34150625,,,,,,,,,,,0.0,0.0,2.0,1.2,0.81675,0,0.0,0.0,0.0,0.0,0,0.0,0.0,0.0,0.0,6.300000000000001,3.2,4.466666666666667,4.38,4.530533125,-2.0999999999999996,1.5,0.0,,,0.0,0.0,3.79676875,1.5,1.1932602229198184,0.18027679689462595,0.11717991798150687,-2.0999999999999996,3.5999999999999996,5.0,5.016986541666666,0.9917648356608239,3.628850738424338,5.909909860444232,63.79676875,Stable,,,"['Opportunity rising faster than production', 'Recent production is declining']",Keon Coleman,WR,,4.769380299434285,3.8044217,4.769380299434285,3.0,backup,Depth chart: WR3. Higher-ranked teammate is active; recent usage is not treated as a starting role.,healthy_backup,9.869380299434285
00-0038891,Shedrick Jackson,Shedrick Jackson,WR,WR,"https://static.www.nfl.com/image/upload/f_auto,q_auto/league/pimh65yyziduaq7vbmi5",2026,-1,REG,2025_18_KC_LV,LV,NO,0,0,0,0,0,0,0,0,0,0,0,0,,,0,,0,0,0,0,1,3,0,0,0,0,-0.354833202669397,0,0,0,0,0,1,1,11,0,0,0,11,0,1,2.159719886025414,0,1,0,0,0,1.0,0.038461538461538464,0.048672566371681415,0.09176310415248468,0,1,0,0,0,0,0,0.0,0.0,0,0,0,0,0,0,0,0,0,0,0,0,0,0,0,0,0,0,0,0,0,0,0,0,0,0,0,0,0,0,0,0,0,,,0,0,0,0,0,0,0,0,0,0,0,0,,,,0,0,0,0,0,0,0,,0,0,0,0,0,0,0,,0,0,0,0,0,0,0,0,0,0,1.4000000000000001,2.4000000000000004,0,0,1.4000000000000001,0.0,1.4000000000000001,2025,18,,,,,1.4000000000000001,1.4000000000000001,0.0,0,0,1.4000000000000001,1.7000000000000002,3.966666666666667,3.966666666666667,3.696250000000001,1,2.0,1.6666666666666667,1.6666666666666667,1.4949999999999999,1,0.5,0.3333333333333333,0.3333333333333333,0.44999999999999996,11,15.5,18.666666666666668,18.666666666666668,17.4625,3,1.5,1.0,1.0,1.3499999999999999,1,1.5,1.3333333333333333,1.3333333333333333,1.2475,,,,,,,,,,,0.0,0.0,2.0,2.0,1.8150000000000004,0,0.0,0.0,0.0,0.0,0,0.0,0.0,0.0,0.0,1.4000000000000001,1.7000000000000002,3.966666666666667,3.966666666666667,3.696250000000001,-6.8,1.0,0.5,,,0.0,0.0,1.7425,1.275,2.1212338593974183,0.49103821440649303,0.3191748393642205,-6.8,8.075,3.0,4.168590237853681,1.1479571347978694,1.9776162134316244,4.617917623466724,61.7425,Stable,,,"['Limited recent opportunity', 'Opportunity rising faster than production', 'Recent production is declining']",Shedrick Jackson,WR,,3.2977669184491742,3.05875,3.2977669184491742,7.0,backup,Depth chart: WR7. Higher-ranked teammate is active; recent usage is not treated as a starting role.,healthy_backup,9.572766918449174
00-0039623,Mason Tipton,Mason Tipton,WR,WR,"https://static.www.nfl.com/image/upload/f_auto,q_auto/league/jcloxjivlxbcveled5lr",2026,-1,REG,2025_16_NYJ_NO,NO,LV,0,0,0,0,0,0,0,0,0,0,0,0,,,0,,0,0,0,0,1,12,0,0,0,1,0.6640512136509642,0,1,1,0,0,4,5,29,0,0,0,30,19,2,0.38454445444563,0,1,0,0,0,0.9666666666666667,0.10638297872340426,0.07109004739336493,0.20933750126046183,0,0,0,0,0,0,0,0.0,0.0,0,0,0,0,0,0,0,0,0,0,0,0,0,0,0,0,0,0,0,0,0,0,0,0,0,0,0,0,0,0,0,0,0,,,0,0,0,0,0,0,0,0,0,0,0,0,,,,0,0,0,0,0,0,0,,0,0,0,0,0,0,0,,0,0,0,0,0,0,0,0,0,0,4.1000000000000005,8.100000000000001,0,0,4.1000000000000005,0.0,4.1000000000000005,2025,16,,,,,0.8200000000000001,4.1000000000000005,0.0,0,0,4.1000000000000005,2.1,1.4000000000000001,1.4000000000000001,1.86975,5,3.5,2.3333333333333335,2.3333333333333335,2.745,1,1.0,0.6666666666666666,0.6666666666666666,0.6975,29,17.0,11.333333333333334,11.333333333333334,14.2875,12,4.0,2.6666666666666665,2.6666666666666665,4.409999999999999,4,2.5,1.6666666666666667,1.6666666666666667,2.0475,,,,,,,,,,,0.0,0.0,0.0,0.0,0.0,0,0.0,0.0,0.0,0.0,0,0.0,0.0,0.0,0.0,4.1000000000000005,2.1,1.4000000000000001,1.4000000000000001,1.86975,2.1,3.5,1.0,,,0.0,0.0,3.128625,4.05,0.5976267529665588,0.0,0.0,2.1,1.9499999999999997,3.0,3.09935,1.0005670442304206,2.370123812978086,4.671428014708054,63.128625,Emerging opportunity,,,"['Role is trending upward', 'Recent production is improving']",Mason Tipton,WR,,3.52077591384307,3.1282623,3.52077591384307,6.0,backup,Depth chart: WR6. Higher-ranked teammate is active; recent usage is not treated as a starting role.,healthy_backup,9.52077591384307
00-0036842,Kene Nwangwu,Kene Nwangwu,RB,RB,"https://static.www.nfl.com/image/upload/f_auto,q_auto/league/rlnqgz517fsohrndgjrb",2026,-1,REG,2025_18_NYJ_BUF,NYJ,DET,0,0,0,0,0,0,0,0,0,0,0,0,,,0,,0,0,0,0,7,18,0,0,0,0,-3.4360225875861943,0,0,0,0,0,0,1,0,0,0,0,-6,0,0,-0.847366844303906,0,0,0,0,0,-0.0,0.045454545454545456,-0.0821917808219178,0.010647571606475718,0,0,0,0,0,0,0,0.0,0.0,0,0,0,0,0,0,0,0,0,0,0,0,0,0,0,0,0,0,0,0,0,0,0,0,0,0,0,0,0,0,0,0,0,,,0,0,0,0,0,0,0,0,0,0,0,0,,,,0,0,0,0,0,0,0,,0,0,0,0,0,0,0,,0,0,0,0,0,0,0,0,0,0,1.8,1.8,0,0,1.8,0.0,1.8,2025,18,,,,,1.8,0.2571428571428572,0.0,0,0,1.8,2.45,1.6333333333333335,1.6333333333333335,1.5772499999999998,1,0.5,0.3333333333333333,0.3333333333333333,0.44999999999999996,7,6.5,4.333333333333333,4.333333333333333,4.635,0,0.0,0.0,0.0,0.0,18,24.5,16.333333333333332,16.333333333333332,15.7725,0,0.0,0.0,0.0,0.0,,,,,,,,,,,0.0,0.0,0.0,0.0,0.0,0,0.0,0.0,0.0,0.0,0,0.0,0.0,0.0,0.0,1.8,2.45,1.6333333333333335,1.6333333333333335,1.5772499999999998,2.45,0.5,6.5,,,0.0,0.0,2.99925,4.075,0.5258814703675918,0.0,0.0,2.45,1.625,3.0,3.0259333333333336,0.32431745250602845,3.429198336681831,4.175128477445696,62.99925,Emerging opportunity,,,"['Limited recent opportunity', 'Role is trending upward', 'Recent production is improving']",Kene Nwangwu,RB,,3.8021634070637633,3.1774015,3.8021634070637633,4.0,unavailable,Depth chart: RB4. Player is currently O.,,9.502163407063764
00-0037005,Tommy Tremble,Tommy Tremble,TE,TE,"https://static.www.nfl.com/image/upload/f_auto,q_auto/league/t7wjikfv09d3o1q7wjdx",2026,1,REG,2026_01_CHI_CAR,CAR,CLE,0,0,0,0,0,0,0,0,0,0,0,0,,,0,,0,0,0,0,0,0,0,0,0,0,,0,0,0,0,0,3,5,25,0,0,0,23,9,2,0.5412675604457036,0,2,0,0,0,1.0869565217391304,0.14705882352941177,0.06284153005464481,0.264577306332369,0,0,0,0,0,0,0,0.0,0.0,0,0,0,0,0,0,0,0,0,0,0,0,0,0,0,0,0,0,0,0,0,0,0,0,0,0,0,0,0,0,0,0,0,,,0,0,0,0,0,0,0,0,0,0,0,0,,,,0,0,0,0,0,0,0,,0,0,0,0,0,0,0,,0,0,0,0,0,0,0,0,0,0,2.5,5.5,0,0,2.5,0.0,2.5,2026,1,,,,,0.5,,0.0,0,0,2.5,2.35,4.833333333333333,3.7750000000000004,3.1033500000000007,5,4.0,4.0,3.25,3.7033750000000003,0,0.0,0.0,0.0,0.0,25,23.5,28.333333333333332,22.75,22.866,0,0.0,0.0,0.0,0.0,3,3.0,3.0,2.5,2.6672499999999997,,,,,,,,,,,0.0,0.0,2.0,1.5,0.81675,0,0.0,0.0,0.0,0.0,0,0.0,0.0,0.0,0.0,2.5,2.35,4.833333333333333,3.7750000000000004,3.1033500000000007,-2.85,1.5,0.0,,,0.0,0.0,3.7033750000000003,1.5,0.8379788706247681,0.2631833341389143,0.1710691671902943,-2.85,4.35,4.0,4.161593333333334,0.9118274361839402,2.601030234381728,4.6982333376047904,63.703375,Stable,,,"['Opportunity rising faster than production', 'Recent production is declining']",Tommy Tremble,TE,,3.649631785993259,3.590025,3.649631785993259,1.0,starter,Depth chart: TE1.,,9.499631785993259
00-0033943,Josh Reynolds,Josh Reynolds,WR,WR,"https://static.www.nfl.com/image/upload/f_auto,q_auto/league/lf1fjsagcsvxmktl0bbn",2026,-1,REG,2025_07_CAR_NYJ,NYJ,DET,0,0,0,0,0,0,0,0,0,0,0,0,,,0,,0,0,0,0,0,0,0,0,0,0,,0,0,0,0,0,3,9,29,0,0,0,166,4,1,-7.568258433020674,0,1,0,0,0,0.1746987951807229,0.2903225806451613,0.45231607629427795,0.7521051243737366,0,1,0,0,0,0,0,0.0,0.0,0,0,0,0,0,0,0,0,0,0,0,0,0,0,0,0,0,0,0,0,0,0,0,0,0,0,0,0,0,0,0,0,0,,,0,0,0,0,0,0,0,0,0,0,0,0,,,,0,0,0,0,0,0,0,,0,0,0,0,0,0,0,,0,0,0,0,0,0,0,0,0,0,2.9000000000000004,5.9,0,0,2.9000000000000004,0.0,2.9000000000000004,2025,7,,,,,0.32222222222222224,,0.0,0,0,2.9000000000000004,2.7,2.766666666666667,2.766666666666667,2.801,9,6.0,5.333333333333333,5.333333333333333,6.0024999999999995,0,0.0,0.0,0.0,0.0,29,27.0,27.666666666666668,27.666666666666668,28.009999999999998,0,0.0,0.0,0.0,0.0,3,3.0,3.0,3.0,3.0,,,,,,,,,,,0.0,0.0,0.0,0.0,0.0,0,0.0,0.0,0.0,0.0,0,0.0,0.0,0.0,0.0,2.9000000000000004,2.7,2.766666666666667,2.766666666666667,2.801,-0.20000000000000018,2.0,0.0,,,0.0,0.0,6.0024999999999995,2.0,0.4666389004581425,0.0,0.0,-0.20000000000000018,2.2,3.0,3.4872666666666667,0.06536176252213526,5.19665241231187,5.346984466112781,66.0025,Stable,,,"['Role is trending upward', 'Opportunity rising faster than production']",Josh Reynolds,WR,,5.271818439212326,4.92924,5.271818439212326,,,,,9.471818439212326
00-0039798,Isaiah Davis,Isaiah Davis,RB,RB,"https://static.www.nfl.com/image/upload/f_auto,q_auto/league/x6r9a5xhtaklbvnqmtw7",2026,-1,REG,2025_17_NE_NYJ,NYJ,DET,0,0,0,0,0,0,0,0,0,0,0,0,,,0,,0,0,0,0,3,11,0,0,0,0,-3.588962543522939,0,1,1,0,0,1,1,9,0,0,0,-5,14,0,-0.9135259171016514,0,0,0,0,0,-1.8,0.03125,-0.03333333333333333,0.02354166666666667,0,1,0,0,0,0,0,0.0,0.0,0,0,0,0,0,0,0,0,0,0,0,0,0,0,0,0,0,0,0,0,0,0,0,0,0,0,0,0,0,0,0,0,0,,,0,0,0,0,0,0,0,0,0,0,0,0,,,,0,0,0,0,0,0,0,,0,0,0,0,0,0,0,,0,0,0,0,0,0,0,0,0,0,2.0,3.0,0,0,2.0,0.0,2.0,2025,17,,,,,2.0,0.6666666666666666,0.0,0,0,2.0,4.0,6.833333333333333,6.833333333333333,6.166250000000002,1,2.5,2.0,2.0,1.7425,3,3.0,5.0,5.0,4.815,9,30.5,22.666666666666668,22.666666666666668,19.0375,11,9.5,25.666666666666668,25.666666666666668,24.475,1,2.5,2.0,2.0,1.7425,,,,,,,,,,,0.0,0.0,2.0,2.0,1.8150000000000004,0,0.0,0.0,0.0,0.0,0,0.0,0.0,0.0,0.0,2.0,4.0,6.833333333333333,6.833333333333333,6.166250000000002,-8.5,1.5,-6.0,,,0.0,0.0,4.390750000000001,-1.8000000000000003,1.4043728292432958,0.29434421244678693,0.1913237380904115,-8.5,6.699999999999999,3.0,5.803083333333334,1.8943923168129668,4.016048855700661,8.373151184370485,64.39075,Downtrend confirmed,,,"['Opportunity rising faster than production', 'Recent production is declining']",Isaiah Davis,RB,,6.194600020035573,5.7152,6.194600020035573,3.0,backup,Depth chart: RB3. Higher-ranked teammate is active; recent usage is not treated as a starting role.,healthy_backup,9.394600020035572
00-0039391,Kimani Vidal,Kimani Vidal,RB,RB,"https://static.www.nfl.com/image/upload/f_auto,q_auto/league/tqdctdun0bv60d5ziwtl",2026,-1,POST,2025_19_LAC_NE,LAC,BUF,0,0,0,0,0,0,0,0,0,0,0,0,,,0,,0,0,0,0,11,31,0,0,0,2,-2.6737583479419165,0,1,0,0,0,2,3,20,0,0,0,29,17,0,-0.5314652745146304,0,1,0,0,0,0.6896551724137931,0.1,0.12033195020746888,0.23423236514522822,0,0,0,0,0,0,0,0.0,0.0,0,0,0,0,0,0,0,0,0,0,0,0,0,1,13,0,0,0,0,0,0,0,0,0,0,0,0,0,0,0,0,0,0,,,0,0,0,0,0,0,0,0,0,0,0,0,,,,0,0,0,0,0,0,0,,0,0,0,0,0,0,0,,0,0,0,0,0,0,0,0,0,0,5.1000000000000005,7.1000000000000005,0,0,5.1,0.0,5.1,2025,19,,,,,1.7,0.4636363636363636,0.0,0,0,5.1,3.05,2.4,2.4,2.8752499999999994,3,2.0,1.3333333333333333,1.3333333333333333,1.5975,11,7.0,6.333333333333333,6.333333333333333,7.204999999999999,20,9.0,6.0,6.0,8.505,31,21.5,18.0,18.0,20.2475,2,1.5,1.0,1.0,1.1475,,,,,,,,,,,0.0,0.0,0.0,0.0,0.0,0,0.0,0.0,0.0,0.0,0,0.0,0.0,0.0,0.0,5.1,3.05,2.4,2.4,2.8752499999999994,1.9499999999999997,2.0,2.0,,,0.0,0.0,5.56025,3.1,0.5171080437030708,0.0,0.0,1.9499999999999997,1.1500000000000004,3.0,3.7701499999999992,1.0011848031207824,3.9784764096224605,6.281201456800259,65.56025,Emerging opportunity,,,['Role is trending upward'],Kimani Vidal,RB,,5.12983893321136,4.9136066,5.12983893321136,3.0,backup,Depth chart: RB3. Higher-ranked teammate is active; recent usage is not treated as a starting role.,healthy_backup,9.37983893321136
00-0037837,Calvin Austin III,Calvin Austin III,WR,WR,"https://static.www.nfl.com/image/private/f_auto,q_auto/league/qlt6ztqcbu0uzad6aavt",2026,-1,POST,2025_19_HOU_PIT,PIT,CIN,0,0,0,0,0,0,0,0,0,0,0,0,,,0,,0,0,0,0,0,0,0,0,0,0,,0,0,0,0,0,3,6,8,0,0,0,107,3,1,-1.591406108578667,0,0,0,0,0,0.07476635514018691,0.1935483870967742,0.3689655172413793,0.5485984427141268,0,0,0,0,0,0,0,0.0,0.0,0,0,0,0,0,0,0,0,0,0,0,0,0,0,0,0,0,0,0,0,0,0,0,0,0,1,14,0,0,0,0,0,0,,,0,0,0,0,0,0,0,0,0,0,0,0,,,,0,0,0,0,0,0,0,,0,0,0,0,0,0,0,,0,0,0,0,0,0,0,0,0,0,0.8,3.8,0,0,0.8,0.0,0.8,2025,19,,,,,0.13333333333333333,,0.0,0,0,0.8,6.15,4.366666666666667,4.366666666666667,3.4482500000000003,6,6.5,4.666666666666667,4.666666666666667,4.734999999999999,0,0.0,0.0,0.0,0.0,8,31.5,23.666666666666668,23.666666666666668,19.6325,0,0.0,0.0,0.0,0.0,3,3.0,2.3333333333333335,2.3333333333333335,2.3949999999999996,,,,,,,,,,,0.0,3.0,2.0,2.0,1.4849999999999999,0,0.0,0.0,0.0,0.0,0,0.0,0.0,0.0,0.0,0.8,6.15,4.366666666666667,4.366666666666667,3.4482500000000003,5.3500000000000005,5.5,0.0,,,0.0,0.0,4.734999999999999,5.5,0.7282470960929252,0.43065322989922417,0.2799245994344957,5.3500000000000005,0.14999999999999947,3.0,5.740616666666667,1.7484271474671171,2.1556219862679535,6.177004425442322,64.735,Momentum confirmed,,,"['Role is trending upward', 'Recent production is improving']",Calvin Austin III,WR,,4.166313205855138,4.447598,4.166313205855138,5.0,backup,Depth chart: WR5. Higher-ranked teammate is active; recent usage is not treated as a starting role.,healthy_backup,9.316313205855138
00-0036906,Khalil Herbert,Khalil Herbert,RB,RB,"https://static.www.nfl.com/image/upload/f_auto,q_auto/league/gjwksf9ygntjmtceeerh",2026,-1,REG,2025_18_NYJ_BUF,NYJ,DET,0,0,0,0,0,0,0,0,0,0,0,0,,,0,,0,0,0,0,12,42,0,0,0,2,-1.315506933053257,0,0,0,0,0,1,2,4,0,0,0,-6,9,0,-3.22022859682329,0,0,0,0,0,-0.6666666666666666,0.09090909090909091,-0.0821917808219178,0.0788293897882939,0,0,0,0,0,0,0,0.0,0.0,0,0,0,0,0,0,0,0,0,0,0,0,0,0,0,0,0,0,0,0,0,0,0,0,0,0,0,0,0,0,0,0,0,,,0,0,0,0,0,0,0,0,0,0,0,0,,,,0,0,0,0,0,0,0,,0,0,0,0,0,0,0,,0,0,0,0,0,0,0,0,0,0,4.6000000000000005,5.6000000000000005,0,0,4.6000000000000005,0.0,4.6000000000000005,2025,18,,,,,2.3000000000000003,0.38333333333333336,0.0,0,0,4.6000000000000005,2.5500000000000003,1.866666666666667,1.866666666666667,2.3449999999999998,2,1.5,1.3333333333333333,1.3333333333333333,1.45,12,7.0,5.333333333333333,5.333333333333333,6.5,4,2.0,1.3333333333333333,1.3333333333333333,1.7999999999999998,42,23.5,17.333333333333332,17.333333333333332,21.65,1,0.5,0.3333333333333333,0.3333333333333333,0.44999999999999996,,,,,,,,,,,0.0,0.0,0.0,0.0,0.0,0,0.0,0.0,0.0,0.0,0,0.0,0.0,0.0,0.0,4.6000000000000005,2.5500000000000003,1.866666666666667,1.866666666666667,2.3449999999999998,2.0500000000000003,0.5,5.0,,,0.0,0.0,5.025,3.25,0.46666666666666656,0.0,0.0,2.0500000000000003,1.1999999999999997,3.0,3.2911666666666664,1.0131784969425017,3.679858853382857,6.01016939635061,65.025,Emerging opportunity,,,"['Role is trending upward', 'Recent production is improving']",Khalil Herbert,RB,,4.845014124866734,4.3843246,4.845014124866734,5.0,backup,Depth chart: RB5. Higher-ranked teammate is active; recent usage is not treated as a starting role.,healthy_backup,9.295014124866732
00-0040170,Elic Ayomanor,Elic Ayomanor,WR,WR,"https://static.www.nfl.com/image/upload/f_auto,q_auto/league/jjmscqt6v4ecasveugoh",2026,1,REG,2026_01_NYJ_TEN,TEN,NYG,0,0,0,0,0,0,0,0,0,0,0,0,,,0,,0,0,0,0,0,0,0,0,0,0,,0,0,0,0,0,1,3,11,1,0,0,41,0,1,1.2419529404432978,0,1,0,0,0,0.2682926829268293,0.10714285714285714,0.21578947368421053,0.311766917293233,0,0,0,0,0,0,0,0.0,0.0,0,0,0,0,0,0,0,0,0,0,0,0,0,0,0,0,0,0,0,0,0,0,0,0,0,0,0,0,0,0,0,0,0,,,0,0,0,0,0,0,0,0,0,0,0,0,,,,0,0,0,0,0,0,0,,0,0,0,0,0,0,0,,0,0,0,0,0,0,0,0,0,0,7.1,8.1,0,0,7.1,6.0,1.0999999999999996,2026,1,,,,,2.3666666666666667,,0.8450704225352114,0,0,7.1,6.05,7.266666666666666,6.9,6.7178875,3,6.5,6.666666666666667,6.0,5.443375,0,0.0,0.0,0.0,0.0,11,30.5,32.666666666666664,39.0,32.011375,0,0.0,0.0,0.0,0.0,1,2.0,2.6666666666666665,2.75,2.2361250000000004,,,,,,,,,,,6.0,3.0,4.0,3.0,3.5167499999999996,0,0.0,0.0,0.0,0.0,0,0.0,0.0,0.0,0.0,7.1,6.05,7.266666666666666,6.9,6.7178875,-1.7000000000000002,1.0,0.0,,,0.0,0.0,5.443375,1.0,1.2341401244632237,0.523490457379645,0.34026879729676923,-1.7000000000000002,2.7,4.0,7.085418251907376,0.4211368999143204,5.079703944868255,6.048318814671193,65.443375,Stable,,,['Opportunity rising faster than production'],Elic Ayomanor,WR,,5.564011379769724,6.150826,5.564011379769724,5.0,backup,Depth chart: WR5. Higher-ranked teammate is active; recent usage is not treated as a starting role.,healthy_backup,9.264011379769723
00-0034775,Christian Kirk,Christian Kirk,WR,WR,"https://static.www.nfl.com/image/upload/f_auto,q_auto/league/ffp75mtwnqgrv0qz0txz",2026,-1,POST,2025_20_HOU_NE,HOU,IND,0,0,0,0,0,0,0,0,0,0,0,0,,,0,,0,0,0,0,0,0,0,0,0,0,,0,0,0,0,0,2,6,20,1,0,0,51,3,2,-2.7195517832478497,0,2,0,0,0,0.39215686274509803,0.13333333333333333,0.1223021582733813,0.28561151079136693,0,1,0,0,0,0,0,0.0,0.0,0,0,0,0,0,0,0,0,0,0,0,0,0,0,0,0,0,0,0,0,0,0,0,0,0,0,0,0,0,0,0,0,0,,,0,0,0,0,0,0,0,0,0,0,0,0,,,,0,0,0,0,0,0,0,,0,0,0,0,0,0,0,,0,0,0,0,0,0,0,0,0,0,8.0,10.0,0,0,8.0,6.0,2.0,2025,20,,,,,1.3333333333333333,,0.75,0,0,8.0,14.2,9.366666666666665,9.366666666666665,8.558249999999997,6,7.5,5.666666666666667,5.666666666666667,5.532500000000001,0,0.0,0.0,0.0,0.0,20,82.0,53.666666666666664,53.666666666666664,43.7325,0,0.0,0.0,0.0,0.0,2,5.0,3.6666666666666665,3.6666666666666665,3.1824999999999997,,,,,,,,,,,6.0,6.0,4.0,4.0,4.185,0,0.0,0.0,0.0,0.0,0,0.0,0.0,0.0,0.0,8.0,14.2,9.366666666666665,9.366666666666665,8.558249999999997,14.5,5.5,0.0,,,0.0,0.0,5.532500000000001,5.5,1.5469046543154084,0.4890018403295067,0.3178511962141794,14.5,-9.0,3.0,10.72861298600765,2.2122010660576645,3.3530418614045545,8.441104313337183,65.32029893394234,Momentum confirmed,,,"['Role is trending upward', 'Recent production is improving']",Christian Kirk,WR,,5.8970730873708685,7.4456944,5.8970730873708685,7.0,backup,Depth chart: WR7. Higher-ranked teammate is active; recent usage is not treated as a starting role.,healthy_backup,8.897073087370869
00-0036755,Jaret Patterson,Jaret Patterson,RB,RB,"https://static.www.nfl.com/image/upload/f_auto,q_auto/league/thg0iebj03kg0nuykglu",2026,-1,POST,2025_19_LAC_NE,LAC,BUF,0,0,0,0,0,0,0,0,0,0,0,0,,,0,,0,0,0,0,0,0,0,0,0,0,,0,0,0,0,0,0,0,0,0,0,0,0,0,0,,0,0,0,0,0,,0.0,0.0,0.0,0,0,0,0,0,0,0,0.0,0.0,0,0,0,0,0,0,0,0,0,0,0,0,0,0,0,0,0,0,0,0,0,0,0,0,0,0,0,1,28,0,0,0,0,,,0,0,0,0,0,0,0,0,0,0,0,0,,,,0,0,0,0,0,0,0,,0,0,0,0,0,0,0,,0,0,0,0,0,0,0,0,0,0,0.0,0.0,0,0,0.0,0.0,0.0,2025,19,,,,,,,,0,0,0.0,1.85,1.2666666666666668,1.2666666666666668,0.946,0,2.0,1.3333333333333333,1.3333333333333333,0.99,0,4.0,3.0,3.0,2.2824999999999998,0,4.0,2.6666666666666665,2.6666666666666665,1.98,0,14.5,10.0,10.0,7.48,0,1.5,1.0,1.0,0.7424999999999999,,,,,,,,,,,0.0,0.0,0.0,0.0,0.0,0,0.0,0.0,0.0,0.0,0,0.0,0.0,0.0,0.0,0.0,1.85,1.2666666666666668,1.2666666666666668,0.946,1.75,2.0,3.0,,,0.0,0.0,2.245375,3.6500000000000004,0.42131047152480094,0.0,0.0,1.75,1.9000000000000004,3.0,2.351766666666667,0.6076094359592078,2.569901726255946,3.9674034289621236,62.245375,Emerging opportunity,,,"['Limited recent opportunity', 'Role is trending upward']",Jaret Patterson,RB,,3.2686525776090347,2.6120515,3.2686525776090347,4.0,backup,Depth chart: RB4. Higher-ranked teammate is active; recent usage is not treated as a starting role.,healthy_backup,8.818652577609036
00-0040179,DJ Giddens,DJ Giddens,RB,RB,"https://static.www.nfl.com/image/upload/f_auto,q_auto/league/y2vrgvb9kbvfpmyb3yzu",2026,-1,REG,2025_18_IND_HOU,IND,HOU,0,0,0,0,0,0,0,0,0,0,0,0,,,0,,0,0,0,0,8,30,0,0,0,2,-0.3113991054124199,0,0,0,0,0,0,0,0,0,0,0,0,0,0,,0,0,0,0,0,,0.0,0.0,0.0,0,0,0,0,0,0,0,0.0,0.0,0,0,0,0,0,0,0,0,0,0,0,0,0,0,0,0,0,0,0,0,0,0,0,0,0,0,0,0,0,0,0,0,0,,,0,0,0,0,0,0,0,0,0,0,0,0,,,,0,0,0,0,0,0,0,,0,0,0,0,0,0,0,,0,0,0,0,0,0,0,0,0,0,3.0,3.0,0,0,3.0,0.0,3.0,2025,18,,,,,,0.375,0.0,0,0,3.0,2.6,1.8333333333333333,1.8333333333333333,1.98525,0,0.5,0.3333333333333333,0.3333333333333333,0.2475,8,6.5,4.666666666666667,4.666666666666667,5.14,0,0.0,0.0,0.0,0.0,30,26.0,18.333333333333332,18.333333333333332,19.8525,0,0.0,0.0,0.0,0.0,,,,,,,,,,,0.0,0.0,0.0,0.0,0.0,0,0.0,0.0,0.0,0.0,0,0.0,0.0,0.0,0.0,3.0,2.6,1.8333333333333333,1.8333333333333333,1.98525,2.3,0.5,5.5,,,0.0,0.0,3.0745,3.5250000000000004,0.6457147503659132,0.0,0.0,2.3,1.2250000000000005,3.0,3.1582333333333334,0.4695346739059854,3.461368643746066,4.541298393729832,63.0745,Emerging opportunity,,,"['Role is trending upward', 'Recent production is improving']",DJ Giddens,RB,,4.001333518737949,3.6939154,4.001333518737949,3.0,backup,Depth chart: RB3. Higher-ranked teammate is active; recent usage is not treated as a starting role.,healthy_backup,8.751333518737951
00-0036309,Darnell Mooney,Darnell Mooney,WR,WR,"https://static.www.nfl.com/image/upload/f_auto,q_auto/league/eaejonwaflt9drrs9ika",2026,1,REG,2026_01_DAL_NYG,NYG,TEN,0,0,0,0,0,0,0,0,0,0,0,0,,,0,,0,0,0,0,0,0,0,0,0,0,,0,0,0,0,0,2,2,27,0,0,0,25,2,2,2.4331529657938518,0,1,1,0,0,1.08,0.06896551724137931,0.10204081632653061,0.1748768472906404,0,0,0,0,0,0,0,0.0,0.0,0,0,0,0,0,0,0,0,0,0,0,0,0,0,0,0,0,0,0,0,0,0,0,0,0,0,0,0,0,0,0,0,0,,,0,0,0,0,0,0,0,0,0,0,0,0,,,,0,0,0,0,0,0,0,,0,0,0,0,0,0,0,,0,0,0,0,0,0,0,0,0,0,2.7,4.7,0,0,2.7,0.0,2.7,2026,1,,,,,1.35,,0.0,0,0,2.7,2.35,2.733333333333333,2.6500000000000004,2.5857375,2,4.5,4.0,3.5,3.373625,0,0.0,0.0,0.0,0.0,27,23.5,27.333333333333332,26.5,25.857374999999998,0,0.0,0.0,0.0,0.0,2,2.5,2.3333333333333335,2.25,2.2475,,,,,,,,,,,0.0,0.0,0.0,0.0,0.0,0,0.0,0.0,0.0,0.0,0,0.0,0.0,0.0,0.0,2.7,2.35,2.733333333333333,2.6500000000000004,2.5857375,-0.6000000000000001,2.0,0.0,,,0.0,0.0,3.373625,2.0,0.7664567045833488,0.0,0.0,-0.6000000000000001,2.6,4.0,3.332275833333333,0.1363146781144438,3.908166765813893,4.221690525477114,63.373625,Stable,,,"['Role is trending upward', 'Opportunity rising faster than production']",Darnell Mooney,WR,,4.064928645645503,3.6176956,4.064928645645503,3.0,backup,Depth chart: WR3. Higher-ranked teammate is active; recent usage is not treated as a starting role.,healthy_backup,8.664928645645503
00-0035645,Gunner Olszewski,Gunner Olszewski,WR,WR,"https://static.www.nfl.com/image/upload/f_auto,q_auto/league/q6fs5e2eotgeh47xeo74",2026,-1,REG,2025_18_DAL_NYG,NYG,TEN,0,1,0,0,0,0,0,0,0,10,0,0,-0.7953754095360637,-40.1179313659668,0,0.0,0,0,0,0,0,0,0,0,0,0,,0,0,0,0,0,8,9,102,0,0,0,76,57,5,6.588854689383879,0,4,2,2,0,1.3421052631578947,0.28125,0.41304347826086957,0.7110054347826087,0,0,0,0,0,0,0,0.0,0.0,0,0,0,0,0,0,0,0,0,0,0,0,0,0,0,0,0,0,0,0,0,0,0,0,0,2,27,0,0,0,0,0,0,,,0,0,0,0,0,0,0,0,0,0,0,0,,,,0,0,0,0,0,0,0,,0,0,0,0,0,0,0,,0,0,0,0,0,0,0,0,0,0,10.200000000000001,18.200000000000003,0,0,10.200000000000001,0.0,10.200000000000001,2025,18,,,,,1.1333333333333335,,0.0,0,0,10.200000000000001,6.050000000000001,4.033333333333334,4.033333333333334,5.06025,9,5.0,3.3333333333333335,3.3333333333333335,4.297499999999999,0,0.0,0.0,0.0,0.0,102,60.5,40.333333333333336,40.333333333333336,50.6025,0,0.0,0.0,0.0,0.0,8,4.5,3.0,3.0,3.8474999999999997,,,,,,,,,,,0.0,0.0,0.0,0.0,0.0,0,0.0,0.0,0.0,0.0,0,0.0,0.0,0.0,0.0,10.200000000000001,6.050000000000001,4.033333333333334,4.033333333333334,5.06025,6.050000000000001,5.0,0.0,,,0.0,0.0,4.297499999999999,5.0,1.1774869109947645,0.0,0.0,6.050000000000001,-1.0500000000000007,3.0,6.399483333333333,2.2883854155277255,2.0754241876748516,7.33871064338862,64.00911458447227,Momentum confirmed,,,"['Role is trending upward', 'Recent production is improving']",Gunner Olszewski,WR,,4.707067415531736,4.3877277,4.707067415531736,6.0,backup,Depth chart: WR6. Higher-ranked teammate is active; recent usage is not treated as a starting role.,healthy_backup,8.657067415531735
00-0034791,Nick Chubb,Nick Chubb,RB,RB,"https://static.www.nfl.com/image/upload/f_auto,q_auto/league/h5y74trx6l8ivpkbmrkt",2026,-1,POST,2025_20_HOU_NE,HOU,IND,0,0,0,0,0,0,0,0,0,0,0,0,,,0,,0,0,0,0,4,14,0,0,0,1,2.2673267556820065,0,0,0,0,0,0,1,0,0,0,0,9,0,0,-0.5907979349140078,0,0,0,0,0,0.0,0.022222222222222223,0.02158273381294964,0.04844124700239808,0,0,0,0,0,0,0,0.0,0.0,0,0,0,0,0,0,0,0,0,0,0,0,0,0,0,0,0,0,0,0,0,0,0,0,0,0,0,0,0,0,0,0,0,,,0,0,0,0,0,0,0,0,0,0,0,0,,,,0,0,0,0,0,0,0,,0,0,0,0,0,0,0,,0,0,0,0,0,0,0,0,0,0,1.4000000000000001,1.4000000000000001,0,0,1.4000000000000001,0.0,1.4000000000000001,2025,20,,,,,1.4000000000000001,0.35000000000000003,0.0,0,0,1.4000000000000001,3.1000000000000005,2.1,2.1,1.8482500000000002,1,0.5,0.3333333333333333,0.3333333333333333,0.44999999999999996,4,7.0,5.0,5.0,4.577500000000001,0,0.0,0.0,0.0,0.0,14,31.0,21.0,21.0,18.4825,0,0.0,0.0,0.0,0.0,,,,,,,,,,,0.0,0.0,0.0,0.0,0.0,0,0.0,0.0,0.0,0.0,0,0.0,0.0,0.0,0.0,1.4000000000000001,3.1000000000000005,2.1,2.1,1.8482500000000002,3.0000000000000004,0.5,6.0,,,0.0,0.0,2.967625000000001,3.8000000000000003,0.6228044311528578,0.0,0.0,3.0000000000000004,0.7999999999999998,3.0,3.27895,0.5572992822532613,3.3394553348378313,4.621243684020332,62.967625,Momentum confirmed,,,"['Limited recent opportunity', 'Role is trending upward', 'Recent production is improving']",Nick Chubb,RB,,3.9803495094290815,3.8865159,3.9803495094290815,,,,,8.58034950942908
00-0040584,Gunnar Helm,Gunnar Helm,TE,TE,"https://static.www.nfl.com/image/upload/f_auto,q_auto/league/hewm6ztgka7xkbl6ybvb",2026,1,REG,2026_01_NYJ_TEN,TEN,NYG,0,0,0,0,0,0,0,0,0,0,0,0,,,0,,0,0,0,0,0,0,0,0,0,0,,0,0,0,0,0,4,5,28,0,0,0,17,22,1,-0.8616130361333489,0,2,0,0,0,1.6470588235294117,0.17857142857142858,0.08947368421052632,0.3304887218045113,0,0,0,0,0,0,0,0.0,0.0,0,0,0,0,0,0,0,0,0,0,0,0,0,0,0,0,0,0,0,0,0,0,0,0,0,0,0,0,0,0,0,0,0,,,0,0,0,0,0,0,0,0,0,0,0,0,,,,0,0,0,0,0,0,0,,0,0,0,0,0,0,0,,0,0,0,0,0,0,0,0,0,0,2.8000000000000003,6.800000000000001,0,0,2.8000000000000003,0.0,2.8000000000000003,2026,1,,,,,0.56,,0.0,0,0,2.8000000000000003,1.4500000000000002,1.2666666666666668,3.6750000000000003,3.2207500000000007,5,3.5,3.3333333333333335,3.5,3.8188750000000002,0,0.0,0.0,0.0,0.0,28,14.5,12.666666666666666,21.75,22.225,0,0.0,0.0,0.0,0.0,4,2.5,2.3333333333333335,2.75,2.9852499999999997,,,,,,,,,,,0.0,0.0,0.0,1.5,0.9982500000000003,0,0.0,0.0,0.0,0.0,0,0.0,0.0,0.0,0.0,2.8000000000000003,1.4500000000000002,1.2666666666666668,3.6750000000000003,3.2207500000000007,-4.45,0.0,0.0,,,0.0,0.0,3.8188750000000002,0.0,0.8433766488821971,0.30994333617946135,0.2014631685166499,-4.45,4.45,4.0,2.800366666666667,0.9604355788448861,2.9901363193724584,5.1991381507156955,63.818875,Stable,,,"['Opportunity rising faster than production', 'Recent production is declining']",Gunnar Helm,TE,,4.094637235044077,3.767418,4.094637235044077,1.0,starter,Depth chart: TE1.,,8.544637235044078
00-0033923,Kareem Hunt,Kareem Hunt,RB,RB,"https://static.www.nfl.com/image/upload/f_auto,q_auto/league/hktvzf8hiupoycyg1kmc",2026,-1,REG,2025_18_KC_LV,KC,MIA,0,0,0,0,0,0,0,0,0,0,0,0,,,0,,0,0,0,0,5,14,0,0,0,1,0.4445188006502576,0,0,0,0,0,3,4,21,0,0,0,-4,21,0,-2.0462959089759423,0,1,0,0,0,-5.25,0.13333333333333333,-0.017937219730941704,0.18744394618834082,0,0,0,0,0,0,0,0.0,0.0,0,0,0,0,0,0,0,0,0,0,0,0,0,0,0,0,0,0,0,0,0,0,0,0,0,0,0,0,0,0,0,0,0,,,0,0,0,0,0,0,0,0,0,0,0,0,,,,0,0,0,0,0,0,0,,0,0,0,0,0,0,0,,0,0,0,0,0,0,0,0,0,0,3.5,6.5,0,0,3.5,0.0,3.5,2025,18,,,,,0.875,0.7,0.0,0,0,3.5,3.6500000000000004,2.5,2.5,2.5759999999999996,4,2.0,1.3333333333333333,1.3333333333333333,1.7999999999999998,5,6.0,5.0,5.0,4.890000000000001,21,10.5,7.0,7.0,9.45,14,26.0,18.0,18.0,16.31,3,1.5,1.0,1.0,1.3499999999999999,,,,,,,,,,,0.0,0.0,0.0,0.0,0.0,0,0.0,0.0,0.0,0.0,0,0.0,0.0,0.0,0.0,3.5,3.6500000000000004,2.5,2.5,2.5759999999999996,3.45,2.0,3.0,,,0.0,0.0,4.4895000000000005,3.6500000000000004,0.573783272079296,0.0,0.0,3.45,0.20000000000000018,3.0,3.8231,0.5171577708978181,4.073610483685882,5.263073356750863,64.4895,Momentum confirmed,,,"['Role is trending upward', 'Recent production is improving']",Kareem Hunt,RB,,4.6683419202183725,4.72273,4.6683419202183725,,,,,8.518341920218372
00-0036893,Najee Harris,Najee Harris,RB,RB,"https://static.www.nfl.com/image/upload/f_auto,q_auto/league/grfxgbvqnzz40r7rdtvk",2026,-1,REG,2025_03_DEN_LAC,LAC,BUF,0,0,0,0,0,0,0,0,0,0,0,0,,,0,,0,0,0,0,6,28,0,0,0,1,0.3691096669062972,0,0,0,0,0,0,0,0,0,0,0,0,0,0,,0,0,0,0,0,,0.0,0.0,0.0,0,0,0,0,0,0,0,0.0,0.0,0,0,0,0,0,0,0,0,0,0,0,0,0,0,0,0,0,0,0,0,0,0,0,0,0,0,0,0,0,0,0,0,0,,,0,0,0,0,0,0,0,0,0,0,0,0,,,,0,0,0,0,0,0,0,,0,0,0,0,0,0,0,,0,0,0,0,0,0,0,0,0,0,2.8000000000000003,2.8000000000000003,0,0,2.8000000000000003,0.0,2.8000000000000003,2025,3,,,,,,0.46666666666666673,0.0,0,0,2.8000000000000003,3.8000000000000007,2.866666666666667,2.866666666666667,2.7505,0,1.0,1.0,1.0,0.7975,6,7.0,5.0,5.0,4.9825,0,10.0,8.333333333333334,8.333333333333334,6.4625,28,28.0,20.333333333333332,20.333333333333332,21.042499999999997,0,1.0,1.0,1.0,0.7975,,,,,,,,,,,0.0,0.0,0.0,0.0,0.0,0,0.0,0.0,0.0,0.0,0,0.0,0.0,0.0,0.0,2.8000000000000003,3.8000000000000007,2.866666666666667,2.866666666666667,2.7505,2.8000000000000007,0.0,6.0,,,0.0,0.0,3.537875,3.3000000000000003,0.7774440871992369,0.0,0.0,2.8000000000000007,0.49999999999999956,3.0,3.9519666666666673,0.3940558843615967,4.105243699806016,5.011572233837688,63.537875,Momentum confirmed,,,"['Role is trending upward', 'Recent production is improving']",Najee Harris,RB,,4.558407966821852,4.188547,4.558407966821852,4.0,backup,Depth chart: RB4. Higher-ranked teammate is active; recent usage is not treated as a starting role.,healthy_backup,8.358407966821852
00-0033282,Curtis Samuel,Curtis Samuel,WR,WR,"https://static.www.nfl.com/image/upload/f_auto,q_auto/league/vyibrxegz375ntjby5zs",2026,-1,POST,2025_20_BUF_DEN,BUF,LAC,0,0,0,0,0,0,0,0,0,0,0,0,,,0,,0,0,0,0,0,0,0,0,0,0,,0,0,0,0,0,1,3,2,0,0,0,40,2,0,-5.9742125714547,0,0,0,0,0,0.05,0.07692307692307693,0.1111111111111111,0.19316239316239314,0,0,0,0,0,0,0,0.0,0.0,0,0,0,0,0,0,0,0,0,0,0,0,0,0,0,0,0,0,0,0,0,0,0,0,0,0,0,0,0,0,0,0,0,,,0,0,0,0,0,0,0,0,0,0,0,0,,,,0,0,0,0,0,0,0,,0,0,0,0,0,0,0,,0,0,0,0,0,0,0,0,0,0,0.2,1.2,0,0,0.2,0.0,0.2,2025,20,,,,,0.06666666666666667,,0.0,0,0,0.2,1.05,1.4000000000000001,1.4000000000000001,1.1955000000000002,3,3.0,2.3333333333333335,2.3333333333333335,2.3949999999999996,0,0.0,0.0,0.0,0.0,2,10.5,14.0,14.0,11.955000000000002,0,0.0,0.0,0.0,0.0,1,1.5,1.3333333333333333,1.3333333333333333,1.2475,,,,,,,,,,,0.0,0.0,0.0,0.0,0.0,0,0.0,0.0,0.0,0.0,0,0.0,0.0,0.0,0.0,0.2,1.05,1.4000000000000001,1.4000000000000001,1.1955000000000002,-1.05,2.0,0.0,,,0.0,0.0,2.3949999999999996,2.0,0.49916492693110665,0.0,0.0,-1.05,3.05,3.0,1.9773,0.44467205893782,2.786572530457846,3.8093182660148326,62.394999999999996,Stable,,,"['Limited recent opportunity', 'Role is trending upward', 'Opportunity rising faster than production']",Curtis Samuel,WR,,3.2979453982363394,2.5037472,3.2979453982363394,,,,,8.34794539823634
00-0037475,Stone Smartt,Stone Smartt,TE,TE,"https://static.www.nfl.com/image/upload/f_auto,q_auto/league/g8mtiyojkmj8vwzmg0ez",2026,-1,REG,2025_17_NE_NYJ,NYJ,DET,0,0,0,0,0,0,0,0,0,0,0,0,,,0,,0,0,0,0,0,0,0,0,0,0,,0,0,0,0,0,2,3,18,0,0,0,11,8,2,2.295316007337533,0,1,0,0,0,1.6363636363636365,0.09375,0.07333333333333333,0.19195833333333334,0,0,0,0,0,0,0,0.0,0.0,0,0,0,0,0,0,0,0,0,0,0,0,0,0,0,0,0,0,0,0,0,0,0,0,0,0,0,0,0,0,0,0,0,,,0,0,0,0,0,0,0,0,0,0,0,0,,,,0,0,0,0,0,0,0,,0,0,0,0,0,0,0,,0,0,0,0,0,0,0,0,0,0,1.8,3.8,0,0,1.8,0.0,1.8,2025,17,,,,,0.6,,0.0,0,0,1.8,2.6,1.7333333333333334,1.7333333333333334,1.6515,3,4.0,2.6666666666666665,2.6666666666666665,2.5875,0,0.0,0.0,0.0,0.0,18,26.0,17.333333333333332,17.333333333333332,16.515,0,0.0,0.0,0.0,0.0,2,3.5,2.3333333333333335,2.3333333333333335,2.1375,,,,,,,,,,,0.0,0.0,0.0,0.0,0.0,0,0.0,0.0,0.0,0.0,0,0.0,0.0,0.0,0.0,1.8,2.6,1.7333333333333334,1.7333333333333334,1.6515,2.6,4.0,0.0,,,0.0,0.0,2.5875,4.0,0.6382608695652174,0.0,0.0,2.6,1.4,3.0,3.0842333333333336,0.35135218798237194,2.4683071839745288,3.2764172163339844,62.5875,Emerging opportunity,,,"['Limited recent opportunity', 'Role is trending upward', 'Recent production is improving']",Stone Smartt,TE,,2.8723622001542566,2.757444,2.8723622001542566,6.0,backup,Depth chart: TE6. Higher-ranked teammate is active; recent usage is not treated as a starting role.,healthy_backup,8.272362200154257
00-0036924,Michael Carter,Michael Carter,RB,RB,"https://static.www.nfl.com/image/upload/f_auto,q_auto/league/cwqrxzouk4gkhfziyqre",2026,-1,REG,2025_18_ARI_LA,ARI,SF,0,0,0,0,0,0,0,0,0,0,0,0,,,0,,0,0,0,0,7,18,0,0,0,1,-1.2143523258855566,0,0,0,0,0,3,3,21,0,0,0,-6,27,1,1.0171331795863807,0,1,0,0,0,-3.5,0.10714285714285714,-0.02390438247011952,0.14398121798520203,0,0,0,0,0,0,0,0.0,0.0,0,0,0,0,0,0,0,0,0,0,0,0,0,0,0,0,0,0,0,0,0,0,0,0,0,0,0,0,0,0,0,0,0,,,0,0,0,0,0,0,0,0,0,0,0,0,,,,0,0,0,0,0,0,0,,0,0,0,0,0,0,0,,0,0,0,0,0,0,0,0,0,0,3.9000000000000004,6.9,0,0,3.9000000000000004,0.0,3.9000000000000004,2025,18,,,,,1.3,0.5571428571428572,0.0,0,0,3.9000000000000004,4.1000000000000005,4.9,4.9,4.7855,3,3.5,3.0,3.0,2.945,7,7.0,8.333333333333334,8.333333333333334,8.209999999999999,21,17.5,11.666666666666666,11.666666666666666,12.915,18,23.5,37.333333333333336,37.333333333333336,34.94,3,2.5,1.6666666666666667,1.6666666666666667,1.8449999999999998,,,,,,,,,,,0.0,0.0,0.0,0.0,0.0,0,0.0,0.0,0.0,0.0,0,0.0,0.0,0.0,0.0,3.9000000000000004,4.1000000000000005,4.9,4.9,4.7855,-2.3999999999999995,1.5,-4.0,,,0.0,0.0,7.4605,-0.7000000000000002,0.641444943368407,0.0,0.0,-2.3999999999999995,1.6999999999999993,3.0,4.5863000000000005,0.4289634483263113,6.711143032654225,7.69775896380474,67.4605,Stable,,,"['Healthy recent opportunity', 'Recent production is declining']",Michael Carter,RB,,7.204450998229483,6.9537005,7.204450998229483,4.0,backup,Depth chart: RB4. Higher-ranked teammate is active; recent usage is not treated as a starting role.,healthy_backup,8.204450998229483
00-0037157,Bam Knight,Bam Knight,RB,RB,"https://static.www.nfl.com/image/upload/f_auto,q_auto/league/mjxnlzlnnwlfqayeybut",2026,-1,REG,2025_15_ARI_HOU,ARI,SF,0,0,0,0,0,0,0,0,0,0,0,0,,,0,,0,0,0,0,1,-2,0,0,0,0,-0.9361951085738838,0,0,0,0,0,0,0,0,0,0,0,0,0,0,,0,0,0,0,0,,0.0,0.0,0.0,0,0,0,0,0,0,0,0.0,0.0,0,0,0,0,0,0,0,0,0,0,0,0,0,0,0,0,0,0,0,0,0,0,0,0,0,0,0,0,0,0,0,0,0,,,0,0,0,0,0,0,0,0,0,0,0,0,,,,0,0,0,0,0,0,0,,0,0,0,0,0,0,0,,0,0,0,0,0,0,0,0,0,0,-0.2,-0.2,0,0,-0.2,0.0,-0.2,2025,15,,,,,,-0.2,0.0,0,0,-0.2,1.6,5.666666666666667,5.666666666666667,4.926000000000001,0,3.0,3.0,3.0,2.3925,1,4.0,6.333333333333333,6.333333333333333,5.51,0,9.0,18.0,18.0,15.345,-2,7.0,25.333333333333332,25.333333333333332,21.815,0,1.5,2.0,2.0,1.6500000000000001,,,,,,,,,,,0.0,0.0,2.0,2.0,1.8150000000000004,0,0.0,0.0,0.0,0.0,0,0.0,0.0,0.0,0.0,-0.2,1.6,5.666666666666667,5.666666666666667,4.926000000000001,-12.200000000000001,0.0,-7.0,,,0.0,0.0,5.423,-3.8500000000000005,0.9083533099760283,0.3684531059683313,0.23949451887941536,-12.200000000000001,8.350000000000001,3.0,3.874766666666667,2.3965511664334094,3.3220614232874146,8.834129106084255,65.02644883356659,Downtrend confirmed,,,"['Role is trending downward', 'Opportunity rising faster than production', 'Recent production is declining']",Bam Knight,RB,,6.078095264685835,5.147975,6.078095264685835,3.0,backup,Depth chart: RB3. Higher-ranked teammate is active; recent usage is not treated as a starting role.,healthy_backup,8.078095264685835
00-0040556,Corey Kiner,Corey Kiner,RB,RB,"https://static.www.nfl.com/image/upload/f_auto,q_auto/league/tpnamrgzfbytwlzhhyf8",2026,1,REG,2026_01_NE_SEA,NE,JAX,0,0,0,0,0,0,0,0,0,0,0,0,,,0,,0,0,0,0,6,11,0,0,0,0,-1.985289560048841,0,0,0,0,0,0,0,0,0,0,0,0,0,0,,0,0,0,0,0,,0.0,0.0,0.0,0,0,0,0,0,0,0,0.0,0.0,0,0,0,0,0,0,0,0,0,0,0,0,0,0,0,0,0,0,0,0,0,0,0,0,0,0,0,0,0,0,0,0,0,,,0,0,0,0,0,0,0,0,0,0,0,0,,,,0,0,0,0,0,0,0,,0,0,0,0,0,0,0,,0,0,0,0,0,0,0,0,0,0,1.1,1.1,0,0,1.1,0.0,1.1,2026,1,,,,,,0.18333333333333335,0.0,0,0,1.1,1.95,1.3666666666666665,1.8250000000000002,1.7476250000000002,0,1.5,1.0,0.75,0.7424999999999999,6,4.5,3.3333333333333335,4.0,4.576874999999999,0,7.5,5.0,3.75,3.7125,11,12.0,8.666666666666666,14.5,13.76375,0,1.0,0.6666666666666666,0.5,0.495,,,,,,,,,,,0.0,0.0,0.0,0.0,0.0,0,0.0,0.0,0.0,0.0,0,0.0,0.0,0.0,0.0,1.1,1.95,1.3666666666666665,1.8250000000000002,1.7476250000000002,0.24999999999999978,1.5,1.0,,,0.0,0.0,3.2597812499999996,2.05,0.5361172624696827,0.0,0.0,0.24999999999999978,1.8,4.0,2.3814916666666663,0.3160188764580018,3.7547106602729627,4.481554076126367,63.25978125,Emerging opportunity,,,['Role is trending upward'],Corey Kiner,RB,,4.118132368199665,3.383277,4.118132368199665,3.0,backup,Depth chart: RB3. Higher-ranked teammate is active; recent usage is not treated as a starting role.,healthy_backup,7.968132368199664
00-0036232,Harrison Bryant,Harrison Bryant,TE,TE,"https://static.www.nfl.com/image/upload/f_auto,q_auto/league/gmguayurr96nolimwmyn",2026,-1,POST,2025_20_HOU_NE,HOU,IND,0,0,0,0,0,0,0,0,0,0,0,0,,,0,,0,0,0,0,0,0,0,0,0,0,,0,0,0,0,0,3,6,21,0,0,0,33,10,1,-0.45720812282525003,0,0,0,0,0,0.6363636363636364,0.13333333333333333,0.07913669064748201,0.25539568345323743,0,0,0,0,0,0,0,0.0,0.0,0,0,0,0,0,0,0,0,0,0,0,0,0,0,0,0,0,0,0,0,0,0,0,0,0,0,0,0,0,0,0,0,0,,,0,0,0,0,0,0,0,0,0,0,0,0,,,,0,0,0,0,0,0,0,,0,0,0,0,0,0,0,,0,0,0,0,0,0,0,0,0,0,2.1,5.1,0,0,2.1,0.0,2.1,2025,20,,,,,0.35000000000000003,,0.0,0,0,2.1,1.1500000000000001,0.7666666666666667,0.7666666666666667,0.9944999999999999,6,4.0,3.0,3.0,3.4974999999999996,0,0.0,0.0,0.0,0.0,21,11.5,7.666666666666667,7.666666666666667,9.944999999999999,0,0.0,0.0,0.0,0.0,3,2.0,1.3333333333333333,1.3333333333333333,1.5975,,,,,,,,,,,0.0,0.0,0.0,0.0,0.0,0,0.0,0.0,0.0,0.0,0,0.0,0.0,0.0,0.0,2.1,1.1500000000000001,0.7666666666666667,0.7666666666666667,0.9944999999999999,1.1500000000000001,3.0,0.0,,,0.0,0.0,3.4974999999999996,3.0,0.2843459614010007,0.0,0.0,1.1500000000000001,1.8499999999999999,3.0,1.9533666666666665,0.4940474066321976,2.502676967695894,3.638986002949949,63.4975,Emerging opportunity,,,['Role is trending upward'],Harrison Bryant,TE,,3.0708314853229215,2.4931278,3.0708314853229215,4.0,backup,Depth chart: TE4. Higher-ranked teammate is active; recent usage is not treated as a starting role.,healthy_backup,7.920831485322921
00-0034829,Mike Gesicki,Mike Gesicki,TE,TE,"https://static.www.nfl.com/image/upload/f_auto,q_auto/league/dykckg6we3cnw9yhpggi",2026,1,REG,2026_01_TB_CIN,CIN,PIT,0,0,0,0,0,0,0,0,0,0,0,0,,,0,,0,0,0,0,0,0,0,0,0,0,,0,0,0,0,0,5,7,78,1,0,0,63,21,5,6.858910479117185,0,4,3,2,0,1.2380952380952381,0.20588235294117646,0.27876106194690264,0.5039562727745965,0,0,0,0,0,0,0,0.0,0.0,0,0,0,0,0,0,0,0,0,0,0,0,0,0,0,0,0,0,0,0,0,0,0,0,0,0,0,0,0,0,0,0,0,,,0,0,0,0,0,0,0,0,0,0,0,0,,,,0,0,0,0,0,0,0,,0,0,0,0,0,0,0,,0,0,0,0,0,0,0,0,0,0,13.8,18.8,0,0,13.8,6.0,7.800000000000001,2026,1,,,,,1.9714285714285715,,0.43478260869565216,0,0,13.8,7.550000000000001,6.6000000000000005,7.325,8.7521,7,4.5,3.6666666666666665,3.75,4.58275,0,0.0,0.0,0.0,0.0,78,45.5,46.0,43.25,50.5385,0,0.0,0.0,0.0,0.0,5,3.5,3.0,3.0,3.516375,,,,,,,,,,,6.0,3.0,2.0,3.0,3.69825,0,0.0,0.0,0.0,0.0,0,0.0,0.0,0.0,0.0,13.8,7.550000000000001,6.6000000000000005,7.325,8.7521,0.45000000000000107,1.5,0.0,,,0.0,0.0,4.58275,1.5,1.9097921553652284,0.4225557294820671,0.2746612241633436,0.45000000000000107,1.049999999999999,4.0,8.52501,2.59153516387488,2.3829456921164773,8.3434765690287,63.99121483612512,Stable,,,['Projection primarily follows recent baseline'],Mike Gesicki,TE,,5.363211130572589,5.3417435,5.363211130572589,1.0,starter,Depth chart: TE1.,,7.913211130572588
00-0037231,Kevin Austin Jr.,Kevin Austin Jr.,WR,WR,"https://static.www.nfl.com/image/upload/f_auto,q_auto/league/fh2yaqaxkornxeb7d9ie",2026,-1,REG,2025_18_NO_ATL,NO,LV,0,0,0,0,0,0,0,0,0,0,0,0,,,0,,0,0,0,0,0,0,0,0,0,0,,0,0,0,0,0,4,9,37,0,0,0,65,14,2,-1.9558074419619516,0,2,0,0,0,0.5692307692307692,0.2647058823529412,0.2313167259786477,0.5589805317144652,0,0,0,0,0,0,0,0.0,0.0,0,0,0,0,0,0,0,0,0,0,0,0,0,0,0,0,0,0,0,0,0,0,0,0,0,0,0,0,0,0,0,0,0,,,0,0,0,0,0,0,0,0,0,0,0,0,,,,0,0,0,0,0,0,0,,0,0,0,0,0,0,0,,0,0,0,0,0,0,0,0,0,0,3.7,7.7,0,0,3.7,0.0,3.7,2025,18,,,,,0.41111111111111115,,0.0,0,0,3.7,7.449999999999999,5.566666666666666,5.566666666666666,4.9815,9,7.0,5.666666666666667,5.666666666666667,6.195,0,0.0,0.0,0.0,0.0,37,44.5,35.666666666666664,35.666666666666664,34.965,0,0.0,0.0,0.0,0.0,4,4.0,3.3333333333333335,3.3333333333333335,3.3949999999999996,,,,,,,,,,,0.0,3.0,2.0,2.0,1.4849999999999999,0,0.0,0.0,0.0,0.0,0,0.0,0.0,0.0,0.0,3.7,7.449999999999999,5.566666666666666,5.566666666666666,4.9815,5.6499999999999995,4.0,0.0,,,0.0,0.0,6.195,4.0,0.8041162227602905,0.2981029810298103,0.19376693766937672,5.6499999999999995,-1.6499999999999995,3.0,6.615566666666666,1.2090633123758792,4.122646959464431,6.903492577928953,66.195,Momentum confirmed,,,"['Role is trending upward', 'Recent production is improving']",Kevin Austin Jr.,WR,,5.513069768696692,5.662348,5.513069768696692,5.0,backup,Depth chart: WR5. Higher-ranked teammate is active; recent usage is not treated as a starting role.,healthy_backup,7.863069768696692
00-0036259,Jauan Jennings,Jauan Jennings,WR,WR,"https://static.www.nfl.com/image/upload/f_auto,q_auto/league/ben8kbygzzlid6ltmdum",2026,1,REG,2026_01_GB_MIN,MIN,TB,0,0,0,0,0,0,0,0,0,0,0,0,,,0,,0,0,0,0,0,0,0,0,0,0,,0,0,0,0,0,0,1,0,0,0,0,30,0,0,-4.073928768280894,0,0,0,0,0,0.0,0.043478260869565216,0.17045454545454544,0.1845355731225296,0,0,0,0,0,0,0,0.0,0.0,0,0,0,0,0,0,0,0,0,0,0,0,0,0,0,0,0,0,0,0,0,0,0,0,0,0,0,0,0,0,0,0,0,,,0,0,0,0,0,0,0,0,0,0,0,0,,,,0,0,0,0,0,0,0,,0,0,0,0,0,0,0,,0,0,0,0,0,0,0,0,0,0,0.0,0.0,0,0,0.0,0.0,0.0,2026,1,,,,,0.0,,,0,0,0.0,1.1500000000000001,4.653333333333333,4.365,2.7387800000000007,1,3.0,3.0,3.75,3.094125000000001,0,0.0,0.0,0.0,0.0,0,11.5,22.666666666666668,25.75,17.641250000000003,0,0.0,0.0,0.0,0.0,0,1.0,1.0,1.75,1.2966250000000001,,,,,,,,,,,0.0,0.0,2.0,1.5,0.81675,0,0.0,0.0,0.0,0.0,0,0.0,0.0,0.0,0.0,0.0,1.1500000000000001,4.653333333333333,4.365,2.7387800000000007,-6.43,-1.5,0.0,,,0.0,0.0,3.094125000000001,-1.5,0.8851549307154688,0.2982167242348782,0.19384087075267084,-6.43,4.93,4.0,2.936351333333334,1.8006352812054356,2.2232956662005785,6.36475681297308,63.094125,Downtrend confirmed,,,"['Opportunity rising faster than production', 'Recent production is declining']",Jauan Jennings,WR,,4.294026239586829,4.0177374,4.294026239586829,3.0,unavailable,Depth chart: WR3. Player is currently O.,,7.724026239586829
00-0039916,Ricky Pearsall,Ricky Pearsall,WR,WR,"https://static.www.nfl.com/image/upload/f_auto,q_auto/league/rrv2qhkjqagb8ibzwakv",2026,-1,POST,2025_20_SF_SEA,SF,ARI,0,0,0,0,0,0,0,0,0,0,0,0,,,0,,0,0,0,0,0,0,0,0,0,0,,0,0,0,0,0,0,2,0,0,0,0,13,0,0,-2.442400827568479,0,0,0,0,0,0.0,0.07407407407407407,0.05241935483870968,0.14780465949820787,0,0,0,0,0,0,0,0.0,0.0,0,0,0,0,0,0,0,0,0,0,0,0,0,0,0,0,0,0,0,0,0,0,0,0,0,0,0,0,0,0,0,0,0,,,0,0,0,0,0,0,0,0,0,0,0,0,,,,0,0,0,0,0,0,0,,0,0,0,0,0,0,0,,0,0,0,0,0,0,0,0,0,0,0.0,0.0,0,0,0.0,0.0,0.0,2025,20,,,,,0.0,,,0,0,0.0,4.25,6.033333333333334,6.033333333333334,5.007750000000001,2,5.0,5.666666666666667,5.666666666666667,4.9975000000000005,0,0.0,0.0,0.0,0.0,0,42.5,60.333333333333336,60.333333333333336,50.0775,0,0.0,0.0,0.0,0.0,0,2.5,3.6666666666666665,3.6666666666666665,3.0525000000000007,,,,,,,,,,,0.0,0.0,0.0,0.0,0.0,0,0.0,0.0,0.0,0.0,0,0.0,0.0,0.0,0.0,0.0,4.25,6.033333333333334,6.033333333333334,5.007750000000001,-5.350000000000001,-2.0,0.0,,,0.0,0.0,4.9975000000000005,-2.0,1.0020510255127564,0.0,0.0,-5.350000000000001,3.3500000000000014,3.0,4.7179833333333345,2.235895035550641,3.655109680959464,8.797668262725937,64.76160496444936,Downtrend confirmed,,,"['Role is trending downward', 'Opportunity rising faster than production', 'Recent production is declining']",Ricky Pearsall,WR,,6.226388971842701,5.77738,6.226388971842701,10.0,backup,Depth chart: WR10. Higher-ranked teammate is active; recent usage is not treated as a starting role.,healthy_backup,7.576388971842702
00-0039603,British Brooks,British Brooks,RB,RB,"https://static.www.nfl.com/image/upload/f_auto,q_auto/league/jethzcwj6oeitvdprnk8",2026,-1,POST,2025_19_HOU_PIT,HOU,IND,0,0,0,0,0,0,0,0,0,0,0,0,,,0,,0,0,0,0,0,0,0,0,0,0,,0,0,0,0,0,0,0,0,0,0,0,0,0,0,,0,0,0,0,0,,0.0,0.0,0.0,0,0,0,1,0,0,0,0.0,0.0,0,0,0,0,0,0,0,0,0,0,0,0,0,0,0,0,0,0,0,0,0,0,0,0,0,0,0,0,0,0,0,0,0,,,0,0,0,0,0,0,0,0,0,0,0,0,,,,0,0,0,0,0,0,0,,0,0,0,0,0,0,0,,0,0,0,0,0,0,0,0,0,0,0.0,0.0,0,0,0.0,0.0,0.0,2025,19,,,,,,,,0,0,0.0,3.1500000000000004,2.1,2.1,1.55925,0,0.0,0.0,0.0,0.0,0,6.5,4.333333333333333,4.333333333333333,3.2175000000000002,0,0.0,0.0,0.0,0.0,0,31.5,21.0,21.0,15.5925,0,0.0,0.0,0.0,0.0,,,,,,,,,,,0.0,0.0,0.0,0.0,0.0,0,0.0,0.0,0.0,0.0,0,0.0,0.0,0.0,0.0,0.0,3.1500000000000004,2.1,2.1,1.55925,3.1500000000000004,0.0,6.5,,,0.0,0.0,1.7696250000000002,3.575,0.881118881118881,0.0,0.0,3.1500000000000004,0.4249999999999998,3.0,3.0268,1.0294477597236298,2.300775316816064,4.668505164180412,61.769625,Momentum confirmed,,,"['Limited recent opportunity', 'Role is trending upward', 'Recent production is improving']",British Brooks,RB,,3.484640240498238,3.2932875,3.484640240498238,3.0,backup,Depth chart: RB3. Higher-ranked teammate is active; recent usage is not treated as a starting role.,healthy_backup,7.484640240498238
00-0040198,Ollie Gordon II,Ollie Gordon II,RB,RB,"https://static.www.nfl.com/image/upload/f_auto,q_auto/league/bv33rgypaauv7sealwkr",2026,-1,REG,2025_18_MIA_NE,MIA,KC,0,0,0,0,0,0,0,0,0,0,0,0,,,0,,0,0,0,0,9,9,0,0,0,2,-2.6660389705211855,0,0,0,0,0,1,1,2,0,0,0,-9,11,0,-0.6153485532850027,0,0,0,0,0,-0.2222222222222222,0.041666666666666664,-0.05625,0.023125,0,0,0,0,0,0,0,0.0,0.0,0,0,0,0,0,0,0,0,0,0,0,0,0,0,0,0,0,0,0,0,0,0,0,0,0,0,0,0,0,0,0,0,0,,,0,0,0,0,0,0,0,0,0,0,0,0,,,,0,0,0,0,0,0,0,,0,0,0,0,0,0,0,,0,0,0,0,0,0,0,0,0,0,1.1,2.1,0,0,1.1,0.0,1.1,2025,18,,,,,1.1,0.12222222222222223,0.0,0,0,1.1,0.55,0.3333333333333333,0.3333333333333333,0.46475,1,0.5,0.3333333333333333,0.3333333333333333,0.44999999999999996,9,4.5,3.3333333333333335,3.3333333333333335,4.3525,2,1.0,0.6666666666666666,0.6666666666666666,0.8999999999999999,9,4.5,2.6666666666666665,2.6666666666666665,3.7474999999999996,1,0.5,0.3333333333333333,0.3333333333333333,0.44999999999999996,,,,,,,,,,,0.0,0.0,0.0,0.0,0.0,0,0.0,0.0,0.0,0.0,0,0.0,0.0,0.0,0.0,1.1,0.55,0.3333333333333333,0.3333333333333333,0.46475,0.65,0.5,3.5,,,0.0,0.0,2.8438750000000006,2.4250000000000003,0.163421388070854,0.0,0.0,0.65,1.7750000000000004,3.0,1.2609333333333335,0.28406303877836697,2.8718856979278997,3.525230687118144,62.843875,Emerging opportunity,,,"['Limited recent opportunity', 'Role is trending upward']",Ollie Gordon II,RB,,3.1985581925230218,2.6314154,3.1985581925230218,3.0,backup,Depth chart: RB3. Higher-ranked teammate is active; recent usage is not treated as a starting role.,healthy_backup,7.398558192523023
00-0033906,Alvin Kamara,Alvin Kamara,RB,RB,"https://static.www.nfl.com/image/upload/f_auto,q_auto/league/yxebpuskandivlh2iil4",2026,-1,REG,2025_12_ATL_NO,NO,LV,0,0,0,0,0,0,0,0,0,0,0,0,,,0,,0,0,0,0,3,11,0,0,0,0,-0.25696063647046685,0,0,0,0,0,2,2,4,0,0,0,-8,12,0,-1.4451772649385406,0,0,0,0,0,-0.5,0.046511627906976744,-0.025889967637540454,0.0516444645141868,0,0,0,0,0,0,0,0.0,0.0,0,0,0,0,0,0,0,0,0,0,0,0,0,0,0,0,0,0,0,0,0,0,0,0,0,0,0,0,0,0,0,0,0,,,0,0,0,0,0,0,0,0,0,0,0,0,,,,0,0,0,0,0,0,0,,0,0,0,0,0,0,0,,0,0,0,0,0,0,0,0,0,0,1.5,3.5,0,0,1.5,0.0,1.5,2025,12,,,,,0.75,0.5,0.0,0,0,1.5,6.5,4.233333333333333,4.233333333333333,3.4305,2,2.5,2.6666666666666665,2.6666666666666665,2.55,3,12.5,10.333333333333334,10.333333333333334,8.61,4,18.0,13.0,13.0,10.627499999999998,11,47.0,36.0,36.0,29.7275,2,2.5,2.0,2.0,1.9449999999999998,,,,,,,,,,,0.0,0.0,0.0,0.0,0.0,0,0.0,0.0,0.0,0.0,0,0.0,0.0,0.0,0.0,1.5,6.5,4.233333333333333,4.233333333333333,3.4305,6.8,-0.5,6.5,,,0.0,0.0,7.2855,3.075,0.4708667901997117,0.0,0.0,6.8,-3.7249999999999996,3.0,4.827883333333333,1.608173137445095,4.435231604525483,8.1340298206492,67.2855,Momentum confirmed,,,"['Healthy recent opportunity', 'Role is trending upward', 'Recent production is improving']",Alvin Kamara,RB,,6.284630712587342,7.068048,6.284630712587342,2.0,backup,Depth chart: RB2. Higher-ranked teammate is active; recent usage is not treated as a starting role.,healthy_backup,7.359630712587343
00-0038951,Sean Tucker,Sean Tucker,RB,RB,"https://static.www.nfl.com/image/upload/f_auto,q_auto/league/wiarwjvy8p6bojlratp4",2026,-1,REG,2025_18_CAR_TB,TB,MIN,0,0,0,0,0,0,0,0,0,0,0,0,,,0,,0,0,0,0,4,-4,0,0,0,0,-3.2154095352161676,0,0,0,0,0,0,0,0,0,0,0,0,0,0,,0,0,0,0,0,,0.0,0.0,0.0,0,0,0,0,0,0,0,0.0,0.0,0,0,0,0,0,0,0,0,0,0,0,0,0,0,0,0,0,0,0,0,1,0,0,1,0,0,0,3,57,0,0,0,0,,,0,0,0,0,0,0,0,0,0,0,0,0,,,,0,0,0,0,0,0,0,,0,0,0,0,0,0,0,,0,0,0,0,0,0,0,0,0,0,-0.4,-0.4,0,0,-0.4,0.0,-0.4,2025,18,,,,,,-0.1,0.0,0,0,-0.4,0.2,2.2333333333333334,2.2333333333333334,1.9237500000000003,0,0.5,0.3333333333333333,0.3333333333333333,0.2475,4,3.0,3.3333333333333335,3.3333333333333335,3.505,0,0.0,0.0,0.0,0.0,-4,2.0,2.3333333333333335,2.3333333333333335,1.0875000000000004,0,0.0,0.0,0.0,0.0,,,,,,,,,,,0.0,0.0,2.0,2.0,1.8150000000000004,0,0.0,0.0,0.0,0.0,0,0.0,0.0,0.0,0.0,-0.4,0.2,2.2333333333333334,2.2333333333333334,1.9237500000000003,-6.1,0.5,-1.0,,,0.0,0.0,2.17525,-0.050000000000000044,0.8843811056200438,0.9434697855750488,0.6132553606237817,-6.1,6.05,3.0,1.0431437621832362,1.1146405623936952,1.0199980357536278,3.5836713292591265,62.17525,Stable,,,"['Limited recent opportunity', 'Opportunity rising faster than production', 'Recent production is declining', 'Production has significant TD dependence']",Sean Tucker,RB,,2.301834682506377,2.8762443,2.301834682506377,3.0,backup,Depth chart: RB3. Higher-ranked teammate is active; recent usage is not treated as a starting role.,healthy_backup,7.251834682506377
00-0037197,Isiah Pacheco,Isiah Pacheco,RB,RB,"https://static.www.nfl.com/image/upload/f_auto,q_auto/league/hkqb4imkum3vxxkwuetl",2026,-1,REG,2025_17_DEN_KC,KC,MIA,0,0,0,0,0,0,0,0,0,0,0,0,,,0,,0,0,0,0,9,32,0,0,0,1,-1.563524226541631,0,1,1,0,0,0,0,0,0,0,0,0,0,0,,0,0,0,0,0,,0.0,0.0,0.0,0,0,0,0,0,0,0,0.0,0.0,0,0,0,0,0,0,0,0,0,0,0,0,0,0,0,0,0,0,0,0,0,0,0,0,0,0,0,0,0,0,0,0,0,,,0,0,0,0,0,0,0,0,0,0,0,0,,,,0,0,0,0,0,0,0,,0,0,0,0,0,0,0,,0,0,0,0,0,0,0,0,0,0,3.2,3.2,0,0,3.2,0.0,3.2,2025,17,,,,,,0.35555555555555557,0.0,0,0,3.2,5.3500000000000005,4.266666666666667,4.266666666666667,3.9315,0,3.5,2.3333333333333335,2.3333333333333335,1.7325,9,8.5,9.333333333333334,9.333333333333334,9.357500000000002,0,20.5,13.666666666666666,13.666666666666666,10.1475,32,33.0,29.0,29.0,29.1675,0,3.0,2.0,2.0,1.4849999999999999,,,,,,,,,,,0.0,0.0,0.0,0.0,0.0,0,0.0,0.0,0.0,0.0,0,0.0,0.0,0.0,0.0,3.2,5.3500000000000005,4.266666666666667,4.266666666666667,3.9315,3.2500000000000004,3.5,-2.5,,,0.0,0.0,6.879125000000001,2.125,0.5715116384714625,0.0,0.0,3.2500000000000004,-1.1250000000000004,3.0,4.809316666666668,0.6933162529947402,5.4514154723037285,7.04604285419163,66.879125,Momentum confirmed,,,"['Role is trending upward', 'Recent production is improving']",Isiah Pacheco,RB,,6.248729163247679,6.9084635,6.248729163247679,4.0,backup,Depth chart: RB4. Higher-ranked teammate is active; recent usage is not treated as a starting role.,healthy_backup,7.248729163247679
00-0037112,Jake Tonges,Jake Tonges,TE,TE,"https://static.www.nfl.com/image/upload/f_auto,q_auto/league/z6goxhdhfc2m0rmwvtbl",2026,-1,POST,2025_20_SF_SEA,SF,ARI,0,0,0,0,0,0,0,0,0,0,0,0,,,0,,0,0,0,0,0,0,0,0,0,0,,0,0,0,0,0,5,6,59,0,1,1,50,25,4,1.0701643367647193,0,4,1,0,0,1.18,0.2222222222222222,0.20161290322580644,0.4744623655913978,0,0,0,0,0,0,0,0.0,0.0,0,0,0,0,0,0,0,0,0,0,0,0,0,0,0,0,0,0,0,0,1,0,0,1,1,0,0,0,0,0,0,0,0,,,0,0,0,0,0,0,0,0,0,0,0,0,,,,0,0,0,0,0,0,0,,0,0,0,0,0,0,0,,0,0,0,0,0,0,0,0,0,0,3.9000000000000004,8.9,0,0,5.9,0.0,5.9,2025,20,,,,,0.9833333333333334,,0.0,0,0,5.9,3.6500000000000004,6.433333333333334,6.433333333333334,6.631500000000001,6,4.5,6.0,6.0,6.165,0,0.0,0.0,0.0,0.0,59,36.5,44.333333333333336,44.333333333333336,48.16499999999999,0,0.0,0.0,0.0,0.0,5,3.0,4.333333333333333,4.333333333333333,4.615,,,,,,,,,,,0.0,0.0,2.0,2.0,1.8150000000000004,0,0.0,0.0,0.0,0.0,0,0.0,0.0,0.0,0.0,5.9,3.6500000000000004,6.433333333333334,6.433333333333334,6.631500000000001,-8.35,-4.5,0.0,,,0.0,0.0,6.165,-4.5,1.0756690997566911,0.2736937344492197,0.1779009273919928,-8.35,3.8499999999999996,3.0,4.977233333333333,1.1068559496760784,5.115269551495577,7.661038235750557,66.165,Downtrend confirmed,,,"['Role is trending downward', 'Opportunity rising faster than production', 'Recent production is declining']",Jake Tonges,TE,,6.388153893623067,5.9993873,6.388153893623067,4.0,backup,Depth chart: TE4. Higher-ranked teammate is active; recent usage is not treated as a starting role.,healthy_backup,7.238153893623067
00-0035021,Ashton Dulin,Ashton Dulin,WR,WR,"https://static.www.nfl.com/image/upload/f_auto,q_auto/league/ux55cx0r9iwqwmfmaip6",2026,1,REG,2026_01_BAL_IND,IND,HOU,0,0,0,0,0,0,0,0,0,0,0,0,,,0,,0,0,0,0,0,0,0,0,0,0,,0,0,0,0,0,0,1,0,0,0,0,0,0,0,-0.6130716041661799,0,0,0,0,0,,0.034482758620689655,0.0,0.05172413793103448,0,2,0,0,0,0,0,0.0,0.0,0,0,0,0,0,0,0,0,0,0,0,0,0,0,0,0,0,0,0,0,0,0,0,0,0,0,0,1,33,0,0,0,0,,,0,0,0,0,0,0,0,0,0,0,0,0,,,,0,0,0,0,0,0,0,,0,0,0,0,0,0,0,,0,0,0,0,0,0,0,0,0,0,0.0,0.0,0,0,0.0,0.0,0.0,2026,1,,,,,0.0,,,0,0,0.0,0.0,0.0,1.2000000000000002,0.7986000000000003,1,1.5,1.0,1.0,1.111375,0,0.0,0.0,0.0,0.0,0,0.0,0.0,12.0,7.986000000000002,0,0.0,0.0,0.0,0.0,0,0.0,0.0,0.25,0.16637500000000005,,,,,,,,,,,0.0,0.0,0.0,0.0,0.0,0,0.0,0.0,0.0,0.0,0,0.0,0.0,0.0,0.0,0.0,0.0,0.0,1.2000000000000002,0.7986000000000003,-2.4000000000000004,1.0,0.0,,,0.0,0.0,1.111375,1.0,0.7185693397818022,0.0,0.0,-2.4000000000000004,3.4000000000000004,4.0,1.00916,0.5057433277859433,2.250682195466237,3.4138918493739063,61.111375,Stable,,,"['Limited recent opportunity', 'Opportunity rising faster than production', 'Recent production is declining']",Ashton Dulin,WR,,2.8322870224200716,1.9385622,2.8322870224200716,4.0,unavailable,Depth chart: WR4. Player is currently O.,,7.232287022420072
00-0040184,KeAndre Lambert-Smith,KeAndre Lambert-Smith,WR,WR,"https://static.www.nfl.com/image/upload/f_auto,q_auto/league/xhhzgylwh0ptvpaghnuu",2026,-1,REG,2025_18_LAC_DEN,LAC,BUF,0,0,0,0,0,0,0,0,0,0,0,0,,,0,,0,0,0,0,0,0,0,0,0,0,,0,0,0,0,0,2,5,24,0,0,0,84,12,1,-7.831852956788056,0,1,1,0,0,0.2857142857142857,0.13157894736842105,0.21265822784810126,0.3462291805463025,0,0,0,0,0,0,0,0.0,0.0,0,0,0,0,0,0,0,0,0,0,0,0,0,0,0,0,0,0,0,0,0,0,0,0,0,0,0,2,45,0,0,0,0,,,0,0,0,0,0,0,0,0,0,0,0,0,,,,0,0,0,0,0,0,0,,0,0,0,0,0,0,0,,0,0,0,0,0,0,0,0,0,0,2.4000000000000004,4.4,0,0,2.4000000000000004,0.0,2.4000000000000004,2025,18,,,,,0.4800000000000001,,0.0,0,0,2.4000000000000004,1.2000000000000002,1.1333333333333335,1.1333333333333335,1.3825,5,3.0,2.3333333333333335,2.3333333333333335,2.8,0,0.0,0.0,0.0,0.0,24,12.0,11.333333333333334,11.333333333333334,13.825,0,0.0,0.0,0.0,0.0,2,1.0,1.0,1.0,1.2025,,,,,,,,,,,0.0,0.0,0.0,0.0,0.0,0,0.0,0.0,0.0,0.0,0,0.0,0.0,0.0,0.0,2.4000000000000004,1.2000000000000002,1.1333333333333335,1.1333333333333335,1.3825,0.20000000000000018,2.0,0.0,,,0.0,0.0,2.8,2.0,0.4937500000000001,0.0,0.0,0.20000000000000018,1.7999999999999998,3.0,1.9828333333333334,0.48375854858941086,2.841134557514903,3.9537792192705474,62.8,Stable,,,"['Limited recent opportunity', 'Role is trending upward']",KeAndre Lambert-Smith,WR,,3.397456888392725,2.7392585,3.397456888392725,7.0,backup,Depth chart: WR7. Higher-ranked teammate is active; recent usage is not treated as a starting role.,healthy_backup,7.197456888392725
00-0031610,Darren Waller,Darren Waller,TE,TE,"https://static.www.nfl.com/image/upload/f_auto,q_auto/league/loyehiyzcu2lexjk7plq",2026,1,REG,2026_01_CHI_CAR,CAR,CLE,0,0,0,0,0,0,0,0,0,0,0,0,,,0,,0,0,0,0,0,0,0,0,0,0,,0,0,0,0,0,2,2,28,0,0,0,8,20,2,1.2382444030954503,0,2,1,0,0,3.5,0.058823529411764705,0.02185792349726776,0.10353584056573448,0,0,0,0,0,0,0,0.0,0.0,0,0,0,0,0,0,0,0,0,0,0,0,0,0,0,0,0,0,1,9,0,0,0,0,0,0,0,0,0,0,0,0,0,,,0,0,0,0,0,0,0,0,0,0,0,0,,,,0,0,0,0,0,0,0,,0,0,0,0,0,0,0,,0,0,0,0,0,0,0,0,0,0,2.8000000000000003,4.800000000000001,0,0,2.8000000000000003,0.0,2.8000000000000003,2026,1,,,,,1.4000000000000001,,0.0,0,0,2.8000000000000003,1.4000000000000001,2.266666666666667,6.3500000000000005,4.899075000000001,2,2.5,3.3333333333333335,4.5,3.6541250000000005,0,0.0,0.0,0.0,0.0,28,14.0,22.666666666666668,33.5,29.025750000000002,0,0.0,0.0,0.0,0.0,2,1.5,2.0,3.25,2.7205000000000004,,,,,,,,,,,0.0,0.0,0.0,3.0,1.9965000000000006,0,0.0,0.0,0.0,0.0,0,0.0,0.0,0.0,0.0,2.8000000000000003,1.4000000000000001,2.266666666666667,6.3500000000000005,4.899075000000001,-9.9,-4.0,0.0,,,0.0,0.0,3.6541250000000005,-4.0,1.3406971573222044,0.4075259105035135,0.26489184182728376,-9.9,5.9,4.0,3.058611666666667,1.8161339748701852,3.0798151091638357,7.2569232513652615,63.654125,Downtrend confirmed,,,"['Role is trending downward', 'Opportunity rising faster than production', 'Recent production is declining']",Darren Waller,TE,,5.168369180264548,4.6140447,5.168369180264548,3.0,backup,Depth chart: TE3. Higher-ranked teammate is active; recent usage is not treated as a starting role.,healthy_backup,7.168369180264548
00-0037809,Chig Okonkwo,Chig Okonkwo,TE,TE,"https://static.www.nfl.com/image/upload/f_auto,q_auto/league/pzcez6pi9tpdqkmjjnzk",2026,1,REG,2026_01_WAS_PHI,WAS,SEA,0,0,0,0,0,0,0,0,0,0,0,0,,,0,,0,0,0,0,0,0,0,0,0,0,,0,0,0,0,0,2,3,16,0,0,0,39,2,1,0.9280919291777536,0,1,0,0,0,0.41025641025641024,0.10344827586206896,0.12302839116719243,0.24129228761013816,0,0,0,0,0,0,0,0.0,0.0,0,0,0,0,0,0,0,0,0,0,0,0,0,0,0,0,0,0,0,0,0,0,0,0,0,0,0,0,0,0,0,0,0,,,0,0,0,0,0,0,0,0,0,0,0,0,,,,0,0,0,0,0,0,0,,0,0,0,0,0,0,0,,0,0,0,0,0,0,0,0,0,0,1.6,3.6,0,0,1.6,0.0,1.6,2026,1,,,,,0.5333333333333333,,0.0,0,0,1.6,0.9,4.433333333333334,5.925,4.0652375,3,4.0,5.0,5.75,4.8713750000000005,0,0.0,0.0,0.0,0.0,16,9.0,24.333333333333332,29.25,22.502375,0,0.0,0.0,0.0,0.0,2,2.0,2.3333333333333335,3.25,2.8016250000000005,,,,,,,,,,,0.0,0.0,2.0,3.0,1.8150000000000004,0,0.0,0.0,0.0,0.0,0,0.0,0.0,0.0,0.0,1.6,0.9,4.433333333333334,5.925,4.0652375,-10.049999999999999,-3.5,0.0,,,0.0,0.0,4.8713750000000005,-3.5,0.8345154088937928,0.4464683797687098,0.29020444684966135,-10.049999999999999,6.549999999999999,4.0,3.2112258333333337,1.8641231410870127,3.007616828206153,7.295100052706282,64.871375,Downtrend confirmed,,,"['Role is trending downward', 'Opportunity rising faster than production', 'Recent production is declining']",Chig Okonkwo,TE,,5.151358440456217,5.484886,5.151358440456217,1.0,unavailable,Depth chart: TE1. Player is currently O.,,7.151358440456217
00-0041013,Emmett Johnson,Emmett Johnson,RB,RB,"https://static.www.nfl.com/image/upload/f_auto,q_auto/league/avdz4njz1slqn7ktqcuq",2026,1,REG,2026_01_DEN_KC,KC,MIA,0,0,0,0,0,0,0,0,0,0,0,0,,,0,,0,0,0,0,8,24,0,0,0,1,-0.44848664943128824,0,0,0,0,0,2,2,44,0,0,0,-8,52,1,4.319365256349556,0,2,2,1,0,-5.5,0.08,-0.06015037593984962,0.07789473684210527,0,0,0,1,0,0,0,0.0,0.0,0,0,0,0,0,0,0,0,0,0,0,0,0,0,0,0,0,0,0,0,0,0,0,0,0,0,0,0,0,0,0,0,0,,,0,0,0,0,0,0,0,0,0,0,0,0,,,,0,0,0,0,0,0,0,,0,0,0,0,0,0,0,,0,0,0,0,0,0,0,0,0,0,6.800000000000001,8.8,0,0,6.800000000000001,0.0,6.800000000000001,2026,1,,,,,3.4000000000000004,0.8500000000000001,0.0,0,0,6.800000000000001,6.800000000000001,6.800000000000001,6.800000000000001,6.800000000000001,2,2.0,2.0,2.0,2.0,8,8.0,8.0,8.0,8.0,44,44.0,44.0,44.0,44.0,24,24.0,24.0,24.0,24.0,2,2.0,2.0,2.0,2.0,,,,,,,,,,,0.0,0.0,0.0,0.0,0.0,0,0.0,0.0,0.0,0.0,0,0.0,0.0,0.0,0.0,6.800000000000001,6.800000000000001,6.800000000000001,6.800000000000001,6.800000000000001,,,,,,,,6.4,0.0,1.0625,0.0,0.0,,0.0,1.0,6.800000000000001,8.881784197001252e-16,7.146057966659272,7.146057966659273,,Stable,,,['Projection primarily follows recent baseline'],Emmett Johnson,RB,,7.1460579666592725,6.7975636,7.1460579666592725,2.0,backup,Depth chart: RB2. Higher-ranked teammate is active; recent usage is not treated as a starting role.,healthy_backup,7.1460579666592725
00-0037801,KaVontae Turpin,KaVontae Turpin,WR,WR,"https://static.www.nfl.com/image/upload/f_auto,q_auto/league/tayjlp1hgmm6rewgl1k4",2026,1,REG,2026_01_DAL_NYG,DAL,BAL,0,0,0,0,0,0,0,0,0,0,0,0,,,0,,0,0,0,0,0,0,0,0,0,0,,0,0,0,0,0,1,1,8,0,0,0,1,7,1,0.9334858994698152,0,0,0,0,0,8.0,0.03333333333333333,0.003236245954692557,0.05226537216828479,0,0,0,0,0,0,0,0.0,0.0,0,0,0,0,0,0,0,0,0,0,0,0,0,0,0,0,0,0,0,0,0,0,0,0,0,0,0,5,122,0,0,0,0,,,0,0,0,0,0,0,0,0,0,0,0,0,,,,0,0,0,0,0,0,0,,0,0,0,0,0,0,0,,0,0,0,0,0,0,0,0,0,0,0.8,1.8,0,0,0.8,0.0,0.8,2026,1,,,,,0.8,,0.0,0,0,0.8,0.7499999999999991,5.366666666666667,4.7,2.9698875000000005,1,1.0,1.0,1.75,1.499125,0,0.5,0.3333333333333333,0.75,0.5802500000000002,8,4.0,31.333333333333332,27.0,17.636000000000003,0,3.5,2.3333333333333335,5.0,3.895375,1,0.5,0.6666666666666666,1.0,0.9188750000000001,,,,,,,,,,,0.0,0.0,2.0,1.5,0.81675,0,0.0,0.0,0.0,0.0,0,0.0,0.0,0.0,0.0,0.8,0.7499999999999991,5.366666666666667,4.7,2.9698875000000005,-7.900000000000001,-1.5,-0.5,,,0.0,0.0,1.8182625000000001,-1.775,1.63336564439953,0.2750104170612523,0.178756771089814,-7.900000000000001,6.125000000000002,4.0,3.207349166666667,1.9162635717639278,1.7074042389610185,6.114810454018052,61.8182625,Downtrend confirmed,,,"['Limited recent opportunity', 'Opportunity rising faster than production', 'Recent production is declining']",KaVontae Turpin,WR,,3.911107346489535,3.1382987,3.911107346489535,4.0,backup,Depth chart: WR4. Higher-ranked teammate is active; recent usage is not treated as a starting role.,healthy_backup,7.136107346489535
00-0035298,Scott Miller,Scott Miller,WR,WR,"https://static.www.nfl.com/image/upload/f_auto,q_auto/league/mlx2xhjvzt6pqwgoloqa",2026,-1,REG,2025_18_BAL_PIT,PIT,CIN,0,0,0,0,0,0,0,0,0,0,0,0,,,0,,0,0,0,0,0,0,0,0,0,0,,0,0,0,0,0,2,2,9,0,0,0,2,7,0,-0.2502830435987562,0,0,0,0,0,4.5,0.045454545454545456,0.006153846153846154,0.07248951048951048,0,0,0,0,0,0,0,0.0,0.0,0,0,0,0,0,0,0,0,0,0,0,0,0,0,0,0,0,0,0,0,0,0,0,0,0,0,0,0,0,0,0,0,0,,,0,0,0,0,0,0,0,0,0,0,0,0,,,,0,0,0,0,0,0,0,,0,0,0,0,0,0,0,,0,0,0,0,0,0,0,0,0,0,0.9,2.9,0,0,0.9,0.0,0.9,2025,18,,,,,0.45,,0.0,0,0,0.9,1.7,1.7666666666666668,1.7666666666666668,1.5985,2,4.5,4.0,4.0,3.54,0,0.0,0.0,0.0,0.0,9,17.0,17.666666666666668,17.666666666666668,15.985,0,0.0,0.0,0.0,0.0,2,2.5,2.6666666666666665,2.6666666666666665,2.55,,,,,,,,,,,0.0,0.0,0.0,0.0,0.0,0,0.0,0.0,0.0,0.0,0,0.0,0.0,0.0,0.0,0.9,1.7,1.7666666666666668,1.7666666666666668,1.5985,-0.20000000000000018,1.5,0.0,,,0.0,0.0,3.54,1.5,0.45155367231638416,0.0,0.0,-0.20000000000000018,1.7000000000000002,3.0,2.1907666666666668,0.3289909218605685,3.543331840715599,4.300010960994907,63.54,Stable,,,['Projection primarily follows recent baseline'],Scott Miller,WR,,3.921671400855253,3.6474066,3.921671400855253,6.0,backup,Depth chart: WR6. Higher-ranked teammate is active; recent usage is not treated as a starting role.,healthy_backup,7.121671400855253
00-0041040,Antonio Williams,Antonio Williams,WR,WR,"https://static.www.nfl.com/image/upload/f_auto,q_auto/league/noywrsgaqoqlv64c12yw",2026,1,REG,2026_01_WAS_PHI,WAS,SEA,0,0,0,0,0,0,0,0,0,0,0,0,,,0,,0,0,0,0,0,0,0,0,0,0,,0,0,0,0,0,4,4,64,1,0,0,55,9,4,8.806701471214183,0,3,2,1,0,1.1636363636363636,0.13793103448275862,0.17350157728706625,0.3283476558250843,0,0,0,0,0,0,0,0.0,0.0,0,0,0,0,0,0,0,0,0,0,0,0,0,0,0,0,0,0,0,0,0,0,0,0,0,0,0,0,0,0,0,0,0,,,0,0,0,0,0,0,0,0,0,0,0,0,,,,0,0,0,0,0,0,0,,0,0,0,0,0,0,0,,0,0,0,0,0,0,0,0,0,0,12.4,16.4,0,0,12.4,6.0,6.4,2026,1,,,,,3.1,,0.48387096774193544,0,0,12.4,12.4,12.4,12.4,12.4,4,4.0,4.0,4.0,4.0,0,0.0,0.0,0.0,0.0,64,64.0,64.0,64.0,64.0,0,0.0,0.0,0.0,0.0,4,4.0,4.0,4.0,4.0,,,,,,,,,,,6.0,6.0,6.0,6.0,6.0,0,0.0,0.0,0.0,0.0,0,0.0,0.0,0.0,0.0,12.4,12.4,12.4,12.4,12.4,,,,,,,,4.0,0.0,3.1,0.48387096774193544,0.31451612903225806,,0.0,1.0,12.332258064516127,0.0,7.01316911880086,7.01316911880086,,Stable,,,['Projection primarily follows recent baseline'],Antonio Williams,WR,,7.01316911880086,6.160937,7.01316911880086,3.0,backup,Depth chart: WR3. Higher-ranked teammate is active; recent usage is not treated as a starting role.,healthy_backup,7.01316911880086
00-0036414,Cam Akers,Cam Akers,RB,RB,"https://static.www.nfl.com/image/upload/f_auto,q_auto/league/dutj0wamu7giwghnmr4m",2026,-1,REG,2025_18_SEA_SF,SEA,WAS,0,0,0,0,0,0,0,0,0,0,0,0,,,0,,0,0,0,0,0,0,0,0,0,0,,0,0,0,0,0,0,0,0,0,0,0,0,0,0,,0,0,0,0,0,,0.0,0.0,0.0,0,0,0,0,0,0,0,0.0,0.0,0,0,0,0,0,0,0,0,0,0,0,0,0,0,0,0,0,0,1,5,0,0,0,0,0,0,0,0,0,0,0,0,0,,,0,0,0,0,0,0,0,0,0,0,0,0,,,,0,0,0,0,0,0,0,,0,0,0,0,0,0,0,,0,0,0,0,0,0,0,0,0,0,0.0,0.0,0,0,0.0,0.0,0.0,2025,18,,,,,,,,0,0,0.0,0.0,2.4266666666666667,2.4266666666666667,2.2022000000000004,0,0.0,0.0,0.0,0.0,0,0.0,0.0,0.0,0.0,0,0.0,0.0,0.0,0.0,0,0.0,0.0,0.0,0.0,0,0.0,0.0,0.0,0.0,,,,,,,,,,,0.0,0.0,2.0,2.0,1.8150000000000004,0,0.0,0.0,0.0,0.0,0,0.0,0.0,0.0,0.0,0.0,0.0,2.4266666666666667,2.4266666666666667,2.2022000000000004,-7.28,0.0,0.0,,,0.0,0.0,0.0,0.0,,0.8241758241758242,0.5357142857142858,-7.28,7.28,3.0,1.5436350183150185,1.1550754900582618,0.6195201249714308,3.276193752105433,60.0,Stable,,,"['Limited recent opportunity', 'Opportunity rising faster than production', 'Recent production is declining', 'Production has significant TD dependence']",Cam Akers,RB,,1.947856938538432,3.089993,1.947856938538432,7.0,backup,Depth chart: RB7. Higher-ranked teammate is active; recent usage is not treated as a starting role.,healthy_backup,6.947856938538432
00-0039794,Braelon Allen,Braelon Allen,RB,RB,"https://static.www.nfl.com/image/upload/f_auto,q_auto/league/fmpzgmfjmcbrv1gmqbdn",2026,1,REG,2026_01_NYJ_TEN,NYJ,DET,0,0,0,0,0,0,0,0,0,0,0,0,,,0,,0,0,0,0,10,40,0,0,0,3,-0.5668610517535542,0,0,0,0,0,0,1,0,0,0,0,0,0,0,-0.9707272544964689,0,0,0,0,0,,0.043478260869565216,0.0,0.06521739130434782,0,0,0,0,0,0,0,0.0,0.0,0,0,0,0,0,0,0,0,0,0,0,0,0,0,0,0,0,0,0,0,0,0,0,0,0,0,0,0,0,0,0,0,0,,,0,0,0,0,0,0,0,0,0,0,0,0,,,,0,0,0,0,0,0,0,,0,0,0,0,0,0,0,,0,0,0,0,0,0,0,0,0,0,4.0,4.0,0,0,4.0,0.0,4.0,2026,1,,,,,4.0,0.4,0.0,0,0,4.0,2.3,3.1,2.6,2.7713,1,0.5,1.0,1.0,0.888625,10,7.0,6.666666666666667,5.5,6.6395,0,0.0,5.666666666666667,4.25,2.3141250000000007,40,33.0,32.0,26.75,30.348875,0,0.0,0.6666666666666666,0.5,0.27225,,,,,,,,,,,0.0,0.0,0.0,0.0,0.0,0,0.0,0.0,0.0,0.0,0,0.0,0.0,0.0,0.0,4.0,2.3,3.1,2.6,2.7713,-0.6000000000000005,-1.0,3.0,,,0.0,0.0,4.54035,0.6500000000000001,0.6103714471351328,0.0,0.0,-0.6000000000000005,1.2500000000000007,4.0,3.05528,0.5834111675310989,4.30052142259683,5.642367107918357,64.54035,Stable,,,['Projection primarily follows recent baseline'],Braelon Allen,RB,,4.971444265257594,4.380659,4.971444265257594,2.0,backup,Depth chart: RB2. Higher-ranked teammate is active; recent usage is not treated as a starting role.,healthy_backup,6.871444265257595
00-0038129,Cade Otton,Cade Otton,TE,TE,"https://static.www.nfl.com/image/upload/f_auto,q_auto/league/yanr6h9aplae3jyzimf7",2026,1,REG,2026_01_TB_CIN,TB,MIN,0,0,0,0,0,0,0,0,0,0,0,0,,,0,,0,0,0,0,0,0,0,0,0,0,,0,0,0,0,0,3,5,26,0,0,0,32,27,3,-0.08903906896011904,0,2,0,0,0,0.8125,0.18518518518518517,0.22377622377622378,0.4344211344211344,0,0,0,0,0,0,0,0.0,0.0,0,0,0,0,0,0,0,0,0,0,0,0,0,0,0,0,0,0,1,5,0,0,0,0,0,0,0,0,0,0,0,0,0,,,0,0,0,0,0,0,0,0,0,0,0,0,,,,0,0,0,0,0,0,0,,0,0,0,0,0,0,0,,0,0,0,0,0,0,0,0,0,0,2.6,5.6,0,0,2.6,0.0,2.6,2026,1,,,,,0.52,,0.0,0,0,2.6,9.0,7.1000000000000005,5.7,5.680275,5,7.0,6.0,5.0,5.35475,0,0.0,0.0,0.0,0.0,26,60.0,51.0,42.0,41.952749999999995,0,0.0,0.0,0.0,0.0,3,5.0,4.666666666666667,4.0,3.9597499999999997,,,,,,,,,,,0.0,3.0,2.0,1.5,1.4849999999999999,0,0.0,0.0,0.0,0.0,0,0.0,0.0,0.0,0.0,2.6,9.0,7.1000000000000005,5.7,5.680275,6.6,4.0,0.0,,,0.0,0.0,5.35475,4.0,1.0607918203464213,0.2614310046608659,0.16993015302956282,6.6,-2.5999999999999996,4.0,7.438165,2.09575453049731,2.428014834505021,7.248250254648834,65.2589954695027,Momentum confirmed,,,"['Role is trending upward', 'Recent production is improving']",Cade Otton,TE,,4.838132544576927,5.428668,4.838132544576927,1.0,starter,Depth chart: TE1.,,6.838132544576927
00-0041037,Denzel Boston,Denzel Boston,WR,WR,"https://static.www.nfl.com/image/upload/f_auto,q_auto/league/ybkny6eh5eegq3bqmony",2026,1,REG,2026_01_CLE_JAX,CLE,CAR,0,0,0,0,0,0,0,0,0,0,0,0,,,0,,0,0,0,0,0,0,0,0,0,0,,0,0,0,0,0,2,4,59,1,0,0,114,2,2,5.169828865567287,0,2,1,1,1,0.5175438596491229,0.18181818181818182,0.5,0.6227272727272727,0,0,0,0,0,0,0,0.0,0.0,0,0,0,0,0,0,0,0,0,0,0,0,0,0,0,0,0,0,0,0,0,0,0,0,0,0,0,0,0,0,0,0,0,,,0,0,0,0,0,0,0,0,0,0,0,0,,,,0,0,0,0,0,0,0,,0,0,0,0,0,0,0,,0,0,0,0,0,0,0,0,0,0,11.9,13.9,0,0,11.9,6.0,5.9,2026,1,,,,,2.975,,0.5042016806722689,0,0,11.9,11.9,11.9,11.9,11.9,4,4.0,4.0,4.0,4.0,0,0.0,0.0,0.0,0.0,59,59.0,59.0,59.0,59.0,0,0.0,0.0,0.0,0.0,2,2.0,2.0,2.0,2.0,,,,,,,,,,,6.0,6.0,6.0,6.0,6.0,0,0.0,0.0,0.0,0.0,0,0.0,0.0,0.0,0.0,11.9,11.9,11.9,11.9,11.9,,,,,,,,4.0,0.0,2.975,0.5042016806722689,0.3277310924369748,,0.0,1.0,11.791596638655463,0.0,6.818642170430692,6.818642170430692,,Stable,,,['Projection primarily follows recent baseline'],Denzel Boston,WR,,6.818642170430692,6.3359556,6.818642170430692,3.0,backup,Depth chart: WR3. Higher-ranked teammate is active; recent usage is not treated as a starting role.,healthy_backup,6.818642170430692
00-0038938,Jalin Hyatt,Jalin Hyatt,WR,WR,"https://static.www.nfl.com/image/upload/f_auto,q_auto/league/fqgvjckxe03pr4eup6m7",2026,-1,REG,2025_15_WAS_NYG,NYG,TEN,0,0,0,0,0,0,0,0,0,0,0,0,,,0,,0,0,0,0,0,0,0,0,0,0,,0,0,0,0,0,0,1,0,0,0,0,14,0,0,-3.3390387586550787,0,0,0,0,0,0.0,0.027777777777777776,0.03255813953488372,0.06445736434108526,0,1,0,0,0,0,0,0.0,0.0,0,0,0,0,0,0,0,0,0,0,0,0,0,0,0,0,0,0,0,0,0,0,0,0,0,0,0,0,0,0,0,0,0,,,0,0,0,0,0,0,0,0,0,0,0,0,,,,0,0,0,0,0,0,0,,0,0,0,0,0,0,0,,0,0,0,0,0,0,0,0,0,0,0.0,0.0,0,0,0.0,0.0,0.0,2025,15,,,,,0.0,,,0,0,0.0,0.9,0.6,0.6,0.4455,1,2.5,1.6666666666666667,1.6666666666666667,1.44,0,0.0,0.0,0.0,0.0,0,9.0,6.0,6.0,4.455,0,0.0,0.0,0.0,0.0,0,1.0,0.6666666666666666,0.6666666666666666,0.495,,,,,,,,,,,0.0,0.0,0.0,0.0,0.0,0,0.0,0.0,0.0,0.0,0,0.0,0.0,0.0,0.0,0.0,0.9,0.6,0.6,0.4455,0.9,2.5,0.0,,,0.0,0.0,1.44,2.5,0.309375,0.0,0.0,0.9,1.6,3.0,1.3822999999999999,0.29412793134960846,2.223258665015852,2.8997529071199515,61.44,Emerging opportunity,,,"['Limited recent opportunity', 'Role is trending upward']",Jalin Hyatt,WR,,2.561505786067902,2.0232594,2.561505786067902,7.0,backup,Depth chart: WR7. Higher-ranked teammate is active; recent usage is not treated as a starting role.,healthy_backup,6.661505786067902
00-0037557,Ronnie Rivers,Ronnie Rivers,RB,RB,"https://static.www.nfl.com/image/upload/f_auto,q_auto/league/t9l7jhs1jw1joy8jpxee",2026,1,REG,2026_01_SF_LA,LAR,DEN,0,0,0,0,0,0,0,0,0,0,0,0,,,0,,0,0,0,0,5,19,0,0,0,1,-2.7379202545271255,0,0,0,0,0,1,1,5,0,0,0,2,3,1,0.43669228052021936,0,0,0,0,0,2.5,0.037037037037037035,0.00784313725490196,0.06104575163398693,0,0,0,0,0,0,0,0.0,0.0,0,0,0,0,0,0,0,0,0,0,0,0,0,0,0,0,0,0,0,0,0,0,0,0,0,0,0,0,0,0,0,0,0,,,0,0,0,0,0,0,0,0,0,0,0,0,,,,0,0,0,0,0,0,0,,0,0,0,0,0,0,0,,0,0,0,0,0,0,0,0,0,0,2.4000000000000004,3.4000000000000004,0,0,2.4000000000000004,0.0,2.4000000000000004,2026,1,,,,,2.4000000000000004,0.4800000000000001,0.0,0,0,2.4000000000000004,1.2000000000000002,0.8000000000000002,0.6000000000000001,1.08,1,1.0,0.6666666666666666,0.5,0.6975,5,2.5,1.6666666666666667,1.25,2.25,5,2.5,1.6666666666666667,1.25,2.25,19,9.5,6.333333333333333,4.75,8.549999999999999,1,0.5,0.3333333333333333,0.25,0.44999999999999996,,,,,,,,,,,0.0,0.0,0.0,0.0,0.0,0,0.0,0.0,0.0,0.0,0,0.0,0.0,0.0,0.0,2.4000000000000004,1.2000000000000002,0.8000000000000002,0.6000000000000001,1.08,1.2000000000000002,1.0,2.5,,,0.0,0.0,1.935,2.375,0.5581395348837209,0.0,0.0,1.2000000000000002,1.1749999999999998,4.0,1.76925,0.6281910537408186,2.3814470464881374,3.82628647009202,61.935,Emerging opportunity,,,"['Limited recent opportunity', 'Role is trending upward']",Ronnie Rivers,RB,,3.1038667582900787,2.7311742,3.1038667582900787,3.0,backup,Depth chart: RB3. Higher-ranked teammate is active; recent usage is not treated as a starting role.,healthy_backup,6.653866758290079
00-0037745,Velus Jones Jr.,Velus Jones Jr.,WR,WR,"https://static.www.nfl.com/image/upload/f_auto,q_auto/league/d4y5fxivhcxk34q7stpb",2026,-1,POST,2025_20_SF_SEA,SEA,WAS,0,0,0,0,0,0,0,0,0,0,0,0,,,0,,0,0,0,0,6,10,0,0,0,0,-3.1957502705045044,0,0,0,0,0,0,0,0,0,0,0,0,0,0,,0,0,0,0,0,,0.0,0.0,0.0,0,0,0,1,0,0,0,0.0,0.0,0,0,0,0,0,0,0,0,0,0,0,0,0,0,0,0,0,0,0,0,0,0,0,0,0,0,0,0,0,0,0,0,0,,,0,0,0,0,0,0,0,0,0,0,0,0,,,,0,0,0,0,0,0,0,,0,0,0,0,0,0,0,,0,0,0,0,0,0,0,0,0,0,1.0,1.0,0,0,1.0,0.0,1.0,2025,20,,,,,,0.16666666666666666,0.0,0,0,1.0,2.1,1.4000000000000001,1.4000000000000001,1.242,0,0.0,0.0,0.0,0.0,6,5.0,3.3333333333333335,3.3333333333333335,3.6899999999999995,0,0.0,0.0,0.0,0.0,10,21.0,14.0,14.0,12.42,0,0.0,0.0,0.0,0.0,,,,,,,,,,,0.0,0.0,0.0,0.0,0.0,0,0.0,0.0,0.0,0.0,0,0.0,0.0,0.0,0.0,1.0,2.1,1.4000000000000001,1.4000000000000001,1.242,2.1,0.0,5.0,,,0.0,0.0,2.0295,2.75,0.6119733924611973,0.0,0.0,2.1,0.6499999999999999,3.0,2.2676999999999996,0.36631440048133523,2.7573694387702563,3.5998925598773273,62.0295,Momentum confirmed,,,"['Limited recent opportunity', 'Role is trending upward', 'Recent production is improving']",Velus Jones Jr.,WR,,3.178630999323792,2.9617283,3.178630999323792,4.0,backup,Depth chart: RB4. Higher-ranked teammate is active; recent usage is not treated as a starting role.,healthy_backup,6.578630999323792
00-0033699,Austin Ekeler,Austin Ekeler,RB,RB,"https://static.www.nfl.com/image/upload/f_auto,q_auto/league/sldndpn2zwt4uhkj2zks",2026,-1,REG,2025_02_WAS_GB,WAS,SEA,0,0,0,0,0,0,0,0,0,0,0,0,,,0,,0,0,0,0,8,17,0,0,0,2,-0.9175651054829359,0,0,0,0,0,2,4,7,0,0,0,19,11,0,-2.4085788800652908,0,0,0,0,0,0.3684210526315789,0.1,0.06810035842293907,0.1976702508960574,0,0,0,0,0,0,0,0.0,0.0,0,0,0,0,0,0,0,0,0,0,0,0,0,0,0,0,0,0,0,0,0,0,0,0,0,0,0,0,0,0,0,0,0,,,0,0,0,0,0,0,0,0,0,0,0,0,,,,0,0,0,0,0,0,0,,0,0,0,0,0,0,0,,0,0,0,0,0,0,0,0,0,0,2.4000000000000004,4.4,0,0,2.4000000000000004,0.0,2.4000000000000004,2025,2,,,,,0.6000000000000001,0.30000000000000004,0.0,0,0,2.4000000000000004,4.050000000000001,4.050000000000001,4.050000000000001,4.215,4,3.5,3.5,3.5,3.45,8,7.0,7.0,7.0,6.9,7,19.0,19.0,19.0,20.2,17,21.5,21.5,21.5,21.95,2,2.5,2.5,2.5,2.55,,,,,,,,,,,0.0,0.0,0.0,0.0,0.0,0,0.0,0.0,0.0,0.0,0,0.0,0.0,0.0,0.0,2.4000000000000004,4.050000000000001,4.050000000000001,4.050000000000001,4.215,,,,,,,,7.245000000000001,0.0,0.5817805383022774,0.0,0.0,,0.0,2.0,4.149,0.679511589305142,5.764815104320675,7.3276917597225015,,Stable,,,['Healthy recent opportunity'],Austin Ekeler,RB,,6.546253432021588,6.3471975,6.546253432021588,,,,,6.546253432021588
00-0040586,Jaydon Blue,Jaydon Blue,RB,RB,"https://static.www.nfl.com/image/upload/f_auto,q_auto/league/lscygdlqczomp0l9oykv",2026,-1,REG,2025_18_DAL_NYG,DAL,BAL,0,0,0,0,0,0,0,0,0,0,0,0,,,0,,0,0,0,0,16,64,1,0,0,4,-1.2040237615001388,0,4,2,1,0,0,0,0,0,0,0,0,0,0,,0,0,0,0,0,,0.0,0.0,0.0,0,0,0,0,0,0,0,0.0,0.0,0,0,0,0,0,0,0,0,0,0,0,0,0,0,0,0,0,0,0,0,0,0,0,0,0,0,0,0,0,0,0,0,0,,,0,0,0,0,0,0,0,0,0,0,0,0,,,,0,0,0,0,0,0,0,,0,0,0,0,0,0,0,,0,0,0,0,0,0,0,0,0,0,12.4,12.4,0,0,12.4,6.0,6.4,2025,18,,,,,,0.775,0.48387096774193544,0,0,12.4,7.65,6.233333333333334,6.233333333333334,7.32625,0,0.0,0.3333333333333333,0.3333333333333333,0.30250000000000005,16,12.0,10.333333333333334,10.333333333333334,11.2975,0,0.0,1.6666666666666667,1.6666666666666667,1.5125000000000002,64,46.5,40.666666666666664,40.666666666666664,44.75,0,0.0,0.3333333333333333,0.3333333333333333,0.30250000000000005,,,,,,,,,,,6.0,3.0,2.0,2.0,2.6999999999999997,0,0.0,0.0,0.0,0.0,0,0.0,0.0,0.0,0.0,12.4,7.65,6.233333333333334,6.233333333333334,7.32625,4.25,-1.0,5.0,,,0.0,0.0,6.516125000000001,1.75,1.1243261907959101,0.3685377921856338,0.23954956492066198,4.25,-2.5,3.0,7.5015833333333335,2.2879565664583756,4.059102539782384,9.321402642636649,66.22816843354163,Momentum confirmed,,,['Recent production is improving'],Jaydon Blue,RB,,6.690252591209516,6.5617065,6.690252591209516,2.0,backup,Depth chart: RB2. Higher-ranked teammate is active; recent usage is not treated as a starting role.,healthy_backup,6.440252591209516
00-0035662,Marquise Brown,Marquise Brown,WR,WR,"https://static.www.nfl.com/image/upload/f_auto,q_auto/league/shkjxggufymydgp6wk3p",2026,-1,REG,2025_18_KC_LV,KC,MIA,0,0,0,0,0,0,0,0,0,0,0,0,,,0,,0,0,0,0,0,0,0,0,0,0,,0,0,0,0,0,3,6,64,0,0,0,132,28,2,-0.22857965127332136,0,2,1,1,1,0.48484848484848486,0.2,0.5919282511210763,0.7143497757847534,0,0,0,0,0,0,0,0.0,0.0,0,0,0,0,0,0,0,0,0,0,0,0,0,0,0,0,0,0,0,0,0,0,0,0,0,0,0,0,0,0,0,0,0,,,0,0,0,0,0,0,0,0,0,0,0,0,,,,0,0,0,0,0,0,0,,0,0,0,0,0,0,0,,0,0,0,0,0,0,0,0,0,0,6.4,9.4,0,0,6.4,0.0,6.4,2025,18,,,,,1.0666666666666667,,0.0,0,0,6.4,3.5500000000000003,3.1,3.1,3.71875,6,4.5,4.0,4.0,4.35,0,0.0,0.0,0.0,0.0,64,35.5,31.0,31.0,37.1875,0,0.0,0.0,0.0,0.0,3,2.0,2.3333333333333335,2.3333333333333335,2.505,,,,,,,,,,,0.0,0.0,0.0,0.0,0.0,0,0.0,0.0,0.0,0.0,0,0.0,0.0,0.0,0.0,6.4,3.5500000000000003,3.1,3.1,3.71875,1.35,1.5,0.0,,,0.0,0.0,4.35,1.5,0.8548850574712644,0.0,0.0,1.35,0.1499999999999999,3.0,3.99625,1.2375909057519776,3.317362024780877,6.163821108010426,64.35,Momentum confirmed,,,['Projection primarily follows recent baseline'],Marquise Brown,WR,,4.7405915663956515,4.3065457,4.7405915663956515,5.0,backup,Depth chart: WR5. Higher-ranked teammate is active; recent usage is not treated as a starting role.,healthy_backup,6.390591566395651
00-0039398,Joe Milton III,Joe Milton III,QB,QB,"https://static.www.nfl.com/image/upload/f_auto,q_auto/league/tsj9lobse1gxzanf39dt",2026,-1,REG,2025_18_DAL_NYG,DAL,BAL,7,13,73,0,1,0,0,0,0,137,54,3,-5.205264354322248,-6.281208246946335,0,0.5328467153284672,3,1,1,0,4,43,0,0,0,1,3.3317891443148255,0,2,2,1,0,0,0,0,0,0,0,0,0,0,,0,0,0,0,0,,0.0,0.0,0.0,0,0,0,0,0,0,0,0.0,0.0,0,0,0,0,0,0,0,0,0,0,0,0,0,0,0,0,0,0,0,0,0,0,0,0,0,0,0,0,0,0,0,0,0,,,0,0,0,0,0,0,0,0,0,0,0,0,,,,0,0,0,0,0,0,0,,0,0,0,0,0,0,0,,0,0,0,0,0,0,0,0,0,0,5.22,5.22,0,0,7.22,0.0,7.22,2025,18,,,,,,1.805,0.0,0,0,7.22,3.1799999999999997,4.8933333333333335,4.8933333333333335,5.552950000000001,0,0.0,0.0,0.0,0.0,4,2.5,1.6666666666666667,1.6666666666666667,2.0475,0,0.0,0.0,0.0,0.0,43,25.0,16.666666666666668,16.666666666666668,21.082499999999996,0,0.0,0.0,0.0,0.0,,,,,,,,,,,0.0,0.0,2.0,2.0,1.8150000000000004,0,0.0,0.0,0.0,0.0,0,0.0,0.0,0.0,0.0,7.22,3.1799999999999997,4.8933333333333335,4.8933333333333335,5.552950000000001,-5.140000000000001,0.0,2.5,,,0.0,0.0,1.126125,1.375,4.931024531024532,0.32685329419497744,0.21245464122673535,-5.140000000000001,6.515000000000001,3.0,0.0,1.300761522749911,0.0,0.0,61.126125,Stable,,,"['Limited recent opportunity', 'Opportunity rising faster than production', 'Recent production is declining']",Joe Milton III,QB,,0.0,0.0,13.503737965719106,2.0,backup,Depth chart: QB2. Higher-ranked teammate is active; recent usage is not treated as a starting role.,healthy_backup,6.375
00-0037267,Jerome Ford,Jerome Ford,RB,RB,"https://static.www.nfl.com/image/upload/f_auto,q_auto/league/rntmoum7ncnyo5j2bdei",2026,-1,REG,2025_14_TEN_CLE,CLE,CAR,0,0,0,0,0,0,0,0,0,0,0,0,,,0,,0,0,0,0,0,0,0,0,0,0,,0,0,0,0,0,2,3,10,0,0,0,-8,24,1,1.6791086705343332,0,0,0,0,0,-1.25,0.07894736842105263,-0.02622950819672131,0.10006039689387403,0,0,0,0,0,0,0,0.0,0.0,0,0,0,0,0,0,0,0,0,0,0,0,0,0,0,0,0,0,0,0,0,0,0,0,0,0,0,5,113,0,0,0,0,,,0,0,0,0,0,0,0,0,0,0,0,0,,,,0,0,0,0,0,0,0,,0,0,0,0,0,0,0,,0,0,0,0,0,0,0,0,0,0,1.0,3.0,0,0,1.0,0.0,1.0,2025,14,,,,,0.3333333333333333,,0.0,0,0,1.0,1.35,0.8000000000000002,0.8000000000000002,0.78,3,3.0,2.0,2.0,2.0925,0,0.0,0.3333333333333333,0.3333333333333333,0.30250000000000005,10,13.5,9.0,9.0,8.7075,0,0.0,-1.0,-1.0,-0.9075000000000002,2,2.5,1.6666666666666667,1.6666666666666667,1.6424999999999998,,,,,,,,,,,0.0,0.0,0.0,0.0,0.0,0,0.0,0.0,0.0,0.0,0,0.0,0.0,0.0,0.0,1.0,1.35,0.8000000000000002,0.8000000000000002,0.78,1.6500000000000001,3.0,-1.0,,,0.0,0.0,2.2588749999999997,2.45,0.3453046317303968,0.0,0.0,1.6500000000000001,0.8,3.0,1.6455000000000002,0.21740285186721905,2.8636409325271477,3.3636674918217513,62.258875,Momentum confirmed,,,"['Limited recent opportunity', 'Role is trending upward']",Jerome Ford,RB,,3.1136542121744495,2.559737,3.1136542121744495,7.0,backup,Depth chart: RB7. Higher-ranked teammate is active; recent usage is not treated as a starting role.,healthy_backup,6.36365421217445
00-0035631,Drew Sample,Drew Sample,TE,TE,"https://static.www.nfl.com/image/upload/f_auto,q_auto/league/mmxrr2k7gdfowqpyxtr7",2026,1,REG,2026_01_TB_CIN,CIN,PIT,0,0,0,0,0,0,0,0,0,0,0,0,,,0,,0,0,0,0,0,0,0,0,0,0,,0,0,0,0,0,3,3,19,0,0,0,0,19,1,0.8812849599635229,0,1,0,0,0,0.0,0.08823529411764706,0.0,0.1323529411764706,0,0,0,0,0,0,0,0.0,0.0,0,0,0,0,0,0,0,0,0,0,0,0,0,0,0,0,0,0,0,0,0,0,0,0,0,0,0,0,0,0,0,0,0,,,0,0,0,0,0,0,0,0,0,0,0,0,,,,0,0,0,0,0,0,0,,0,0,0,0,0,0,0,,0,0,0,0,0,0,0,0,0,0,1.9000000000000001,4.9,0,0,1.9000000000000001,0.0,1.9000000000000001,2026,1,,,,,0.6333333333333334,,0.0,0,0,1.9000000000000001,1.8000000000000003,1.4666666666666668,1.875,1.9004125000000003,3,3.0,2.3333333333333335,2.25,2.561375,0,0.0,0.0,0.0,0.0,19,18.0,14.666666666666666,18.75,19.004125000000002,0,0.0,0.0,0.0,0.0,3,3.0,2.3333333333333335,2.25,2.561375,,,,,,,,,,,0.0,0.0,0.0,0.0,0.0,0,0.0,0.0,0.0,0.0,0,0.0,0.0,0.0,0.0,1.9000000000000001,1.8000000000000003,1.4666666666666668,1.875,1.9004125000000003,-0.1499999999999999,1.5,0.0,,,0.0,0.0,2.561375,1.5,0.7419501244448784,0.0,0.0,-0.1499999999999999,1.65,4.0,2.3131641666666667,0.16501382771183484,3.0030926184260447,3.3826244221632646,62.561375,Stable,,,['Limited recent opportunity'],Drew Sample,TE,,3.1928585202946547,2.7948081,3.1928585202946547,2.0,backup,Depth chart: TE2. Higher-ranked teammate is active; recent usage is not treated as a starting role.,healthy_backup,6.342858520294655
00-0036133,James Proche,James Proche,WR,WR,"https://static.www.nfl.com/image/upload/f_auto,q_auto/league/s1jyxzrzgn2od1sempye",2026,-1,REG,2025_18_TEN_JAX,TEN,NYG,0,0,0,0,0,0,0,0,0,0,0,0,,,0,,0,0,0,0,0,0,0,0,0,0,,0,0,0,0,0,1,1,5,0,0,0,5,0,0,-0.12541355728171766,0,0,0,0,0,1.0,0.030303030303030304,0.03937007874015748,0.07301360057265568,0,0,0,0,0,0,0,0.0,0.0,0,0,0,0,0,0,0,0,0,0,0,0,0,0,0,0,0,0,1,15,0,0,0,0,0,0,0,0,0,0,0,0,0,,,0,0,0,0,0,0,0,0,0,0,0,0,,,,0,0,0,0,0,0,0,,0,0,0,0,0,0,0,,0,0,0,0,0,0,0,0,0,0,0.5,1.5,0,0,0.5,0.0,0.5,2025,18,,,,,0.5,,0.0,0,0,0.5,0.5,0.3333333333333333,0.3333333333333333,0.34875,1,3.0,2.3333333333333335,2.3333333333333335,1.99,0,0.0,0.0,0.0,0.0,5,5.0,3.3333333333333335,3.3333333333333335,3.4875,0,0.0,0.0,0.0,0.0,1,1.0,0.6666666666666666,0.6666666666666666,0.6975,,,,,,,,,,,0.0,0.0,0.0,0.0,0.0,0,0.0,0.0,0.0,0.0,0,0.0,0.0,0.0,0.0,0.5,0.5,0.3333333333333333,0.3333333333333333,0.34875,0.5,2.0,0.0,,,0.0,0.0,1.99,2.0,0.17525125628140703,0.0,0.0,0.5,1.5,3.0,1.0425833333333332,0.07933210783367181,2.672798636454556,2.855262484472001,61.99,Stable,,,"['Limited recent opportunity', 'Role is trending upward']",James Proche,WR,,2.7640305604632784,2.2872927,2.7640305604632784,,,,,6.264030560463278
00-0038794,Jaleel McLaughlin,Jaleel McLaughlin,RB,RB,"https://static.www.nfl.com/image/upload/f_auto,q_auto/league/jlzkji7mfkcmkyz2tygj",2026,-1,POST,2025_21_NE_DEN,DEN,LAR,0,0,0,0,0,0,0,0,0,0,0,0,,,0,,0,0,0,0,4,11,0,0,0,0,-0.9013503900496289,0,0,0,0,0,1,2,2,0,0,0,-3,7,0,-1.2745839812560007,0,0,0,0,0,-0.6666666666666666,0.07407407407407407,-0.016483516483516484,0.09957264957264957,0,0,0,0,0,0,0,0.0,0.0,0,0,0,0,0,0,0,0,0,0,0,0,0,0,0,0,0,0,0,0,0,0,0,0,0,0,0,0,0,0,0,0,0,,,0,0,0,0,0,0,0,0,0,0,0,0,,,,0,0,0,0,0,0,0,,0,0,0,0,0,0,0,,0,0,0,0,0,0,0,0,0,0,1.3,2.3,0,0,1.3,0.0,1.3,2025,21,,,,,0.65,0.325,0.0,0,0,1.3,1.7000000000000002,3.066666666666667,3.066666666666667,2.8592500000000007,2,1.5,1.6666666666666667,1.6666666666666667,1.7525,4,4.0,4.666666666666667,4.666666666666667,4.605,2,1.0,6.333333333333333,6.333333333333333,6.0425,11,16.0,24.333333333333332,24.333333333333332,22.55,1,0.5,0.6666666666666666,0.6666666666666666,0.7525,,,,,,,,,,,0.0,0.0,0.0,0.0,0.0,0,0.0,0.0,0.0,0.0,0,0.0,0.0,0.0,0.0,1.3,1.7000000000000002,3.066666666666667,3.066666666666667,2.8592500000000007,-4.1000000000000005,-0.5,-2.0,,,0.0,0.0,4.2852500000000004,-1.6,0.6672306166501372,0.0,0.0,-4.1000000000000005,2.5000000000000004,3.0,2.382216666666667,0.7483032072629385,4.482814142762512,6.203911519467271,64.28525,Downtrend confirmed,,,"['Opportunity rising faster than production', 'Recent production is declining']",Jaleel McLaughlin,RB,,5.3433628311148915,4.5729847,5.3433628311148915,3.0,backup,Depth chart: RB3. Higher-ranked teammate is active; recent usage is not treated as a starting role.,healthy_backup,6.243362831114892
00-0034159,Will Dissly,Will Dissly,TE,TE,"https://static.www.nfl.com/image/upload/f_auto,q_auto/league/b2s1wwxsgkenwlxmncu3",2026,-1,REG,2025_18_LAC_DEN,LAC,BUF,0,0,0,0,0,0,0,0,0,0,0,0,,,0,,0,0,0,0,0,0,0,0,0,0,,0,0,0,0,0,1,5,6,0,0,0,37,1,0,-2.691400724404957,0,0,0,0,0,0.16216216216216217,0.13157894736842105,0.09367088607594937,0.2629380413057961,0,0,0,0,0,0,0,0.0,0.0,0,0,0,0,0,0,0,0,0,0,0,0,0,0,0,0,0,0,0,0,0,0,0,0,0,0,0,0,0,0,0,0,0,,,0,0,0,0,0,0,0,0,0,0,0,0,,,,0,0,0,0,0,0,0,,0,0,0,0,0,0,0,,0,0,0,0,0,0,0,0,0,0,0.6000000000000001,1.6,0,0,0.6000000000000001,0.0,0.6000000000000001,2025,18,,,,,0.12000000000000002,,0.0,0,0,0.6000000000000001,1.25,1.7666666666666668,1.7666666666666668,1.5872500000000003,5,3.5,3.3333333333333335,3.3333333333333335,3.6525,0,0.0,0.0,0.0,0.0,6,12.5,17.666666666666668,17.666666666666668,15.872500000000002,0,0.0,0.0,0.0,0.0,1,1.5,2.0,2.0,1.8525,,,,,,,,,,,0.0,0.0,0.0,0.0,0.0,0,0.0,0.0,0.0,0.0,0,0.0,0.0,0.0,0.0,0.6000000000000001,1.25,1.7666666666666668,1.7666666666666668,1.5872500000000003,-1.5500000000000003,0.5,0.0,,,0.0,0.0,3.6525,0.5,0.4345653661875429,0.0,0.0,-1.5500000000000003,2.0500000000000003,3.0,1.8340166666666669,0.4396085493557498,3.1656225563599407,4.176722219878165,63.6525,Stable,,,['Opportunity rising faster than production'],Will Dissly,TE,,3.6711723881190528,3.5457494,3.6711723881190528,,,,,6.221172388119053
00-0040021,Phil Mafah,Phil Mafah,RB,RB,"https://static.www.nfl.com/image/upload/f_auto,q_auto/league/r91conel40ilon72blzb",2026,-1,REG,2025_18_DAL_NYG,DAL,BAL,0,0,0,0,0,0,0,0,0,0,0,0,,,0,,0,0,0,0,5,18,1,0,0,2,1.0730276003014296,0,0,0,0,0,2,2,11,0,0,0,-11,22,1,-0.13909286505077034,0,1,0,0,0,-1.0,0.08695652173913043,-0.06179775280898876,0.08717635564240352,0,0,0,0,0,0,0,0.0,0.0,0,0,0,0,0,0,0,0,0,0,0,0,0,0,0,0,0,0,2,20,0,0,0,0,0,0,0,0,0,0,0,0,0,,,0,0,0,0,0,0,0,0,0,0,0,0,,,,0,0,0,0,0,0,0,,0,0,0,0,0,0,0,,0,0,0,0,0,0,0,0,0,0,8.9,10.9,0,0,8.9,6.0,2.9000000000000004,2025,18,,,,,4.45,1.78,0.6741573033707865,0,0,8.9,8.9,8.9,8.9,8.9,2,2.0,2.0,2.0,2.0,5,5.0,5.0,5.0,5.0,11,11.0,11.0,11.0,11.0,18,18.0,18.0,18.0,18.0,2,2.0,2.0,2.0,2.0,,,,,,,,,,,6.0,6.0,6.0,6.0,6.0,0,0.0,0.0,0.0,0.0,0,0.0,0.0,0.0,0.0,8.9,8.9,8.9,8.9,8.9,,,,,,,,4.75,0.0,1.8736842105263158,0.6741573033707865,0.43820224719101125,,0.0,1.0,8.451685393258428,0.0,6.183468350322206,6.183468350322206,,Stable,,,['Production has significant TD dependence'],Phil Mafah,RB,,6.183468350322206,5.6517243,6.183468350322206,4.0,backup,Depth chart: RB4. Higher-ranked teammate is active; recent usage is not treated as a starting role.,healthy_backup,6.183468350322206
00-0036876,Kylen Granson,Kylen Granson,TE,TE,"https://static.www.nfl.com/image/upload/f_auto,q_auto/league/ysbxmdw4da30q3kjb571",2026,-1,REG,2025_18_WAS_PHI,PHI,CHI,0,0,0,0,0,0,0,0,0,0,0,0,,,0,,0,0,0,0,0,0,0,0,0,0,,0,0,0,0,0,4,5,30,0,0,0,31,9,1,-0.49652601467096247,0,1,0,0,0,0.967741935483871,0.14705882352941177,0.08093994778067885,0.27724619874059286,0,1,0,0,0,0,0,0.0,0.0,0,0,0,0,0,0,0,0,0,0,0,0,0,0,0,0,0,0,0,0,0,0,0,0,0,0,0,0,0,0,0,0,0,,,0,0,0,0,0,0,0,0,0,0,0,0,,,,0,0,0,0,0,0,0,,0,0,0,0,0,0,0,,0,0,0,0,0,0,0,0,0,0,3.0,7.0,0,0,3.0,0.0,3.0,2025,18,,,,,0.6,,0.0,0,0,3.0,1.5,1.0,1.0,1.3499999999999999,5,2.5,1.6666666666666667,1.6666666666666667,2.25,0,0.0,0.0,0.0,0.0,30,15.0,10.0,10.0,13.499999999999998,0,0.0,0.0,0.0,0.0,4,2.0,1.3333333333333333,1.3333333333333333,1.7999999999999998,,,,,,,,,,,0.0,0.0,0.0,0.0,0.0,0,0.0,0.0,0.0,0.0,0,0.0,0.0,0.0,0.0,3.0,1.5,1.0,1.0,1.3499999999999999,1.5,2.5,0.0,,,0.0,0.0,2.25,2.5,0.6,0.0,0.0,1.5,1.0,3.0,2.085,0.7413501197140256,1.8123552517997816,3.5174605271420405,62.25,Momentum confirmed,,,"['Limited recent opportunity', 'Role is trending upward']",Kylen Granson,TE,,2.664907889470911,2.2019908,2.664907889470911,3.0,backup,Depth chart: TE3. Higher-ranked teammate is active; recent usage is not treated as a starting role.,healthy_backup,6.164907889470911
00-0027973,Andy Dalton,Andy Dalton,QB,QB,"https://static.www.nfl.com/image/upload/f_auto,q_auto/league/sfsneh0bn46e2kwve7sr",2026,-1,REG,2025_08_BUF_CAR,CAR,CLE,16,24,175,0,1,7,-45,1,1,195,51,11,-12.860889769130974,3.698212037915769,0,0.8974358974358975,8,5,1,0,2,1,0,1,1,0,-5.657050234382041,0,0,0,0,0,0,0,0,0,0,0,0,0,0,,0,0,0,0,0,,0.0,0.0,0.0,0,0,0,1,0,0,0,0.0,0.0,0,0,0,0,0,0,0,0,0,0,0,0,0,1,0,0,0,0,0,0,2,0,0,2,2,0,0,0,0,0,0,0,0,,,0,0,0,0,0,0,0,0,0,0,0,0,,,,0,0,0,0,0,0,0,,0,0,0,0,0,0,0,,0,0,0,0,0,0,0,0,0,0,1.0999999999999996,1.0999999999999996,0,0,5.1,0.0,5.1,2025,8,,,,,,2.55,0.0,0,0,5.1,3.6499999999999995,5.206666666666666,5.206666666666666,5.3563,0,0.0,0.0,0.0,0.0,2,2.0,1.3333333333333333,1.3333333333333333,1.395,0,0.0,0.0,0.0,0.0,1,-0.5,-0.3333333333333333,-0.3333333333333333,-0.04500000000000004,0,0.0,0.0,0.0,0.0,,,,,,,,,,,0.0,0.0,2.0,2.0,1.8150000000000004,0,0.0,0.0,0.0,0.0,0,0.0,0.0,0.0,0.0,5.1,3.6499999999999995,5.206666666666666,5.206666666666666,5.3563,-4.670000000000001,0.0,2.0,,,0.0,0.0,0.7672500000000001,1.1,6.981166503747148,0.338853312921233,0.22025465339880146,-4.670000000000001,5.770000000000001,3.0,0.0,0.6322533487983016,0.0,0.0,60.76725,Stable,,,"['Limited recent opportunity', 'Opportunity rising faster than production', 'Recent production is declining']",Andy Dalton,QB,,0.0,0.0,13.45798573260446,2.0,backup,Depth chart: QB2. Higher-ranked teammate is active; recent usage is not treated as a starting role.,healthy_backup,6.1
00-0039384,Tyrone Tracy Jr.,Tyrone Tracy Jr.,RB,RB,"https://static.www.nfl.com/image/upload/f_auto,q_auto/league/b9nje50lohbprf06xoom",2026,1,REG,2026_01_DAL_NYG,NYG,TEN,0,0,0,0,0,0,0,0,0,0,0,0,,,0,,0,0,0,0,2,14,0,1,1,1,-2.6894480233313516,0,0,0,0,0,0,0,0,0,0,0,0,0,0,,0,0,0,0,0,,0.0,0.0,0.0,0,0,0,0,0,0,0,0.0,0.0,0,0,0,0,0,0,0,0,0,0,0,0,0,0,0,0,0,0,0,0,1,0,0,1,1,0,0,0,0,0,0,0,0,,,0,0,0,0,0,0,0,0,0,0,0,0,,,,0,0,0,0,0,0,0,,0,0,0,0,0,0,0,,0,0,0,0,0,0,0,0,0,0,-0.5999999999999999,-0.5999999999999999,0,0,-0.5999999999999999,0.0,-0.5999999999999999,2026,1,,,,,,-0.29999999999999993,0.0,0,0,-0.5999999999999999,10.65,9.0,8.700000000000001,7.223887500000002,0,4.5,3.6666666666666665,3.25,2.8325000000000005,2,10.0,11.333333333333334,12.5,9.922750000000002,0,28.0,17.0,14.5,14.343999999999998,14,58.5,59.666666666666664,62.5,52.044875,0,4.0,3.0,2.75,2.448875,,,,,,,,,,,0.0,3.0,2.0,1.5,1.4849999999999999,0,0.0,0.0,0.0,0.0,0,0.0,0.0,0.0,0.0,-0.5999999999999999,10.65,9.0,8.700000000000001,7.223887500000002,3.9000000000000004,2.5,-5.0,,,0.0,0.0,8.290012500000003,-0.25,0.8713964544685546,0.20556798538183207,0.13361919049819085,3.9000000000000004,-4.15,4.0,7.8018325000000015,3.9502528840600823,3.801061855571553,12.88664348890974,66.33975961593993,Stable,,,"['Healthy recent opportunity', 'Recent production is improving']",Tyrone Tracy Jr.,RB,,8.343852672240647,8.568554,8.343852672240647,3.0,backup,Depth chart: RB3. Higher-ranked teammate is active; recent usage is not treated as a starting role.,healthy_backup,6.093852672240647
00-0037252,Greg Dulcich,Greg Dulcich,TE,TE,"https://static.www.nfl.com/image/upload/f_auto,q_auto/league/kw4cwgjl4kywh6le4sfh",2026,1,REG,2026_01_MIA_LV,MIA,KC,0,0,0,0,0,0,0,0,0,0,0,0,,,0,,0,0,0,0,0,0,0,0,0,0,,0,0,0,0,0,2,2,18,0,0,0,1,17,1,1.6406516446731985,0,1,0,0,0,18.0,0.07407407407407407,0.003236245954692557,0.1133764832793959,0,0,0,0,0,0,0,0.0,0.0,0,0,0,0,0,0,0,0,0,0,0,0,0,0,0,0,0,0,0,0,0,0,0,0,0,0,0,0,0,0,0,0,0,,,0,0,0,0,0,0,0,0,0,0,0,0,,,,0,0,0,0,0,0,0,,0,0,0,0,0,0,0,,0,0,0,0,0,0,0,0,0,0,1.8,3.8,0,0,1.8,0.0,1.8,2026,1,,,,,0.9,,0.0,0,0,1.8,2.45,5.333333333333333,5.15,3.8535625000000007,2,3.0,4.0,3.75,3.2058750000000003,0,0.0,0.3333333333333333,0.25,0.136125,18,24.5,35.666666666666664,38.25,31.320999999999998,0,0.0,-2.3333333333333335,-1.75,-0.952875,2,2.5,3.3333333333333335,3.25,2.8222500000000004,,,,,,,,,,,0.0,0.0,2.0,1.5,0.81675,0,0.0,0.0,0.0,0.0,0,0.0,0.0,0.0,0.0,1.8,2.45,5.333333333333333,5.15,3.8535625000000007,-5.400000000000001,-1.5,-0.5,,,0.0,0.0,3.28074375,-1.775,1.1746002716609611,0.2119467375967043,0.1377653794378578,-5.400000000000001,3.6250000000000013,4.0,3.7967208333333335,1.411725826215125,2.618756773625493,5.86572617392028,63.28074375,Downtrend confirmed,,,"['Opportunity rising faster than production', 'Recent production is declining']",Greg Dulcich,TE,,4.242241473772887,4.2311974,4.242241473772887,1.0,starter,Depth chart: TE1.,,6.092241473772888
00-0040727,Tre Harris,Tre Harris,WR,WR,"https://static.www.nfl.com/image/upload/f_auto,q_auto/league/v5ofh8jggzo8rygtpwl7",2026,1,REG,2026_01_ARI_LAC,LAC,BUF,0,0,0,0,0,0,0,0,0,0,0,0,,,0,,0,0,0,0,0,0,0,0,0,0,,0,0,0,0,0,3,6,20,0,0,0,47,9,0,-3.3493521531345323,0,1,0,0,0,0.425531914893617,0.2222222222222222,0.17216117216117216,0.4538461538461538,0,0,0,0,0,0,0,0.0,0.0,0,0,0,0,0,0,0,0,0,0,0,0,0,0,0,0,0,0,0,0,0,0,0,0,0,0,0,0,0,0,0,0,0,,,0,0,0,0,0,0,0,0,0,0,0,0,,,,0,0,0,0,0,0,0,,0,0,0,0,0,0,0,,0,0,0,0,0,0,0,0,0,0,2.0,5.0,0,0,2.0,0.0,2.0,2026,1,,,,,0.3333333333333333,,0.0,0,0,2.0,2.0,2.266666666666667,2.075,2.0257125,6,4.5,5.0,4.0,4.425625,0,0.0,0.0,0.25,0.16637500000000005,20,20.0,22.666666666666668,19.0,19.0925,0,0.0,0.0,1.75,1.1646250000000005,3,2.5,2.3333333333333335,2.0,2.283625,,,,,,,,,,,0.0,0.0,0.0,0.0,0.0,0,0.0,0.0,0.0,0.0,0,0.0,0.0,0.0,0.0,2.0,2.0,2.266666666666667,2.075,2.0257125,-0.15000000000000036,1.0,-0.5,,,0.0,0.0,4.51713125,0.725,0.4484511048909637,0.0,0.0,-0.15000000000000036,0.8750000000000003,4.0,2.347094166666667,0.1004029415378079,4.312918447878778,4.543845213415737,64.51713125,Stable,,,['Projection primarily follows recent baseline'],Tre Harris,WR,,4.4283818306472575,4.2463865,4.4283818306472575,3.0,backup,Depth chart: WR3. Higher-ranked teammate is active; recent usage is not treated as a starting role.,healthy_backup,6.028381830647257
00-0033553,James Conner,James Conner,RB,RB,"https://static.www.nfl.com/image/upload/f_auto,q_auto/league/ka8wlhtteg8hsowsdofk",2026,-1,REG,2025_03_ARI_SF,ARI,SF,0,0,0,0,0,0,0,0,0,0,0,0,,,0,,0,0,0,0,9,22,0,1,0,3,0.2827554242685437,0,0,0,0,0,3,4,15,0,0,0,6,30,1,-0.05769167665857822,0,1,0,0,0,2.5,0.11764705882352941,0.03389830508474576,0.20019940179461612,0,0,0,0,0,0,0,0.0,0.0,0,0,0,0,0,0,0,0,0,0,0,0,0,0,0,0,0,0,0,0,1,0,0,1,0,0,0,0,0,0,0,0,0,,,0,0,0,0,0,0,0,0,0,0,0,0,,,,0,0,0,0,0,0,0,,0,0,0,0,0,0,0,,0,0,0,0,0,0,0,0,0,0,3.7,6.7,0,0,3.7,0.0,3.7,2025,3,,,,,0.925,0.41111111111111115,0.0,0,0,3.7,7.450000000000001,8.433333333333334,8.433333333333334,7.583000000000001,4,2.5,3.0,3.0,3.2575000000000003,9,10.0,10.666666666666666,10.666666666666666,10.4025,15,16.5,12.666666666666666,12.666666666666666,12.7175,22,28.0,31.666666666666668,31.666666666666668,30.1125,3,2.0,2.6666666666666665,2.6666666666666665,2.8075,,,,,,,,,,,0.0,3.0,4.0,4.0,3.3000000000000003,0,0.0,0.0,0.0,0.0,0,0.0,0.0,0.0,0.0,3.7,7.450000000000001,8.433333333333334,8.433333333333334,7.583000000000001,-2.9499999999999993,-1.5,-2.0,,,0.0,0.0,8.978875,-2.6,0.8445378736200249,0.4351839641302914,0.2828695766846894,-2.9499999999999993,0.3499999999999992,3.0,7.013133333333334,1.75894046895662,6.233246474564991,10.278809553165216,68.978875,Downtrend confirmed,,,"['Healthy recent opportunity', 'Role is trending downward', 'Recent production is declining']",James Conner,RB,,8.256028013865103,8.201317,8.256028013865103,4.0,backup,Depth chart: RB4. Higher-ranked teammate is active; recent usage is not treated as a starting role.,healthy_backup,6.006028013865103
00-0034975,Justice Hill,Justice Hill,RB,RB,"https://static.www.nfl.com/image/upload/f_auto,q_auto/league/fuodbrwvianete2gy5ag",2026,1,REG,2026_01_BAL_IND,BAL,DAL,0,0,0,0,0,0,0,0,0,0,0,0,,,0,,0,0,0,0,6,18,0,0,0,2,-2.353164532216334,0,0,0,0,0,1,1,10,0,0,0,-1,11,1,1.136172165395692,0,1,0,0,0,-10.0,0.041666666666666664,-0.0037174721189591076,0.05989776951672862,0,0,0,0,0,0,0,0.0,0.0,0,0,0,0,0,0,0,0,0,0,0,0,0,0,0,0,0,0,1,5,0,0,0,0,0,0,0,0,0,0,0,0,0,,,0,0,0,0,0,0,0,0,0,0,0,0,,,,0,0,0,0,0,0,0,,0,0,0,0,0,0,0,,0,0,0,0,0,0,0,0,0,0,2.8000000000000003,3.8000000000000003,0,0,2.8,0.0,2.8,2026,1,,,,,2.8,0.4666666666666666,0.0,0,0,2.8,1.4,3.3666666666666667,2.9,2.503275,1,0.5,1.0,1.25,1.0550000000000002,6,3.0,2.3333333333333335,2.0,3.0025,10,5.0,7.333333333333333,8.75,8.296375000000001,18,9.0,6.333333333333333,5.25,8.568875,1,0.5,0.6666666666666666,1.0,0.9188750000000001,,,,,,,,,,,0.0,0.0,2.0,1.5,0.81675,0,0.0,0.0,0.0,0.0,0,0.0,0.0,0.0,0.0,2.8,1.4,3.3666666666666667,2.9,2.503275,-3.0000000000000004,-1.5,2.0,,,0.0,0.0,2.7063750000000004,-0.3999999999999999,0.9249549674379934,0.32627258291637956,0.21207717889564673,-3.0000000000000004,2.6000000000000005,4.0,2.6386316666666665,0.658324054356549,3.0140867425307385,4.528232067550801,62.706375,Stable,,,"['Limited recent opportunity', 'Opportunity rising faster than production', 'Recent production is declining']",Justice Hill,RB,,3.7711594050407697,3.4580863,3.7711594050407697,2.0,backup,Depth chart: RB2. Higher-ranked teammate is active; recent usage is not treated as a starting role.,healthy_backup,5.971159405040771
00-0038608,Kayshon Boutte,Kayshon Boutte,WR,WR,"https://static.www.nfl.com/image/upload/f_auto,q_auto/league/mg4icjqhwhnc5uobmau5",2026,1,REG,2026_01_BUF_HOU,HOU,IND,0,0,0,0,0,0,0,0,0,0,0,0,,,0,,0,0,0,0,0,0,0,0,0,0,,0,0,0,0,0,1,2,21,0,0,0,32,7,1,0.4236817943165079,0,1,1,1,0,0.65625,0.05405405405405406,0.09937888198757763,0.15064629847238542,0,0,0,0,0,0,0,0.0,0.0,0,0,0,0,0,0,0,0,0,0,0,0,0,0,0,0,0,0,0,0,0,0,0,0,0,0,0,0,0,0,0,0,0,,,0,0,0,0,0,0,0,0,0,0,0,0,,,,0,0,0,0,0,0,0,,0,0,0,0,0,0,0,,0,0,0,0,0,0,0,0,0,0,2.1,3.1,0,0,2.1,0.0,2.1,2026,1,,,,,1.05,,0.0,0,0,2.1,2.1,1.6000000000000003,4.575,3.7924875000000005,2,3.5,4.333333333333333,4.5,3.7861250000000006,0,0.0,0.0,0.0,0.0,21,21.0,16.0,30.75,27.942375000000002,0,0.0,0.0,0.0,0.0,1,1.0,1.0,1.5,1.33275,,,,,,,,,,,0.0,0.0,0.0,1.5,0.9982500000000003,0,0.0,0.0,0.0,0.0,0,0.0,0.0,0.0,0.0,2.1,2.1,1.6000000000000003,4.575,3.7924875000000005,-4.949999999999999,-2.0,0.0,,,0.0,0.0,3.7861250000000006,-2.0,1.0016804780613424,0.26321774297212586,0.1710915329318818,-4.949999999999999,2.9499999999999993,4.0,2.661742500000001,1.1445563354527377,3.6913419479324716,6.323821519473768,63.786125,Downtrend confirmed,,,"['Role is trending downward', 'Opportunity rising faster than production', 'Recent production is declining']",Kayshon Boutte,WR,,5.00758173370312,4.582324,5.00758173370312,3.0,backup,Depth chart: WR3. Higher-ranked teammate is active; recent usage is not treated as a starting role.,healthy_backup,5.957581733703119
00-0040782,Isaiah Bond,Isaiah Bond,WR,WR,"https://static.www.nfl.com/image/upload/f_auto,q_auto/league/piv889pkizjvgrtpfkxm",2026,-1,REG,2025_18_CLE_CIN,CLE,CAR,0,0,0,0,0,0,0,0,0,0,0,0,,,0,,0,0,0,0,1,4,0,0,0,0,-0.17257662652991712,0,0,0,0,0,1,2,13,0,0,0,48,0,1,0.556946818891447,0,1,0,0,0,0.2708333333333333,0.09523809523809523,0.24489795918367346,0.3142857142857143,0,0,0,0,0,0,0,0.0,0.0,0,0,0,0,0,0,0,0,0,0,0,0,0,0,0,0,0,0,0,0,0,0,0,0,0,0,0,0,0,0,0,0,0,,,0,0,0,0,0,0,0,0,0,0,0,0,,,,0,0,0,0,0,0,0,,0,0,0,0,0,0,0,,0,0,0,0,0,0,0,0,0,0,1.7000000000000002,2.7,0,0,1.7000000000000002,0.0,1.7000000000000002,2025,18,,,,,0.8500000000000001,1.7000000000000002,0.0,0,0,1.7000000000000002,1.6500000000000001,1.7666666666666668,1.7666666666666668,1.766,2,1.5,1.0,1.0,1.1475,1,0.5,0.6666666666666666,0.6666666666666666,0.7525,13,14.5,16.666666666666668,16.666666666666668,16.1625,4,2.0,1.0,1.0,1.4974999999999998,1,1.0,0.6666666666666666,0.6666666666666666,0.6975,,,,,,,,,,,0.0,0.0,0.0,0.0,0.0,0,0.0,0.0,0.0,0.0,0,0.0,0.0,0.0,0.0,1.7000000000000002,1.6500000000000001,1.7666666666666668,1.7666666666666668,1.766,-0.34999999999999987,1.5,-0.5,,,0.0,0.0,1.561375,1.225,1.1310543591385798,0.0,0.0,-0.34999999999999987,1.575,3.0,2.1950166666666666,0.04750747309634557,3.0566168565728433,3.165884044694438,61.561375,Stable,,,['Limited recent opportunity'],Isaiah Bond,WR,,3.1112504506336407,2.4644427,3.1112504506336407,4.0,backup,Depth chart: WR4. Higher-ranked teammate is active; recent usage is not treated as a starting role.,healthy_backup,5.9112504506336405
00-0034860,Dante Pettis,Dante Pettis,WR,WR,"https://static.www.nfl.com/image/upload/f_auto,q_auto/league/xz70t2ahl2ak2q9mqtia",2026,-1,REG,2025_18_NO_ATL,NO,LV,0,0,0,0,0,0,0,0,0,0,0,0,,,0,,0,0,0,0,0,0,0,0,0,0,,0,0,0,0,0,5,5,60,0,0,0,14,46,3,2.4036088066059165,0,3,2,2,0,4.285714285714286,0.14705882352941177,0.0498220640569395,0.2554636801339753,0,0,0,0,0,0,0,0.0,0.0,0,0,0,0,0,0,0,0,0,0,0,0,0,0,0,0,0,0,2,15,0,0,0,0,0,2,17,0,0,0,0,0,0,,,0,0,0,0,0,0,0,0,0,0,0,0,,,,0,0,0,0,0,0,0,,0,0,0,0,0,0,0,,0,0,0,0,0,0,0,0,0,0,6.0,11.0,0,0,6.0,0.0,6.0,2025,18,,,,,1.2,,0.0,0,0,6.0,5.65,3.766666666666667,3.766666666666667,4.01175,5,4.5,3.3333333333333335,3.3333333333333335,3.5425,0,0.0,0.0,0.0,0.0,60,56.5,37.666666666666664,37.666666666666664,40.11749999999999,0,0.0,0.0,0.0,0.0,5,4.0,2.6666666666666665,2.6666666666666665,2.9924999999999997,,,,,,,,,,,0.0,0.0,0.0,0.0,0.0,0,0.0,0.0,0.0,0.0,0,0.0,0.0,0.0,0.0,6.0,5.65,3.766666666666667,3.766666666666667,4.01175,5.65,3.5,0.0,,,0.0,0.0,3.5425,3.5,1.1324629498941425,0.0,0.0,5.65,-2.1500000000000004,3.0,5.138716666666666,0.9787558888711729,3.2300995206565837,5.481238065060282,63.5425,Momentum confirmed,,,"['Role is trending upward', 'Recent production is improving']",Dante Pettis,WR,,4.355668792858433,3.8458,4.355668792858433,9.0,backup,Depth chart: WR9. Higher-ranked teammate is active; recent usage is not treated as a starting role.,healthy_backup,5.855668792858433
00-0040736,Mason Taylor,Mason Taylor,TE,TE,"https://static.www.nfl.com/image/upload/f_auto,q_auto/league/xittx9gih104lw1atfiv",2026,1,REG,2026_01_NYJ_TEN,NYJ,DET,0,0,0,0,0,0,0,0,0,0,0,0,,,0,,0,0,0,0,0,0,0,0,0,0,,0,0,0,0,0,2,3,-2,0,0,0,1,0,0,-2.3824068266549148,0,0,0,0,0,-2.0,0.13043478260869565,0.005952380952380952,0.1998188405797101,0,0,0,0,0,0,0,0.0,0.0,0,0,0,0,0,0,0,0,0,0,0,0,0,0,0,0,0,0,1,4,0,0,0,0,0,0,0,0,0,0,0,0,0,,,0,0,0,0,0,0,0,0,0,0,0,0,,,,0,0,0,0,0,0,0,,0,0,0,0,0,0,0,,0,0,0,0,0,0,0,0,0,0,-0.2,1.8,0,0,-0.2,0.0,-0.2,2026,1,,,,,-0.06666666666666667,,0.0,0,0,-0.2,2.45,2.3333333333333335,2.2750000000000004,1.8075,3,5.5,5.0,5.0,4.7063749999999995,0,0.0,0.0,0.0,0.0,-2,24.5,23.333333333333332,22.75,18.075000000000003,0,0.0,0.0,0.0,0.0,2,3.5,3.0,3.0,2.908875,,,,,,,,,,,0.0,0.0,0.0,0.0,0.0,0,0.0,0.0,0.0,0.0,0,0.0,0.0,0.0,0.0,-0.2,2.45,2.3333333333333335,2.2750000000000004,1.8075,0.3500000000000001,1.0,0.0,,,0.0,0.0,4.7063749999999995,1.0,0.38405354439457123,0.0,0.0,0.3500000000000001,0.6499999999999999,4.0,2.3590833333333334,0.9909886197350828,3.0478049762007924,5.327078801591483,64.706375,Stable,,,['Projection primarily follows recent baseline'],Mason Taylor,TE,,4.187441888896138,4.9094834,4.187441888896138,1.0,starter,Depth chart: TE1.,,5.837441888896137
00-0036637,Noah Gray,Noah Gray,TE,TE,"https://static.www.nfl.com/image/upload/f_auto,q_auto/league/bpmlguml8jth2rbdfyp5",2026,1,REG,2026_01_DEN_KC,KC,MIA,0,0,0,0,0,0,0,0,0,0,0,0,,,0,,0,0,0,0,0,0,0,0,0,0,,0,0,0,0,0,1,1,5,0,0,0,5,0,0,0.4351551558938809,0,0,0,0,0,1.0,0.04,0.03759398496240601,0.0863157894736842,0,0,0,0,0,0,0,0.0,0.0,0,0,0,0,0,0,0,0,0,0,0,0,0,0,0,0,0,0,0,0,0,0,0,0,0,0,0,0,0,0,0,0,0,,,0,0,0,0,0,0,0,0,0,0,0,0,,,,0,0,0,0,0,0,0,,0,0,0,0,0,0,0,,0,0,0,0,0,0,0,0,0,0,0.5,1.5,0,0,0.5,0.0,0.5,2026,1,,,,,0.5,,0.0,0,0,0.5,1.75,1.2333333333333334,0.925,0.994725,1,3.0,2.3333333333333335,1.75,1.823625,0,0.0,0.0,0.0,0.0,5,17.5,12.333333333333334,9.25,9.94725,0,0.0,0.0,0.0,0.0,1,2.0,1.6666666666666667,1.25,1.328625,,,,,,,,,,,0.0,0.0,0.0,0.0,0.0,0,0.0,0.0,0.0,0.0,0,0.0,0.0,0.0,0.0,0.5,1.75,1.2333333333333334,0.925,0.994725,1.65,2.5,0.0,,,0.0,0.0,1.823625,2.5,0.5454657618753855,0.0,0.0,1.65,0.8500000000000001,4.0,1.9189183333333335,0.40990390728939274,1.9302875561972446,2.8730665429628477,61.823625,Momentum confirmed,,,"['Limited recent opportunity', 'Role is trending upward']",Noah Gray,TE,,2.401677049580046,2.1684167,2.401677049580046,2.0,backup,Depth chart: TE2. Higher-ranked teammate is active; recent usage is not treated as a starting role.,healthy_backup,5.751677049580046
00-0033555,Mack Hollins,Mack Hollins,WR,WR,"https://static.www.nfl.com/image/upload/f_auto,q_auto/league/qbz7whjzsittudcecezw",2026,1,REG,2026_01_NE_SEA,NE,JAX,0,0,0,0,0,0,0,0,0,0,0,0,,,0,,0,0,0,0,0,0,0,0,0,0,,0,0,0,0,0,4,5,51,0,0,0,62,5,1,2.7879809986334294,0,3,1,0,0,0.8225806451612904,0.16129032258064516,0.28054298642533937,0.4383155743687053,0,0,0,0,0,0,0,0.0,0.0,0,0,0,0,0,0,0,0,0,0,0,0,0,0,0,0,0,0,0,0,0,0,0,0,0,0,0,0,0,0,0,0,0,,,0,0,0,0,0,0,0,0,0,0,0,0,,,,0,0,0,0,0,0,0,,0,0,0,0,0,0,0,,0,0,0,0,0,0,0,0,0,0,5.1000000000000005,9.100000000000001,0,0,5.1000000000000005,0.0,5.1000000000000005,2026,1,,,,,1.02,,0.0,0,0,5.1000000000000005,9.45,8.0,7.7250000000000005,7.552725000000001,5,6.5,5.0,6.0,5.999625,0,0.0,0.0,0.0,0.0,51,64.5,60.0,62.25,60.67725,0,0.0,0.0,0.0,0.0,4,4.0,3.3333333333333335,4.25,4.226875,,,,,,,,,,,0.0,3.0,2.0,1.5,1.4849999999999999,0,0.0,0.0,0.0,0.0,0,0.0,0.0,0.0,0.0,5.1000000000000005,9.45,8.0,7.7250000000000005,7.552725000000001,3.4499999999999993,1.0,0.0,,,0.0,0.0,5.999625,1.0,1.2588661791361961,0.19661777702749667,0.12780155506787283,3.4499999999999993,-2.4499999999999993,4.0,8.040385,1.4031695685482917,5.125175953062771,8.352465960723842,65.999625,Stable,,,['Recent production is improving'],Mack Hollins,WR,,6.738820956893306,6.9935083,6.738820956893306,3.0,backup,Depth chart: WR3. Higher-ranked teammate is active; recent usage is not treated as a starting role.,healthy_backup,5.738820956893306
00-0034837,Calvin Ridley,Calvin Ridley,WR,WR,"https://static.www.nfl.com/image/upload/f_auto,q_auto/league/zrv8bjm7zdtboyka2jvr",2026,-1,REG,2025_11_HOU_TEN,TEN,NYG,0,0,0,0,0,0,0,0,0,0,0,0,,,0,,0,0,0,0,0,0,0,0,0,0,,0,0,0,0,0,1,1,13,0,0,0,8,5,1,0.8414439628832042,0,1,0,0,0,1.625,0.027777777777777776,0.029850746268656716,0.06256218905472637,0,0,0,0,0,0,0,0.0,0.0,0,0,0,0,0,0,0,0,0,0,0,0,0,0,0,0,0,0,0,0,0,0,0,0,0,0,0,0,0,0,0,0,0,,,0,0,0,0,0,0,0,0,0,0,0,0,,,,0,0,0,0,0,0,0,,0,0,0,0,0,0,0,,0,0,0,0,0,0,0,0,0,0,1.3,2.3,0,0,1.3,0.0,1.3,2025,11,,,,,1.3,,0.0,0,0,1.3,1.55,5.400000000000001,5.400000000000001,4.993250000000001,1,1.0,4.0,4.0,3.7225,0,0.0,0.0,0.0,0.0,13,15.5,54.0,54.0,49.93250000000001,0,0.0,0.0,0.0,0.0,1,1.0,2.3333333333333335,2.3333333333333335,2.21,,,,,,,,,,,0.0,0.0,0.0,0.0,0.0,0,0.0,0.0,0.0,0.0,0,0.0,0.0,0.0,0.0,1.3,1.55,5.400000000000001,5.400000000000001,4.993250000000001,-11.55,-9.0,0.0,,,0.0,0.0,3.7225,-9.0,1.3413700470114172,0.0,0.0,-11.55,2.5500000000000007,3.0,2.6559500000000016,1.8884327602538569,4.014428131119865,8.357823479703736,63.7225,Downtrend confirmed,,,"['Role is trending downward', 'Opportunity rising faster than production', 'Recent production is declining']",Calvin Ridley,WR,,6.1861258054118,4.5244503,6.1861258054118,3.0,backup,Depth chart: WR3. Higher-ranked teammate is active; recent usage is not treated as a starting role.,healthy_backup,5.736125805411801
00-0036196,Gabe Davis,Gabe Davis,WR,WR,"https://static.www.nfl.com/image/upload/f_auto,q_auto/league/rlmgjtfct5qjtbwcjqg6",2026,-1,POST,2025_19_BUF_JAX,BUF,LAC,0,0,0,0,0,0,0,0,0,0,0,0,,,0,,0,0,0,0,0,0,0,0,0,0,,0,0,0,0,0,2,3,14,0,0,0,24,2,1,1.6197152426466346,0,0,0,0,0,0.5833333333333334,0.08571428571428572,0.08664259927797834,0.1892212480660134,0,0,0,0,0,0,0,0.0,0.0,0,0,0,0,0,0,0,0,0,0,0,0,0,0,0,0,0,0,0,0,0,0,0,0,0,0,0,0,0,0,0,0,0,,,0,0,0,0,0,0,0,0,0,0,0,0,,,,0,0,0,0,0,0,0,,0,0,0,0,0,0,0,,0,0,0,0,0,0,0,0,0,0,1.4000000000000001,3.4000000000000004,0,0,1.4000000000000001,0.0,1.4000000000000001,2025,19,,,,,0.46666666666666673,,0.0,0,0,1.4000000000000001,5.750000000000001,3.833333333333334,3.833333333333334,3.12975,3,5.0,3.6666666666666665,3.6666666666666665,3.385,0,0.0,0.0,0.0,0.0,14,27.5,18.333333333333332,18.333333333333332,16.447499999999998,0,0.0,0.0,0.0,0.0,2,3.5,2.3333333333333335,2.3333333333333335,2.1375,,,,,,,,,,,0.0,3.0,2.0,2.0,1.4849999999999999,0,0.0,0.0,0.0,0.0,0,0.0,0.0,0.0,0.0,1.4000000000000001,5.750000000000001,3.833333333333334,3.833333333333334,3.12975,5.750000000000001,4.0,0.0,,,0.0,0.0,3.385,4.0,0.9245937961595274,0.4744787922358015,0.308411214953271,5.750000000000001,-1.7500000000000009,3.0,4.762225748861731,1.3994248616247082,1.8706853199354296,5.089362501672259,63.385,Momentum confirmed,,,"['Role is trending upward', 'Recent production is improving']",Gabe Davis,WR,,3.480023910803844,3.7855747,3.480023910803844,,,,,5.730023910803843
00-0034073,Ross Dwelley,Ross Dwelley,TE,TE,"https://static.www.nfl.com/image/upload/f_auto,q_auto/league/wf9ynmqonmnaosslkwdl",2026,-1,REG,2025_14_DAL_DET,DET,NYJ,0,0,0,0,0,0,0,0,0,0,0,0,,,0,,0,0,0,0,0,0,0,0,0,0,,0,0,0,0,0,1,1,4,0,0,0,0,4,0,-0.15657087124418467,0,0,0,0,0,0.0,0.03225806451612903,0.0,0.04838709677419355,0,0,0,0,0,0,0,0.0,0.0,0,0,0,0,0,0,0,0,0,0,0,0,0,0,0,0,0,0,0,0,0,0,0,0,0,0,0,0,0,0,0,0,0,,,0,0,0,0,0,0,0,0,0,0,0,0,,,,0,0,0,0,0,0,0,,0,0,0,0,0,0,0,,0,0,0,0,0,0,0,0,0,0,0.4,1.4,0,0,0.4,0.0,0.4,2025,14,,,,,0.4,,0.0,0,0,0.4,0.35000000000000003,0.23333333333333336,0.23333333333333336,0.25425,1,2.0,1.3333333333333333,1.3333333333333333,1.1925,0,0.0,0.0,0.0,0.0,4,3.5,2.3333333333333335,2.3333333333333335,2.5424999999999995,0,0.0,0.0,0.0,0.0,1,1.0,0.6666666666666666,0.6666666666666666,0.6975,,,,,,,,,,,0.0,0.0,0.0,0.0,0.0,0,0.0,0.0,0.0,0.0,0,0.0,0.0,0.0,0.0,0.4,0.35000000000000003,0.23333333333333336,0.23333333333333336,0.25425,0.35000000000000003,2.0,0.0,,,0.0,0.0,1.1925,2.0,0.21320754716981133,0.0,0.0,0.35000000000000003,1.65,3.0,0.9458833333333333,0.06828291636029225,1.9177479827435753,2.0747986903722473,61.1925,Stable,,,"['Limited recent opportunity', 'Role is trending upward']",Ross Dwelley,TE,,1.9962733365579113,1.456122,1.9962733365579113,,,,,5.646273336557911
00-0038809,Ben Sims,Ben Sims,TE,TE,"https://static.www.nfl.com/image/upload/f_auto,q_auto/league/rigksrncrdjmbhvfuclp",2026,-1,REG,2025_18_GB_MIN,MIN,TB,0,0,0,0,0,0,0,0,0,0,0,0,,,0,,0,0,0,0,0,0,0,0,0,0,,0,0,0,0,0,1,4,18,0,0,0,66,0,1,0.21643550516455434,0,1,1,0,0,0.2727272727272727,0.13333333333333333,0.3333333333333333,0.43333333333333335,0,0,0,0,0,0,0,0.0,0.0,0,0,0,0,0,0,0,0,0,0,0,0,0,0,0,0,0,0,0,0,0,0,0,0,0,0,0,0,0,0,0,0,0,,,0,0,0,0,0,0,0,0,0,0,0,0,,,,0,0,0,0,0,0,0,,0,0,0,0,0,0,0,,0,0,0,0,0,0,0,0,0,0,1.8,2.8,0,0,1.8,0.0,1.8,2025,18,,,,,0.45,,0.0,0,0,1.8,1.05,1.0,1.0,1.1565,4,2.5,2.0,2.0,2.3499999999999996,0,0.0,0.0,0.0,0.0,18,10.5,10.0,10.0,11.565,0,0.0,0.0,0.0,0.0,1,1.0,1.0,1.0,1.0,,,,,,,,,,,0.0,0.0,0.0,0.0,0.0,0,0.0,0.0,0.0,0.0,0,0.0,0.0,0.0,0.0,1.8,1.05,1.0,1.0,1.1565,0.15000000000000002,1.5,0.0,,,0.0,0.0,2.3499999999999996,1.5,0.4921276595744682,0.0,0.0,0.15000000000000002,1.35,3.0,1.6189,0.3047568867146402,2.440715935498417,3.141656774942089,62.35,Stable,,,['Limited recent opportunity'],Ben Sims,TE,,2.791186355220253,2.2130501,2.791186355220253,6.0,backup,Depth chart: TE6. Higher-ranked teammate is active; recent usage is not treated as a starting role.,healthy_backup,5.641186355220253
00-0034418,Cedrick Wilson Jr.,Cedrick Wilson Jr.,WR,WR,"https://static.www.nfl.com/image/upload/f_auto,q_auto/league/esfxvl8f7kl9othclvl0",2026,-1,REG,2025_18_MIA_NE,MIA,KC,0,0,0,0,0,0,0,0,0,0,0,0,,,0,,0,0,0,0,0,0,0,0,0,0,,0,0,0,0,0,0,2,0,0,0,0,18,0,0,-4.797385491896421,0,0,0,0,0,0.0,0.08333333333333333,0.1125,0.20375,0,0,0,0,0,0,0,0.0,0.0,0,0,0,0,0,0,0,0,0,0,0,0,0,0,0,0,0,0,0,0,0,0,0,0,0,0,0,0,0,0,0,0,0,,,0,0,0,0,0,0,0,0,0,0,0,0,,,,0,0,0,0,0,0,0,,0,0,0,0,0,0,0,,0,0,0,0,0,0,0,0,0,0,0.0,0.0,0,0,0.0,0.0,0.0,2025,18,,,,,0.0,,,0,0,0.0,0.4,0.6333333333333334,0.6333333333333334,0.53075,2,2.0,1.6666666666666667,1.6666666666666667,1.6974999999999998,0,0.0,0.0,0.0,0.0,0,4.0,6.333333333333333,6.333333333333333,5.307500000000001,0,0.0,0.0,0.0,0.0,0,0.5,0.6666666666666666,0.6666666666666666,0.55,,,,,,,,,,,0.0,0.0,0.0,0.0,0.0,0,0.0,0.0,0.0,0.0,0,0.0,0.0,0.0,0.0,0.0,0.4,0.6333333333333334,0.6333333333333334,0.53075,-0.7000000000000001,1.0,0.0,,,0.0,0.0,1.6974999999999998,1.0,0.31266568483063334,0.0,0.0,-0.7000000000000001,1.7000000000000002,3.0,0.9217833333333334,0.2358769947804717,2.5600693923682307,3.102586480363316,61.6975,Stable,,,['Limited recent opportunity'],Cedrick Wilson Jr.,WR,,2.8313279363657733,2.3895338,2.8313279363657733,11.0,backup,Depth chart: WR11. Higher-ranked teammate is active; recent usage is not treated as a starting role.,healthy_backup,5.5313279363657735
00-0040705,Chimere Dike,Chimere Dike,WR,WR,"https://static.www.nfl.com/image/upload/f_auto,q_auto/league/cbcpv4931dqmgsu3anvo",2026,1,REG,2026_01_NYJ_TEN,TEN,NYG,0,0,0,0,0,0,0,0,0,0,0,0,,,0,,0,0,0,0,0,0,0,0,0,0,,0,0,0,0,0,1,1,7,0,0,0,3,4,0,0.2920172814046964,0,0,0,0,0,2.3333333333333335,0.03571428571428571,0.015789473684210527,0.06462406015037593,0,0,0,0,0,0,0,0.0,0.0,0,0,0,0,0,0,0,0,0,0,0,0,0,0,0,0,0,0,0,0,1,0,0,1,1,1,-5,3,62,0,0,0,0,,,0,0,0,0,0,0,0,0,0,0,0,0,,,,0,0,0,0,0,0,0,,0,0,0,0,0,0,0,,0,0,0,0,0,0,0,0,0,0,0.7000000000000001,1.7000000000000002,0,0,0.7000000000000001,0.0,0.7000000000000001,2026,1,,,,,0.7000000000000001,,0.0,0,0,0.7000000000000001,1.7000000000000002,3.1999999999999997,4.9,3.490975,1,2.5,3.3333333333333335,3.75,2.9524999999999997,0,0.0,0.3333333333333333,0.25,0.136125,7,17.0,29.666666666666668,32.25,23.974375,0,0.0,2.3333333333333335,1.75,0.952875,1,2.0,2.6666666666666665,2.75,2.2361250000000004,,,,,,,,,,,0.0,0.0,0.0,1.5,0.9982500000000003,0,0.0,0.0,0.0,0.0,0,0.0,0.0,0.0,0.0,0.7000000000000001,1.7000000000000002,3.1999999999999997,4.9,3.490975,-6.3999999999999995,-2.5,-0.5,,,0.0,0.0,3.0273687499999995,-2.775,1.153138348276866,0.28595163242360666,0.18586856107534433,-6.3999999999999995,3.6249999999999996,4.0,2.658335,1.460645758594465,2.986931186470075,6.346416431237344,63.02736875,Downtrend confirmed,,,"['Role is trending downward', 'Opportunity rising faster than production', 'Recent production is declining']",Chimere Dike,WR,,4.66667380885371,4.213187,4.66667380885371,4.0,backup,Depth chart: WR4. Higher-ranked teammate is active; recent usage is not treated as a starting role.,healthy_backup,5.516673808853709
00-0040009,Savion Williams,Savion Williams,WR,WR,"https://static.www.nfl.com/image/upload/f_auto,q_auto/league/snmedlu4ra62snufe1qg",2026,-1,REG,2025_16_GB_CHI,GB,ATL,0,0,0,0,0,0,0,0,0,0,0,0,,,0,,0,0,0,0,2,9,0,0,0,0,0.1424972437089309,0,0,0,0,0,0,0,0,0,0,0,0,0,0,,0,0,0,0,0,,0.0,0.0,0.0,0,0,0,0,0,0,0,0.0,0.0,0,0,0,0,0,0,0,0,0,0,0,0,0,0,0,0,0,0,0,0,0,0,0,0,0,0,0,3,77,0,0,0,0,,,0,0,0,0,0,0,0,0,0,0,0,0,,,,0,0,0,0,0,0,0,,0,0,0,0,0,0,0,,0,0,0,0,0,0,0,0,0,0,0.9,0.9,0,0,0.9,0.0,0.9,2025,16,,,,,,0.45,0.0,0,0,0.9,0.45,1.4000000000000001,1.4000000000000001,1.4032500000000003,0,0.0,0.3333333333333333,0.3333333333333333,0.30250000000000005,2,1.5,1.0,1.0,1.1475,0,0.0,11.0,11.0,9.982500000000002,9,4.5,3.0,3.0,4.05,0,0.0,0.3333333333333333,0.3333333333333333,0.30250000000000005,,,,,,,,,,,0.0,0.0,0.0,0.0,0.0,0,0.0,0.0,0.0,0.0,0,0.0,0.0,0.0,0.0,0.9,0.45,1.4000000000000001,1.4000000000000001,1.4032500000000003,-2.85,-1.0,1.5,,,0.0,0.0,0.9336250000000001,-0.17499999999999993,1.5030124514660599,0.0,0.0,-2.85,2.6750000000000003,3.0,1.3407000000000002,0.38311707088042957,2.5076855130955744,3.388854776120562,60.933625,Stable,,,"['Limited recent opportunity', 'Opportunity rising faster than production', 'Recent production is declining']",Savion Williams,WR,,2.948270144608068,1.651176,2.948270144608068,7.0,backup,Depth chart: WR7. Higher-ranked teammate is active; recent usage is not treated as a starting role.,healthy_backup,5.448270144608069
00-0038935,Brenton Strange,Brenton Strange,TE,TE,"https://static.www.nfl.com/image/upload/f_auto,q_auto/league/devxzxwf1sfficgncggm",2026,1,REG,2026_01_CLE_JAX,JAX,NE,0,0,0,0,0,0,0,0,0,0,0,0,,,0,,0,0,0,0,0,0,0,0,0,0,,0,0,0,0,0,2,3,23,1,0,0,34,0,1,2.3833833984681405,0,1,0,0,0,0.6764705882352942,0.14285714285714285,0.14049586776859505,0.3126328217237308,0,0,0,0,0,0,0,0.0,0.0,0,0,0,0,0,0,0,0,0,0,0,0,0,0,0,0,0,0,1,5,0,0,0,0,0,0,0,0,0,0,0,0,0,,,0,0,0,0,0,0,0,0,0,0,0,0,,,,0,0,0,0,0,0,0,,0,0,0,0,0,0,0,,0,0,0,0,0,0,0,0,0,0,8.3,10.3,0,0,8.3,6.0,2.3000000000000007,2026,1,,,,,2.766666666666667,,0.7228915662650601,0,0,8.3,4.6000000000000005,6.8,6.45,6.380775,3,4.0,4.666666666666667,4.75,4.236125,0,0.0,0.0,0.0,0.0,23,16.0,28.0,34.5,28.64025,0,0.0,0.0,0.0,0.0,2,2.0,3.3333333333333335,3.25,2.710875,,,,,,,,,,,6.0,3.0,4.0,3.0,3.5167499999999996,0,0.0,0.0,0.0,0.0,0,0.0,0.0,0.0,0.0,8.3,4.6000000000000005,6.8,6.45,6.380775,-3.7,-1.5,0.0,,,0.0,0.0,4.236125,-1.5,1.5062763728643511,0.5511477837723473,0.35824605945202576,-3.7,2.2,4.0,5.768669432455305,1.179535940995441,3.3562035217286947,6.069136186018209,64.236125,Downtrend confirmed,,,"['Opportunity rising faster than production', 'Recent production is declining', 'Production has significant TD dependence']",Brenton Strange,TE,,4.712669853873452,5.286042,4.712669853873452,1.0,starter,Depth chart: TE1.,,5.412669853873452
00-0039875,Ray Davis,Ray Davis,RB,RB,"https://static.www.nfl.com/image/upload/f_auto,q_auto/league/xibwzhrl6q5xkgh3utug",2026,2,REG,2026_02_DET_BUF,BUF,LAC,0,0,0,0,0,0,0,0,0,0,0,0,,,0,,0,0,0,0,0,0,0,0,0,0,,0,0,0,0,0,0,0,0,0,0,0,0,0,0,,0,0,0,0,0,,0.0,0.0,0.0,0,0,0,0,0,0,0,0.0,0.0,0,0,0,0,0,0,0,0,0,0,0,0,0,0,0,0,0,0,0,0,0,0,0,0,0,0,0,1,31,0,0,0,0,,,0,0,0,0,0,0,0,0,0,0,0,0,,,,0,0,0,0,0,0,0,,0,0,0,0,0,0,0,,0,0,0,0,0,0,0,0,0,0,0.0,0.0,0,0,0.0,0.0,0.0,2026,2,,,,,,,,0,0,0.0,0.15000000000000002,1.2000000000000002,5.4,2.664708750000001,0,0.0,0.6666666666666666,0.8,0.4552625,0,0.5,0.3333333333333333,4.4,2.169131250000001,0,0.0,11.0,11.2,6.596768750000001,0,1.5,1.0,30.8,14.559943750000006,0,0.0,0.6666666666666666,0.8,0.4552625,,,,,,,,,,,0.0,0.0,0.0,1.2,0.5490375000000002,0,0.0,0.0,0.0,0.0,0,0.0,0.0,0.0,0.0,0.0,0.15000000000000002,1.2000000000000002,5.4,2.664708750000001,-1.5,-1.0,0.5,,,0.0,0.0,1.6482846875000008,-0.725,1.616655648267678,0.20604034118175205,0.13392622176813884,-1.5,0.775,5.0,2.4550752500000006,1.9997912167454508,3.0607939264027304,7.660313724917266,61.6482846875,Stable,,,['Limited recent opportunity'],Ray Davis,RB,,5.3605538256599985,3.4677947,5.3605538256599985,2.0,backup,Depth chart: RB2. Higher-ranked teammate is active; recent usage is not treated as a starting role.,healthy_backup,5.410553825659999
00-0036407,Jerry Jeudy,Jerry Jeudy,WR,WR,"https://static.www.nfl.com/image/upload/f_auto,q_auto/league/szca1v9butuqkjs7ekpm",2026,1,REG,2026_01_CLE_JAX,CLE,CAR,0,0,0,0,0,0,0,0,0,0,0,0,,,0,,0,0,0,0,0,0,0,0,0,0,,0,0,0,0,0,2,4,26,0,0,0,40,9,1,-6.087414425332099,0,1,1,1,0,0.65,0.18181818181818182,0.17543859649122806,0.39553429027113235,0,0,0,0,0,0,0,0.0,0.0,0,0,0,0,0,0,0,0,0,0,0,0,0,0,0,0,0,0,0,0,0,0,0,0,0,0,0,0,0,0,0,0,0,,,0,0,0,0,0,0,0,0,0,0,0,0,,,,0,0,0,0,0,0,0,,0,0,0,0,0,0,0,,0,0,0,0,0,0,0,0,0,0,2.6,4.6,0,0,2.6,0.0,2.6,2026,1,,,,,0.65,,0.0,0,0,2.6,2.4000000000000004,3.4000000000000004,2.85,2.649225,4,5.0,5.666666666666667,5.25,4.9033750000000005,0,0.5,0.3333333333333333,0.25,0.2475,26,21.5,32.333333333333336,27.25,25.25475,0,2.5,1.6666666666666667,1.25,1.2375,2,2.0,3.0,3.0,2.5747500000000003,,,,,,,,,,,0.0,0.0,0.0,0.0,0.0,0,0.0,0.0,0.0,0.0,0,0.0,0.0,0.0,0.0,2.6,2.4000000000000004,3.4000000000000004,2.85,2.649225,-0.8999999999999999,-0.5,0.5,,,0.0,0.0,5.0395,-0.22499999999999998,0.5256920329397757,0.0,0.0,-0.8999999999999999,0.6749999999999999,4.0,2.788285,0.3415265671949988,4.566778682129576,5.352289786678074,65.0395,Stable,,,['Projection primarily follows recent baseline'],Jerry Jeudy,WR,,4.959534234403825,5.179283,4.959534234403825,1.0,starter,Depth chart: WR1.,,5.409534234403825
00-0039739,Roman Wilson,Roman Wilson,WR,WR,"https://static.www.nfl.com/image/upload/f_auto,q_auto/league/xuhjoscmhmmsutbvfmrs",2026,1,REG,2026_01_ATL_PIT,PIT,CIN,0,0,0,0,0,0,0,0,0,0,0,0,,,0,,0,0,0,0,0,0,0,0,0,0,,0,0,0,0,0,3,6,26,0,0,0,126,6,1,-1.0943619089666754,0,1,1,1,0,0.20634920634920634,0.16216216216216217,0.3095823095823096,0.45995085995085994,0,0,0,0,0,0,0,0.0,0.0,0,0,0,0,0,0,0,0,0,0,0,0,0,0,0,0,0,0,0,0,0,0,0,0,0,0,0,0,0,0,0,0,0,,,0,0,0,0,0,0,0,0,0,0,0,0,,,,0,0,0,0,0,0,0,,0,0,0,0,0,0,0,,0,0,0,0,0,0,0,0,0,0,2.6,5.6,0,0,2.6,0.0,2.6,2026,1,,,,,0.43333333333333335,,0.0,0,0,2.6,1.3,0.8666666666666667,1.0750000000000002,1.4528375,6,3.5,3.3333333333333335,3.0,3.688625,0,0.0,0.0,0.0,0.0,26,13.0,8.666666666666666,10.75,14.528375,0,0.0,0.0,0.0,0.0,3,1.5,1.0,1.0,1.516375,,,,,,,,,,,0.0,0.0,0.0,0.0,0.0,0,0.0,0.0,0.0,0.0,0,0.0,0.0,0.0,0.0,2.6,1.3,0.8666666666666667,1.0750000000000002,1.4528375,0.44999999999999996,1.0,0.0,,,0.0,0.0,3.688625,1.0,0.39386966688129044,0.0,0.0,0.44999999999999996,0.55,4.0,1.5996191666666668,0.6042374872537931,3.1443180301338662,4.534064250817591,63.688625,Stable,,,['Projection primarily follows recent baseline'],Roman Wilson,WR,,3.8391911404757284,2.9628773,3.8391911404757284,3.0,backup,Depth chart: WR3. Higher-ranked teammate is active; recent usage is not treated as a starting role.,healthy_backup,5.389191140475728
00-0040177,Jordan James,Jordan James,RB,RB,"https://static.www.nfl.com/image/upload/f_auto,q_auto/league/un9cfqnwdzugrcy8caoh",2026,-1,POST,2025_20_SF_SEA,SF,ARI,0,0,0,0,0,0,0,0,0,0,0,0,,,0,,0,0,0,0,6,28,0,0,0,1,-0.8593368015717715,0,0,0,0,0,1,1,7,0,0,0,3,4,1,0.7573326344136149,0,0,0,0,0,2.3333333333333335,0.037037037037037035,0.012096774193548387,0.06402329749103942,0,0,0,0,0,0,0,0.0,0.0,0,0,0,0,0,0,0,0,0,0,0,0,0,0,0,0,0,0,0,0,0,0,0,0,0,0,0,0,0,0,0,0,0,,,0,0,0,0,0,0,0,0,0,0,0,0,,,,0,0,0,0,0,0,0,,0,0,0,0,0,0,0,,0,0,0,0,0,0,0,0,0,0,3.5,4.5,0,0,3.5000000000000004,0.0,3.5000000000000004,2025,20,,,,,3.5000000000000004,0.5833333333333334,0.0,0,0,3.5000000000000004,3.5000000000000004,3.5000000000000004,3.5000000000000004,3.5000000000000004,1,1.0,1.0,1.0,1.0,6,6.0,6.0,6.0,6.0,7,7.0,7.0,7.0,7.0,28,28.0,28.0,28.0,28.0,1,1.0,1.0,1.0,1.0,,,,,,,,,,,0.0,0.0,0.0,0.0,0.0,0,0.0,0.0,0.0,0.0,0,0.0,0.0,0.0,0.0,3.5000000000000004,3.5000000000000004,3.5000000000000004,3.5000000000000004,3.5000000000000004,,,,,,,,4.300000000000001,0.0,0.813953488372093,0.0,0.0,,0.0,1.0,3.5,4.440892098500626e-16,5.382273537384356,5.382273537384358,,Stable,,,['Projection primarily follows recent baseline'],Jordan James,RB,,5.382273537384357,4.828945,5.382273537384357,3.0,backup,Depth chart: RB3. Higher-ranked teammate is active; recent usage is not treated as a starting role.,healthy_backup,5.382273537384357
00-0036423,Albert Okwuegbunam,Albert Okwuegbunam,TE,TE,"https://static.www.nfl.com/image/upload/f_auto,q_auto/league/ivyip7mtbv6i0wbnlrph",2026,-1,REG,2025_05_LV_IND,LV,NO,0,0,0,0,0,0,0,0,0,0,0,0,,,0,,0,0,0,0,0,0,0,0,0,0,,0,0,0,0,0,5,6,36,0,0,0,18,34,2,1.6165097025805153,0,1,1,0,0,2.0,0.16666666666666666,0.07377049180327869,0.3016393442622951,0,0,0,0,0,0,0,0.0,0.0,0,0,0,0,0,0,0,0,0,0,0,0,0,0,0,0,0,0,0,0,0,0,0,0,0,0,0,0,0,0,0,0,0,,,0,0,0,0,0,0,0,0,0,0,0,0,,,,0,0,0,0,0,0,0,,0,0,0,0,0,0,0,,0,0,0,0,0,0,0,0,0,0,3.6,8.6,0,0,3.6,0.0,3.6,2025,5,,,,,0.6,,0.0,0,0,3.6,3.6,3.6,3.6,3.6,6,6.0,6.0,6.0,6.0,0,0.0,0.0,0.0,0.0,36,36.0,36.0,36.0,36.0,0,0.0,0.0,0.0,0.0,5,5.0,5.0,5.0,5.0,,,,,,,,,,,0.0,0.0,0.0,0.0,0.0,0,0.0,0.0,0.0,0.0,0,0.0,0.0,0.0,0.0,3.6,3.6,3.6,3.6,3.6,,,,,,,,6.0,0.0,0.6,0.0,0.0,,0.0,1.0,3.6,0.0,5.281867431093841,5.281867431093841,,Stable,,,['Projection primarily follows recent baseline'],Albert Okwuegbunam,TE,,5.281867431093841,5.749137,5.281867431093841,4.0,backup,Depth chart: TE4. Higher-ranked teammate is active; recent usage is not treated as a starting role.,healthy_backup,5.281867431093841
00-0040134,Pat Bryant,Pat Bryant,WR,WR,"https://static.www.nfl.com/image/upload/f_auto,q_auto/league/n91hznzkfpftxhqt1qd9",2026,1,REG,2026_01_DEN_KC,DEN,LAR,0,0,0,0,0,0,0,0,0,0,0,0,,,0,,0,0,0,0,0,0,0,0,0,0,,0,0,0,0,0,4,6,42,0,0,0,25,18,3,2.0183506915927865,0,3,0,0,0,1.68,0.2222222222222222,0.2717391304347826,0.5235507246376812,0,0,0,0,0,0,0,0.0,0.0,0,0,0,0,0,0,0,0,0,0,0,0,0,0,0,0,0,0,2,20,0,0,0,0,0,0,0,0,0,0,0,0,0,,,0,0,0,0,0,0,0,0,0,0,0,0,,,,0,0,0,0,0,0,0,,0,0,0,0,0,0,0,,0,0,0,0,0,0,0,0,0,0,4.2,8.2,0,0,4.2,0.0,4.2,2026,1,,,,,0.7000000000000001,,0.0,0,0,4.2,2.25,2.566666666666667,2.7,2.9156125,6,3.5,3.3333333333333335,3.75,4.187749999999999,0,0.5,0.3333333333333333,0.25,0.2475,42,22.0,25.333333333333332,26.75,28.908625,0,0.5,0.3333333333333333,0.25,0.2475,4,2.5,2.6666666666666665,3.0,3.1213749999999996,,,,,,,,,,,0.0,0.0,0.0,0.0,0.0,0,0.0,0.0,0.0,0.0,0,0.0,0.0,0.0,0.0,4.2,2.25,2.566666666666667,2.7,2.9156125,-0.9000000000000004,-0.5,0.5,,,0.0,0.0,4.323874999999999,-0.22499999999999998,0.674305455176202,0.0,0.0,-0.9000000000000004,0.6750000000000004,4.0,2.7172841666666665,0.6723622990145351,3.9874345052340123,5.533867792967443,64.323875,Stable,,,['Projection primarily follows recent baseline'],Pat Bryant,WR,,4.7606511491007275,4.202463,4.7606511491007275,4.0,backup,Depth chart: WR4. Higher-ranked teammate is active; recent usage is not treated as a starting role.,healthy_backup,5.210651149100729
00-0039648,David Martin-Robinson,David Martin-Robinson,TE,TE,"https://static.www.nfl.com/image/upload/f_auto,q_auto/league/imh2h5q6jmoqno5xlpwm",2026,-1,REG,2025_18_TEN_JAX,TEN,NYG,0,0,0,0,0,0,0,0,0,0,0,0,,,0,,0,0,0,0,0,0,0,0,0,0,,0,0,0,0,0,1,3,14,0,0,0,14,9,0,-2.6360304182744585,0,1,0,0,0,1.0,0.09090909090909091,0.11023622047244094,0.213528990694345,0,0,0,0,0,0,0,0.0,0.0,0,0,0,0,0,0,0,0,0,0,0,0,0,0,0,0,0,0,0,0,0,0,0,0,0,0,0,0,0,0,0,0,0,,,0,0,0,0,0,0,0,0,0,0,0,0,,,,0,0,0,0,0,0,0,,0,0,0,0,0,0,0,,0,0,0,0,0,0,0,0,0,0,1.4000000000000001,2.4000000000000004,0,0,1.4000000000000001,0.0,1.4000000000000001,2025,18,,,,,0.46666666666666673,,0.0,0,0,1.4000000000000001,1.1500000000000001,0.7666666666666667,0.7666666666666667,0.85275,3,2.0,1.3333333333333333,1.3333333333333333,1.5975,0,0.0,0.0,0.0,0.0,14,11.5,7.666666666666667,7.666666666666667,8.5275,0,0.0,0.0,0.0,0.0,1,1.0,0.6666666666666666,0.6666666666666666,0.6975,,,,,,,,,,,0.0,0.0,0.0,0.0,0.0,0,0.0,0.0,0.0,0.0,0,0.0,0.0,0.0,0.0,1.4000000000000001,1.1500000000000001,0.7666666666666667,0.7666666666666667,0.85275,1.1500000000000001,2.0,0.0,,,0.0,0.0,1.5975,2.0,0.5338028169014085,0.0,0.0,1.1500000000000001,0.8499999999999999,3.0,1.5183166666666668,0.2499017340209281,2.0476287710573424,2.622402759305477,61.5975,Momentum confirmed,,,"['Limited recent opportunity', 'Role is trending upward']",David Martin-Robinson,TE,,2.3350157651814096,1.7069117,2.3350157651814096,4.0,backup,Depth chart: TE4. Higher-ranked teammate is active; recent usage is not treated as a starting role.,healthy_backup,5.18501576518141
00-0035644,Noah Fant,Noah Fant,TE,TE,"https://static.www.nfl.com/image/upload/f_auto,q_auto/league/lijnonbrcmplvkcb5kqv",2026,1,REG,2026_01_NO_DET,NO,LV,0,0,0,0,0,0,0,0,0,0,0,0,,,0,,0,0,0,0,0,0,0,0,0,0,,0,0,0,0,0,4,8,33,1,0,0,48,15,2,-8.525529281701893,0,1,0,0,0,0.6875,0.15384615384615385,0.09937888198757763,0.3003344481605351,0,1,0,0,0,0,0,0.0,0.0,0,0,0,0,0,0,0,0,0,0,0,0,0,0,0,0,0,0,0,0,0,0,0,0,0,0,0,0,0,0,0,0,0,,,0,0,0,0,0,0,0,0,0,0,0,0,,,,0,0,0,0,0,0,0,,0,0,0,0,0,0,0,,0,0,0,0,0,0,0,0,0,0,9.3,13.3,0,0,9.3,6.0,3.3000000000000007,2026,1,,,,,1.1625,,0.6451612903225806,0,0,9.3,4.9,3.266666666666667,2.825,4.5583124999999995,8,4.5,3.3333333333333335,3.0,4.316375,0,0.0,0.0,0.0,0.0,33,19.0,12.666666666666666,13.25,18.583125,0,0.0,0.0,0.0,0.0,4,2.5,1.6666666666666667,1.5,2.213875,,,,,,,,,,,6.0,3.0,2.0,1.5,2.6999999999999997,0,0.0,0.0,0.0,0.0,0,0.0,0.0,0.0,0.0,9.3,4.9,3.266666666666667,2.825,4.5583124999999995,4.15,3.0,0.0,,,0.0,0.0,4.316375,3.0,1.0560510845327387,0.592324462177615,0.3850109004154498,4.15,-1.1500000000000004,4.0,4.740755242311436,2.2989413233927434,0.6721954948876907,5.959760538691,64.01743367660725,TD-dependent production,,,"['Role is trending upward', 'Recent production is improving', 'Production has significant TD dependence']",Noah Fant,TE,,3.3159780167893453,3.6422296,3.3159780167893453,2.0,backup,Depth chart: TE2. Higher-ranked teammate is active; recent usage is not treated as a starting role.,healthy_backup,5.165978016789345
00-0039530,Brevyn Spann-Ford,Brevyn Spann-Ford,TE,TE,"https://static.www.nfl.com/image/upload/f_auto,q_auto/league/sko2pmuqociwa92ep1ad",2026,1,REG,2026_01_DAL_NYG,DAL,BAL,0,0,0,0,0,0,0,0,0,0,0,0,,,0,,0,0,0,0,0,0,0,0,0,0,,0,0,0,0,0,2,2,14,0,0,0,6,8,0,0.5168631682172418,0,0,0,0,0,2.3333333333333335,0.06666666666666667,0.019417475728155338,0.11359223300970875,0,0,0,1,0,0,0,0.0,0.0,0,0,0,0,0,0,0,0,0,0,0,0,0,0,0,0,0,0,0,0,0,0,0,0,0,0,0,0,0,0,0,0,0,,,0,0,0,0,0,0,0,0,0,0,0,0,,,,0,0,0,0,0,0,0,,0,0,0,0,0,0,0,,0,0,0,0,0,0,0,0,0,0,1.4000000000000001,3.4000000000000004,0,0,1.4000000000000001,0.0,1.4000000000000001,2026,1,,,,,0.7000000000000001,,0.0,0,0,1.4000000000000001,2.2,2.5,1.875,1.7944875000000002,2,2.5,2.3333333333333335,1.75,1.91475,0,0.0,0.0,0.0,0.0,14,22.0,25.0,18.75,17.944875,0,0.0,0.0,0.0,0.0,2,2.0,1.6666666666666667,1.25,1.5311249999999998,,,,,,,,,,,0.0,0.0,0.0,0.0,0.0,0,0.0,0.0,0.0,0.0,0,0.0,0.0,0.0,0.0,1.4000000000000001,2.2,2.5,1.875,1.7944875000000002,0.6500000000000001,1.5,0.0,,,0.0,0.0,1.91475,1.5,0.9371915393654525,0.0,0.0,0.6500000000000001,0.8499999999999999,4.0,2.5079425,0.37342554415170903,2.3513385019576276,3.210217253506558,61.91475,Stable,,,['Limited recent opportunity'],Brevyn Spann-Ford,TE,,2.780777877732093,2.617042,2.780777877732093,2.0,backup,Depth chart: TE2. Higher-ranked teammate is active; recent usage is not treated as a starting role.,healthy_backup,5.1307778777320925
00-0032104,Ameer Abdullah,Ameer Abdullah,RB,RB,"https://static.www.nfl.com/image/upload/f_auto,q_auto/league/k8teyeiqchljlm0h5te4",2026,1,REG,2026_01_CLE_JAX,JAX,NE,0,0,0,0,0,0,0,0,0,0,0,0,,,0,,0,0,0,0,4,32,0,0,0,1,1.0198065017673983,0,2,1,0,0,1,1,0,0,0,0,-3,3,0,-0.7475226544775069,0,0,0,0,0,-0.0,0.047619047619047616,-0.012396694214876033,0.0627508854781582,0,0,0,0,0,0,0,0.0,0.0,0,0,0,0,0,0,0,0,0,0,0,0,0,0,0,0,0,0,0,0,0,0,0,0,0,0,0,2,59,0,0,0,0,,,0,0,0,0,0,0,0,0,0,0,0,0,,,,0,0,0,0,0,0,0,,0,0,0,0,0,0,0,,0,0,0,0,0,0,0,0,0,0,3.2,4.2,0,0,3.2,0.0,3.2,2026,1,,,,,3.2,0.8,0.0,0,0,3.2,2.8500000000000005,2.0333333333333337,1.625,2.17975,1,1.5,1.3333333333333333,1.25,1.2475,4,2.5,1.6666666666666667,1.25,2.0475,0,12.0,9.333333333333334,8.0,7.15,32,16.5,11.0,8.25,14.647499999999999,1,1.5,1.3333333333333333,1.25,1.2475,,,,,,,,,,,0.0,0.0,0.0,0.0,0.0,0,0.0,0.0,0.0,0.0,0,0.0,0.0,0.0,0.0,3.2,2.8500000000000005,2.0333333333333337,1.625,2.17975,2.4500000000000006,0.5,2.5,,,0.0,0.0,2.373625,1.875,0.9183211332876928,0.0,0.0,2.4500000000000006,-0.5750000000000006,4.0,2.7161833333333334,0.5698375977221737,3.1441295687250546,4.454756043486054,62.373625,Momentum confirmed,,,"['Limited recent opportunity', 'Recent production is improving']",Ameer Abdullah,RB,,3.7994428061055543,2.7741358,3.7994428061055543,4.0,backup,Depth chart: RB4. Higher-ranked teammate is active; recent usage is not treated as a starting role.,healthy_backup,5.099442806105554
00-0039342,Xavier Legette,Xavier Legette,WR,WR,"https://static.www.nfl.com/image/upload/f_auto,q_auto/league/yoyxkitrdqbkhyqncy5p",2026,1,REG,2026_01_CHI_CAR,CAR,CLE,0,0,0,0,0,0,0,0,0,0,0,0,,,0,,0,0,0,0,0,0,0,0,0,0,,0,0,0,0,0,0,2,0,0,0,0,20,0,0,-0.9837263652589172,0,0,0,0,0,0.0,0.058823529411764705,0.0546448087431694,0.12648666023786562,0,0,0,0,0,0,0,0.0,0.0,0,0,0,0,0,0,0,0,0,0,0,0,0,0,0,0,0,0,0,0,0,0,0,0,0,0,0,2,52,0,0,0,0,,,0,0,0,0,0,0,0,0,0,0,0,0,,,,0,0,0,0,0,0,0,,0,0,0,0,0,0,0,,0,0,0,0,0,0,0,0,0,0,0.0,0.0,0,0,0.0,0.0,0.0,2026,1,,,,,0.0,,,0,0,0.0,0.4,1.0,0.825,0.5473875000000001,2,3.0,3.3333333333333335,2.75,2.6008750000000003,0,0.0,0.0,0.0,0.0,0,4.0,10.0,8.25,5.4738750000000005,0,0.0,0.0,0.0,0.0,0,0.5,1.3333333333333333,1.25,0.82225,,,,,,,,,,,0.0,0.0,0.0,0.0,0.0,0,0.0,0.0,0.0,0.0,0,0.0,0.0,0.0,0.0,0.0,0.4,1.0,0.825,0.5473875000000001,-0.85,0.5,0.0,,,0.0,0.0,2.6008750000000003,0.5,0.2104628250108137,0.0,0.0,-0.85,1.35,4.0,0.8771825,0.3472842020953444,2.816524769482942,3.6152784343022337,62.600875,Stable,,,['Limited recent opportunity'],Xavier Legette,WR,,3.215901601892588,2.5479012,3.215901601892588,3.0,backup,Depth chart: WR3. Higher-ranked teammate is active; recent usage is not treated as a starting role.,healthy_backup,5.0659016018925875
00-0035876,Andre Baccellia,Andre Baccellia,WR,WR,"https://static.www.nfl.com/image/upload/f_auto,q_auto/league/uaqykjil87rj71rkyz70",2026,-1,REG,2025_15_ARI_HOU,ARI,SF,0,0,0,0,0,0,0,0,0,0,0,0,,,0,,0,0,0,0,0,0,0,0,0,0,,0,0,0,0,0,0,0,0,0,0,0,0,0,0,,0,0,0,0,0,,0.0,0.0,0.0,0,0,0,0,0,0,0,0.0,0.0,0,0,0,0,0,0,0,0,0,0,0,0,0,0,0,0,0,0,0,0,0,0,0,0,0,0,0,2,53,0,0,0,0,,,0,0,0,0,0,0,0,0,0,0,0,0,,,,0,0,0,0,0,0,0,,0,0,0,0,0,0,0,,0,0,0,0,0,0,0,0,0,0,0.0,0.0,0,0,0.0,0.0,0.0,2025,15,,,,,,,,0,0,0.0,0.15000000000000002,0.10000000000000002,0.10000000000000002,0.07425000000000001,0,1.5,1.0,1.0,0.7424999999999999,0,0.0,0.0,0.0,0.0,0,1.5,1.0,1.0,0.7424999999999999,0,0.0,0.0,0.0,0.0,0,0.5,0.3333333333333333,0.3333333333333333,0.2475,,,,,,,,,,,0.0,0.0,0.0,0.0,0.0,0,0.0,0.0,0.0,0.0,0,0.0,0.0,0.0,0.0,0.0,0.15000000000000002,0.10000000000000002,0.10000000000000002,0.07425000000000001,0.15000000000000002,1.5,0.0,,,0.0,0.0,0.7424999999999999,1.5,0.10000000000000002,0.0,0.0,0.15000000000000002,1.35,3.0,0.6095499999999999,0.04902132189160142,2.1484070724357758,2.2611561127864594,60.7425,Stable,,,['Limited recent opportunity'],Andre Baccellia,WR,,2.2047815926111176,1.3569938,2.2047815926111176,7.0,backup,Depth chart: WR7. Higher-ranked teammate is active; recent usage is not treated as a starting role.,healthy_backup,5.054781592611118
00-0041067,Bryce Lance,Bryce Lance,WR,WR,"https://static.www.nfl.com/image/upload/f_auto,q_auto/league/lzh0hbhllbouh97ffpp6",2026,1,REG,2026_01_NO_DET,NO,LV,0,0,0,0,0,0,0,0,0,0,0,0,,,0,,0,0,0,0,0,0,0,0,0,0,,0,0,0,0,0,3,4,42,0,0,0,40,7,2,3.177876997724641,0,2,1,0,0,1.05,0.07692307692307693,0.08281573498964803,0.17335562987736902,0,0,0,0,0,0,0,0.0,0.0,0,0,0,0,0,0,0,0,0,0,0,0,0,0,0,0,0,0,0,0,0,0,0,0,0,0,0,0,0,0,0,0,0,,,0,0,0,0,0,0,0,0,0,0,0,0,,,,0,0,0,0,0,0,0,,0,0,0,0,0,0,0,,0,0,0,0,0,0,0,0,0,0,4.2,7.2,0,0,4.2,0.0,4.2,2026,1,,,,,1.05,,0.0,0,0,4.2,4.2,4.2,4.2,4.2,4,4.0,4.0,4.0,4.0,0,0.0,0.0,0.0,0.0,42,42.0,42.0,42.0,42.0,0,0.0,0.0,0.0,0.0,3,3.0,3.0,3.0,3.0,,,,,,,,,,,0.0,0.0,0.0,0.0,0.0,0,0.0,0.0,0.0,0.0,0,0.0,0.0,0.0,0.0,4.2,4.2,4.2,4.2,4.2,,,,,,,,4.0,0.0,1.05,0.0,0.0,,0.0,1.0,4.2,0.0,5.041378096935642,5.041378096935642,,Stable,,,['Projection primarily follows recent baseline'],Bryce Lance,WR,,5.041378096935642,4.7503114,5.041378096935642,4.0,backup,Depth chart: WR4. Higher-ranked teammate is active; recent usage is not treated as a starting role.,healthy_backup,5.041378096935642
00-0040646,Jalen Royals,Jalen Royals,WR,WR,"https://static.www.nfl.com/image/upload/f_auto,q_auto/league/sqrid1hnmwqymcp2vxfx",2026,1,REG,2026_01_DEN_KC,KC,MIA,0,0,0,0,0,0,0,0,0,0,0,0,,,0,,0,0,0,0,0,0,0,0,0,0,,0,0,0,0,0,0,0,0,0,0,0,0,0,0,,0,0,0,0,0,,0.0,0.0,0.0,0,1,0,0,0,0,0,0.0,0.0,0,0,0,0,0,0,0,0,0,0,0,0,0,0,0,0,0,0,1,5,0,0,0,0,0,0,0,0,0,0,0,0,0,,,0,0,0,0,0,0,0,0,0,0,0,0,,,,0,0,0,0,0,0,0,,0,0,0,0,0,0,0,,0,0,0,0,0,0,0,0,0,0,0.0,0.0,0,0,0.0,0.0,0.0,2026,1,,,,,,,,0,0,0.0,0.2,0.13333333333333333,0.13333333333333333,0.099,0,1.5,1.0,1.0,0.7424999999999999,0,0.0,0.0,0.0,0.0,0,2.0,1.3333333333333333,1.3333333333333333,0.99,0,0.0,0.0,0.0,0.0,0,1.0,0.6666666666666666,0.6666666666666666,0.495,,,,,,,,,,,0.0,0.0,0.0,0.0,0.0,0,0.0,0.0,0.0,0.0,0,0.0,0.0,0.0,0.0,0.0,0.2,0.13333333333333333,0.13333333333333333,0.099,0.2,1.5,0.0,,,0.0,0.0,0.7424999999999999,1.5,0.13333333333333336,0.0,0.0,0.2,1.3,3.0,0.6377333333333333,0.06536176252213521,2.1389306703932895,2.2892627241942005,60.7425,Stable,,,['Limited recent opportunity'],Jalen Royals,WR,,2.214096697293745,1.3682312,2.214096697293745,5.0,backup,Depth chart: WR5. Higher-ranked teammate is active; recent usage is not treated as a starting role.,healthy_backup,5.014096697293745
00-0039299,George Holani,George Holani,RB,RB,"https://static.www.nfl.com/image/upload/f_auto,q_auto/league/pgwvv5qhcmnwf3tomy1a",2026,1,REG,2026_01_NE_SEA,SEA,WAS,0,0,0,0,0,0,0,0,0,0,0,0,,,0,,0,0,0,0,8,29,0,0,0,0,-2.1458699531503953,0,0,0,0,0,0,1,0,0,0,0,6,0,0,-0.03428174747386947,0,0,0,0,0,0.0,0.041666666666666664,0.03896103896103896,0.08977272727272727,0,0,0,0,0,0,0,0.0,0.0,0,0,0,0,0,0,0,0,0,0,0,0,0,0,0,0,0,0,0,0,0,0,0,0,0,0,0,0,0,0,0,0,0,,,0,0,0,0,0,0,0,0,0,0,0,0,,,,0,0,0,0,0,0,0,,0,0,0,0,0,0,0,,0,0,0,0,0,0,0,0,0,0,2.9000000000000004,2.9000000000000004,0,0,2.9000000000000004,0.0,2.9000000000000004,2026,1,,,,,2.9000000000000004,0.36250000000000004,0.0,0,0,2.9000000000000004,2.1000000000000005,2.4333333333333336,1.975,2.1485624999999997,1,1.0,2.0,1.5,1.242,8,5.0,4.333333333333333,3.75,4.836125,0,3.5,11.333333333333334,8.5,5.407875,29,17.5,13.0,11.25,16.077749999999998,0,0.5,1.3333333333333333,1.0,0.655875,,,,,,,,,,,0.0,0.0,0.0,0.0,0.0,0,0.0,0.0,0.0,0.0,0,0.0,0.0,0.0,0.0,2.9000000000000004,2.1000000000000005,2.4333333333333336,1.975,2.1485624999999997,0.25000000000000044,-1.0,2.5,,,0.0,0.0,3.90186875,0.375,0.5506496086010068,0.0,0.0,0.25000000000000044,0.12499999999999956,4.0,2.324970833333333,0.3303600057555058,4.060571722518692,4.820399735756356,63.90186875,Stable,,,['Projection primarily follows recent baseline'],George Holani,RB,,4.440485729137524,3.8236158,4.440485729137524,2.0,backup,Depth chart: RB2. Higher-ranked teammate is active; recent usage is not treated as a starting role.,healthy_backup,4.940485729137524
00-0039737,Tip Reiman,Tip Reiman,TE,TE,"https://static.www.nfl.com/image/upload/f_auto,q_auto/league/yfi3fqch6kzqrcvuptal",2026,-1,REG,2025_05_TEN_ARI,ARI,SF,0,0,0,0,0,0,0,0,0,0,0,0,,,0,,0,0,0,0,0,0,0,0,0,0,,0,0,0,0,0,0,1,0,0,0,0,9,0,0,-0.7791321533732116,0,0,0,0,0,0.0,0.03333333333333333,0.0430622009569378,0.08014354066985646,0,0,0,0,0,0,0,0.0,0.0,0,0,0,0,0,0,0,0,0,0,0,0,0,0,0,0,0,0,0,0,0,0,0,0,0,0,0,0,0,0,0,0,0,,,0,0,0,0,0,0,0,0,0,0,0,0,,,,0,0,0,0,0,0,0,,0,0,0,0,0,0,0,,0,0,0,0,0,0,0,0,0,0,0.0,0.0,0,0,0.0,0.0,0.0,2025,5,,,,,0.0,,,0,0,0.0,0.4,0.6,0.6,0.5005000000000001,1,2.0,1.6666666666666667,1.6666666666666667,1.4949999999999999,0,0.0,0.0,0.0,0.0,0,4.0,6.0,6.0,5.005,0,0.0,0.0,0.0,0.0,0,1.0,1.0,1.0,0.7975,,,,,,,,,,,0.0,0.0,0.0,0.0,0.0,0,0.0,0.0,0.0,0.0,0,0.0,0.0,0.0,0.0,0.0,0.4,0.6,0.6,0.5005000000000001,-0.6,1.0,0.0,,,0.0,0.0,1.4949999999999999,1.0,0.33478260869565224,0.0,0.0,-0.6,1.6,3.0,0.8903,0.2227465824653658,2.0718297852156637,2.584146924886005,61.495,Stable,,,['Limited recent opportunity'],Tip Reiman,TE,,2.3279883550508345,1.6908097,2.3279883550508345,4.0,backup,Depth chart: TE4. Higher-ranked teammate is active; recent usage is not treated as a starting role.,healthy_backup,4.927988355050834
00-0037654,Tucker Fisk,Tucker Fisk,TE,TE,"https://static.www.nfl.com/image/upload/f_auto,q_auto/league/yqaco04wjatmxlmxpq1y",2026,-1,POST,2025_19_LAC_NE,LAC,BUF,0,0,0,0,0,0,0,0,0,0,0,0,,,0,,0,0,0,0,0,0,0,0,0,0,,0,0,0,0,0,3,3,12,0,0,0,6,6,0,-0.19463946821633726,0,0,0,0,0,2.0,0.1,0.024896265560165973,0.1674273858921162,0,0,0,0,0,0,0,0.0,0.0,0,0,0,0,0,0,0,0,0,0,0,0,0,0,0,0,0,0,0,0,0,0,0,0,0,0,0,0,0,0,0,0,0,,,0,0,0,0,0,0,0,0,0,0,0,0,,,,0,0,0,0,0,0,0,,0,0,0,0,0,0,0,,0,0,0,0,0,0,0,0,0,0,1.2000000000000002,4.2,0,0,1.2000000000000002,0.0,1.2000000000000002,2025,19,,,,,0.4000000000000001,,0.0,0,0,1.2000000000000002,0.9500000000000002,1.0333333333333334,1.0333333333333334,1.0762500000000002,3,2.0,1.6666666666666667,1.6666666666666667,1.9,0,0.0,0.0,0.0,0.0,12,9.5,10.333333333333334,10.333333333333334,10.7625,0,0.0,0.0,0.0,0.0,3,2.0,1.6666666666666667,1.6666666666666667,1.9,,,,,,,,,,,0.0,0.0,0.0,0.0,0.0,0,0.0,0.0,0.0,0.0,0,0.0,0.0,0.0,0.0,1.2000000000000002,0.9500000000000002,1.0333333333333334,1.0333333333333334,1.0762500000000002,-0.25,1.0,0.0,,,0.0,0.0,1.9,1.0,0.5664473684210527,0.0,0.0,-0.25,1.25,3.0,1.4090833333333337,0.08170220315266903,2.5545211543563893,2.7424362216075284,61.9,Stable,,,['Limited recent opportunity'],Tucker Fisk,TE,,2.648478687981959,2.213853,2.648478687981959,,,,,4.898478687981958
00-0038619,Andrei Iosivas,Andrei Iosivas,WR,WR,"https://static.www.nfl.com/image/upload/f_auto,q_auto/league/xhrvbt81iohroyftuyj2",2026,1,REG,2026_01_TB_CIN,CIN,PIT,0,0,0,0,0,0,0,0,0,0,0,0,,,0,,0,0,0,0,0,0,0,0,0,0,,0,0,0,0,0,2,3,12,0,0,0,15,1,1,-8.35895217907387,0,1,0,0,0,0.8,0.08823529411764706,0.06637168141592921,0.17881311816762102,0,0,0,0,0,0,0,0.0,0.0,0,0,0,0,0,0,0,0,0,0,0,0,0,0,0,0,0,0,0,0,0,0,0,0,0,0,0,0,0,0,0,0,0,,,0,0,0,0,0,0,0,0,0,0,0,0,,,,0,0,0,0,0,0,0,,0,0,0,0,0,0,0,,0,0,0,0,0,0,0,0,0,0,1.2000000000000002,3.2,0,0,1.2000000000000002,0.0,1.2000000000000002,2026,1,,,,,0.4000000000000001,,0.0,0,0,1.2000000000000002,1.0999999999999996,2.1,2.1,1.6950000000000003,3,3.0,4.0,3.25,3.075625,0,0.0,0.0,0.0,0.0,12,11.0,21.0,21.0,16.95,0,0.0,0.0,0.0,0.0,2,2.0,2.6666666666666665,2.25,2.105875,,,,,,,,,,,0.0,0.0,0.0,0.0,0.0,0,0.0,0.0,0.0,0.0,0,0.0,0.0,0.0,0.0,1.2000000000000002,1.0999999999999996,2.1,2.1,1.6950000000000003,-2.000000000000001,-0.5,0.0,,,0.0,0.0,3.075625,-0.5,0.5511074984759197,0.0,0.0,-2.000000000000001,1.5000000000000009,4.0,1.6820000000000002,0.42694730353991006,3.3999824977781814,4.381961295919974,63.075625,Stable,,,['Recent production is declining'],Andrei Iosivas,WR,,3.890971896849078,3.5769656,3.890971896849078,3.0,backup,Depth chart: WR3. Higher-ranked teammate is active; recent usage is not treated as a starting role.,healthy_backup,4.890971896849079
00-0039376,Spencer Rattler,Spencer Rattler,QB,QB,"https://static.www.nfl.com/image/upload/f_auto,q_auto/league/gcgmcf4kex3jsl4rlrng",2026,-1,REG,2025_15_CAR_NO,NO,LV,0,1,0,0,0,0,0,0,0,4,0,0,0.11301557429355746,,0,0.0,0,0,0,0,0,0,0,0,0,0,,0,0,0,0,0,0,0,0,0,0,0,0,0,0,,0,0,0,0,0,,0.0,0.0,0.0,0,0,0,0,0,0,0,0.0,0.0,0,0,0,0,0,0,0,0,0,0,0,0,0,0,0,0,0,0,0,0,0,0,0,0,0,0,0,0,0,0,0,0,0,,,0,0,0,0,0,0,0,0,0,0,0,0,,,,0,0,0,0,0,0,0,,0,0,0,0,0,0,0,,0,0,0,0,0,0,0,0,0,0,0.0,0.0,0,0,0.0,0.0,0.0,2025,15,,,,,,,,0,0,0.0,2.3200000000000003,9.053333333333333,9.053333333333333,7.960700000000001,0,0.0,0.0,0.0,0.0,0,1.5,1.6666666666666667,1.6666666666666667,1.3475000000000001,0,0.0,0.0,0.0,0.0,0,6.0,8.0,8.0,6.6000000000000005,0,0.0,0.0,0.0,0.0,,,,,,,,,,,0.0,0.0,4.0,4.0,3.630000000000001,0,0.0,0.0,0.0,0.0,0,0.0,0.0,0.0,0.0,0.0,2.3200000000000003,9.053333333333333,9.053333333333333,7.960700000000001,-20.2,0.0,-0.5,,,0.0,0.0,0.7411250000000001,-0.275,10.741372912801484,0.4559900511261573,0.29639353323200224,-20.2,19.925,3.0,0.0,3.7818597574562,0.0,0.0,58.95926524254379,Stable,,,"['Limited recent opportunity', 'Opportunity rising faster than production', 'Recent production is declining']",Spencer Rattler,QB,,0.0,0.0,14.952236848049225,2.0,backup,Depth chart: QB2. Higher-ranked teammate is active; recent usage is not treated as a starting role.,healthy_backup,4.725
00-0036898,Davis Mills,Davis Mills,QB,QB,"https://static.www.nfl.com/image/upload/f_auto,q_auto/league/jh9e97vjzmeafx8jz0sn",2026,-1,REG,2025_18_IND_HOU,HOU,IND,3,9,36,0,0,0,0,0,0,54,15,2,-6.014739336618363,-35.21872077669416,0,0.6666666666666666,2,1,0,0,1,12,0,0,0,1,0.6447657234966755,0,1,1,0,0,0,0,0,0,0,0,0,0,0,,0,0,0,0,0,,0.0,0.0,0.0,0,0,0,0,0,0,0,0.0,0.0,0,0,0,0,0,0,0,0,0,0,0,0,0,0,0,0,0,0,0,0,0,0,0,0,0,0,0,0,0,0,0,0,0,,,0,0,0,0,0,0,0,0,0,0,0,0,,,,0,0,0,0,0,0,0,,0,0,0,0,0,0,0,,0,0,0,0,0,0,0,0,0,0,2.64,2.64,0,0,2.64,0.0,2.64,2025,18,,,,,,2.64,0.0,0,0,2.64,10.58,13.173333333333332,13.173333333333332,11.325600000000003,0,0.0,0.0,0.0,0.0,1,1.5,1.6666666666666667,1.6666666666666667,1.55,0,0.0,0.0,0.0,0.0,12,8.0,10.0,10.0,10.625,0,0.0,0.0,0.0,0.0,,,,,,,,,,,0.0,6.0,6.0,6.0,4.785,0,0.0,0.0,0.0,0.0,0,0.0,0.0,0.0,0.0,2.64,10.58,13.173333333333332,13.173333333333332,11.325600000000003,-7.779999999999999,0.0,-0.5,,,0.0,0.0,0.8525000000000001,-0.275,13.285161290322582,0.42249417249417237,0.27462121212121204,-7.779999999999999,7.504999999999999,3.0,0.0,3.9049731442866538,0.0,0.0,58.94752685571334,Stable,,,"['Limited recent opportunity', 'Opportunity rising faster than production', 'Recent production is declining']",Davis Mills,QB,,0.0,0.0,16.63827397193652,2.0,backup,Depth chart: QB2. Higher-ranked teammate is active; recent usage is not treated as a starting role.,healthy_backup,4.725
00-0040668,Shedeur Sanders,Shedeur Sanders,QB,QB,"https://static.www.nfl.com/image/upload/f_auto,q_auto/league/joe08hz6to2madpko8zl",2026,-1,REG,2025_18_CLE_CIN,CLE,CAR,11,22,111,0,0,6,-29,1,1,196,80,4,-9.697163290788161,-11.779612302780151,0,0.5663265306122449,5,2,1,0,3,26,0,0,0,1,2.211836172849871,0,1,1,0,0,0,0,0,0,0,0,0,0,0,,0,0,0,0,0,,0.0,0.0,0.0,0,0,0,0,0,0,0,0.0,0.0,0,0,0,0,0,0,0,0,0,0,0,0,0,0,0,0,0,0,0,0,1,0,0,1,1,0,0,0,0,0,0,0,0,,,0,0,0,0,0,0,0,0,0,0,0,0,,,,0,0,0,0,0,0,0,,0,0,0,0,0,0,0,,0,0,0,0,0,0,0,0,0,0,5.040000000000001,5.040000000000001,0,0,7.040000000000001,0.0,7.040000000000001,2025,18,,,,,,2.346666666666667,0.0,0,0,7.040000000000001,11.240000000000002,13.22,13.22,12.186350000000001,0,0.0,0.0,0.0,0.0,3,3.5,3.6666666666666665,3.6666666666666665,3.55,0,0.0,0.0,0.0,0.0,26,23.0,31.666666666666668,31.666666666666668,31.472500000000004,0,0.0,0.0,0.0,0.0,,,,,,,,,,,0.0,3.0,4.0,4.0,3.3000000000000003,0,0.0,0.0,0.0,0.0,0,0.0,0.0,0.0,0.0,7.040000000000001,11.240000000000002,13.22,13.22,12.186350000000001,-5.939999999999998,0.0,-0.5,,,0.0,0.0,1.9525000000000001,-0.275,6.241408450704226,0.2707947826871869,0.17601660874667147,-5.939999999999998,5.664999999999997,3.0,0.0,2.2924481349858277,0.0,0.0,61.660051865014175,Stable,,,"['Limited recent opportunity', 'Opportunity rising faster than production', 'Recent production is declining']",Shedeur Sanders,QB,,0.0,0.0,17.767978031132927,2.0,backup,Depth chart: QB2. Higher-ranked teammate is active; recent usage is not treated as a starting role.,healthy_backup,4.725
00-0040522,Xavier Restrepo,Xavier Restrepo,WR,WR,"https://static.www.nfl.com/image/upload/f_auto,q_auto/league/w4onu90fxjmlkmkchcg1",2026,-1,REG,2025_13_JAX_TEN,TEN,NYG,0,0,0,0,0,0,0,0,0,0,0,0,,,0,,0,0,0,0,0,0,0,0,0,0,,0,0,0,0,0,1,1,15,0,0,0,9,6,1,1.436543531017378,0,1,0,0,0,1.6666666666666667,0.02857142857142857,0.036290322580645164,0.06826036866359447,0,0,0,0,0,0,0,0.0,0.0,0,0,0,0,0,0,0,0,0,0,0,0,0,0,0,0,0,0,0,0,0,0,0,0,0,0,0,0,0,0,0,0,0,,,0,0,0,0,0,0,0,0,0,0,0,0,,,,0,0,0,0,0,0,0,,0,0,0,0,0,0,0,,0,0,0,0,0,0,0,0,0,0,1.5,2.5,0,0,1.5,0.0,1.5,2025,13,,,,,1.5,,0.0,0,0,1.5,2.05,2.05,2.05,2.105,1,3.5,3.5,3.5,3.75,0,0.0,0.0,0.0,0.0,15,20.5,20.5,20.5,21.05,0,0.0,0.0,0.0,0.0,1,1.5,1.5,1.5,1.55,,,,,,,,,,,0.0,0.0,0.0,0.0,0.0,0,0.0,0.0,0.0,0.0,0,0.0,0.0,0.0,0.0,1.5,2.05,2.05,2.05,2.105,,,,,,,,3.75,0.0,0.5613333333333334,0.0,0.0,,0.0,2.0,2.083,0.22650386310171397,4.457070040272418,4.97802892540636,,Stable,,,['Projection primarily follows recent baseline'],Xavier Restrepo,WR,,4.717549482839389,3.8079426,4.717549482839389,6.0,backup,Depth chart: WR6. Higher-ranked teammate is active; recent usage is not treated as a starting role.,healthy_backup,4.717549482839389
00-0038976,Marvin Mims Jr.,Marvin Mims Jr.,WR,WR,"https://static.www.nfl.com/image/upload/f_auto,q_auto/league/zbdjtph5xplbf4yocz0l",2026,1,REG,2026_01_DEN_KC,DEN,LAR,0,0,0,0,0,0,0,0,0,0,0,0,,,0,,0,0,0,0,0,0,0,0,0,0,,0,0,0,0,0,0,0,0,0,0,0,0,0,0,,0,0,0,0,0,,0.0,0.0,0.0,0,0,0,0,0,0,0,0.0,0.0,0,0,0,0,0,0,0,0,0,0,0,0,0,0,0,0,0,0,0,0,0,0,0,0,0,2,36,0,0,0,0,0,0,,,0,0,0,0,0,0,0,0,0,0,0,0,,,,0,0,0,0,0,0,0,,0,0,0,0,0,0,0,,0,0,0,0,0,0,0,0,0,0,0.0,0.0,0,0,0.0,0.0,0.0,2026,1,,,,,,,,0,0,0.0,3.1,7.166666666666667,5.625,3.7835875,0,3.0,4.666666666666667,4.25,3.0731250000000006,0,0.0,0.0,0.0,0.0,0,31.0,51.666666666666664,41.25,29.668375,0,0.0,0.0,0.0,0.0,0,2.0,4.0,3.5,2.41175,,,,,,,,,,,0.0,0.0,2.0,1.5,0.81675,0,0.0,0.0,0.0,0.0,0,0.0,0.0,0.0,0.0,0.0,3.1,7.166666666666667,5.625,3.7835875,-5.050000000000001,-2.5,0.0,,,0.0,0.0,3.0731250000000006,-2.5,1.2311856823266216,0.2158665552204092,0.14031326089326598,-5.050000000000001,2.5500000000000007,4.0,4.030569166666666,2.4291622085270697,1.8340745613815788,7.421147640993839,62.64396279147293,Downtrend confirmed,,,"['Role is trending downward', 'Opportunity rising faster than production', 'Recent production is declining']",Marvin Mims Jr.,WR,,4.627611101187709,4.423379,4.627611101187709,3.0,unavailable,Depth chart: WR3. Player is currently O.,,4.6776111011877095
00-0039364,Sione Vaki,Sione Vaki,RB,RB,"https://static.www.nfl.com/image/upload/f_auto,q_auto/league/abqcluf2gbejhiyjjtoz",2026,2,REG,2026_02_DET_BUF,DET,NYJ,0,0,0,0,0,0,0,0,0,0,0,0,,,0,,0,0,0,0,1,7,0,0,0,0,0.5090844398364425,0,0,0,0,0,1,1,13,0,0,0,1,12,0,0.5632163274567574,0,1,0,0,0,13.0,0.02631578947368421,0.002967359050445104,0.04155083554583788,0,0,0,0,0,0,0,0.0,0.0,0,0,0,0,0,0,0,0,0,0,0,0,0,0,0,0,0,0,0,0,0,0,0,0,0,0,0,0,0,0,0,0,0,,,0,0,0,0,0,0,0,0,0,0,0,0,,,,0,0,0,0,0,0,0,,0,0,0,0,0,0,0,,0,0,0,0,0,0,0,0,0,0,2.0,3.0,0,0,2.0,0.0,2.0,2026,2,,,,,2.0,2.0,0.0,0,0,2.0,1.9000000000000001,1.2666666666666668,0.76,1.3455,1,1.0,0.6666666666666666,0.4,0.6975,1,1.5,1.0,0.6,0.945,13,12.0,8.0,4.8,8.5725,7,7.0,4.666666666666667,2.8,4.882499999999999,1,1.0,0.6666666666666666,0.4,0.6975,,,,,,,,,,,0.0,0.0,0.0,0.0,0.0,0,0.0,0.0,0.0,0.0,0,0.0,0.0,0.0,0.0,2.0,1.9000000000000001,1.2666666666666668,0.76,1.3455,1.9000000000000001,1.0,1.5,,,0.0,0.0,1.21725,1.8250000000000002,1.1053604436229205,0.0,0.0,1.9000000000000001,-0.07499999999999996,5.0,1.8767166666666664,0.45288698124121185,2.3532464279741445,3.394886484828932,61.21725,Momentum confirmed,,,['Limited recent opportunity'],Sione Vaki,RB,,2.8740664564015383,2.2536926,2.8740664564015383,2.0,backup,Depth chart: RB2. Higher-ranked teammate is active; recent usage is not treated as a starting role.,healthy_backup,4.624066456401539
00-0036244,Colby Parkinson,Colby Parkinson,TE,TE,"https://static.www.nfl.com/image/upload/f_auto,q_auto/league/qsyrgtfjj06wryahnxc9",2026,1,REG,2026_01_SF_LA,LAR,DEN,0,0,0,0,0,0,0,0,0,0,0,0,,,0,,0,0,0,0,0,0,0,0,0,0,,0,0,0,0,0,1,2,6,0,0,0,9,4,0,-0.2587750561069697,0,0,0,0,0,0.6666666666666666,0.07407407407407407,0.03529411764705882,0.1358169934640523,0,0,0,0,0,0,0,0.0,0.0,0,0,0,0,0,0,0,0,0,0,0,0,0,0,0,0,0,0,0,0,0,0,0,0,0,0,0,0,0,0,0,0,0,,,0,0,0,0,0,0,0,0,0,0,0,0,,,,0,0,0,0,0,0,0,,0,0,0,0,0,0,0,,0,0,0,0,0,0,0,0,0,0,0.6000000000000001,1.6,0,0,0.6000000000000001,0.0,0.6000000000000001,2026,1,,,,,0.30000000000000004,,0.0,0,0,0.6000000000000001,3.4000000000000004,4.133333333333334,5.45,4.130725000000001,2,3.0,4.333333333333333,4.0,3.3419999999999996,0,0.0,0.0,0.0,0.0,6,34.0,41.333333333333336,39.5,31.32475,0,0.0,0.0,0.0,0.0,1,2.0,2.3333333333333335,2.25,1.933625,,,,,,,,,,,0.0,0.0,0.0,1.5,0.9982500000000003,0,0.0,0.0,0.0,0.0,0,0.0,0.0,0.0,0.0,0.6000000000000001,3.4000000000000004,4.133333333333334,5.45,4.130725000000001,-4.1,-2.0,0.0,,,0.0,0.0,3.3419999999999996,-2.0,1.236003889886296,0.2416645988295033,0.15708198923917716,-4.1,2.0999999999999996,4.0,3.629268333333334,1.6132117618417134,2.6535742907693187,6.3639613430052595,63.342,Downtrend confirmed,,,"['Role is trending downward', 'Opportunity rising faster than production', 'Recent production is declining']",Colby Parkinson,TE,,4.508767816887289,4.3727865,4.508767816887289,1.0,starter,Depth chart: TE1.,,4.608767816887289
00-0037329,Brittain Brown,Brittain Brown,RB,RB,"https://static.www.nfl.com/image/upload/f_auto,q_auto/league/xo28viloq6rjkgca3gpz",2026,-1,REG,2025_15_CLE_CHI,CHI,PHI,0,0,0,0,0,0,0,0,0,0,0,0,,,0,,0,0,0,0,0,0,0,0,0,0,,0,0,0,0,0,0,0,0,0,0,0,0,0,0,,0,0,0,0,0,,0.0,0.0,0.0,0,0,0,1,0,0,0,0.0,0.0,0,0,0,0,0,0,0,0,0,0,0,0,0,0,0,0,0,0,0,0,0,0,0,0,0,0,0,0,0,0,0,0,0,,,0,0,0,0,0,0,0,0,0,0,0,0,,,,0,0,0,0,0,0,0,,0,0,0,0,0,0,0,,0,0,0,0,0,0,0,0,0,0,0.0,0.0,0,0,0.0,0.0,0.0,2025,15,,,,,,,,0,0,0.0,4.85,4.85,4.85,5.335,0,0.5,0.5,0.5,0.55,0,2.5,2.5,2.5,2.75,0,0.0,0.0,0.0,0.0,0,18.5,18.5,18.5,20.35,0,0.0,0.0,0.0,0.0,,,,,,,,,,,0.0,3.0,3.0,3.0,3.3000000000000003,0,0.0,0.0,0.0,0.0,0,0.0,0.0,0.0,0.0,0.0,4.85,4.85,4.85,5.335,,,,,,,,2.0625,0.0,2.5866666666666664,0.6185567010309279,0.4020618556701031,,0.0,2.0,4.803886597938145,1.9973522473514782,2.284341817910155,6.8782519868185545,,Stable,,,"['Limited recent opportunity', 'Production has significant TD dependence']",Brittain Brown,RB,,4.581296902364355,3.0133822,4.581296902364355,4.0,backup,Depth chart: RB4. Higher-ranked teammate is active; recent usage is not treated as a starting role.,healthy_backup,4.581296902364355
00-0040581,Dont'e Thornton Jr.,Dont'e Thornton Jr.,WR,WR,"https://static.www.nfl.com/image/upload/f_auto,q_auto/league/hlxztd3lpjaxtzojuxwh",2026,-1,REG,2025_18_KC_LV,LV,NO,0,0,0,0,0,0,0,0,0,0,0,0,,,0,,0,0,0,0,0,0,0,0,0,0,,0,0,0,0,0,0,1,0,0,0,0,43,0,0,-0.5719760421197861,0,0,0,0,0,0.0,0.038461538461538464,0.1902654867256637,0.19087814840027229,0,0,0,0,0,0,0,0.0,0.0,0,0,0,0,0,0,0,0,0,0,0,0,0,0,0,0,0,0,0,0,0,0,0,0,0,0,0,0,0,0,0,0,0,,,0,0,0,0,0,0,0,0,0,0,0,0,,,,0,0,0,0,0,0,0,,0,0,0,0,0,0,0,,0,0,0,0,0,0,0,0,0,0,0.0,0.0,0,0,0.0,0.0,0.0,2025,18,,,,,0.0,,,0,0,0.0,0.6000000000000001,0.7666666666666667,0.7666666666666667,0.62975,1,2.5,2.3333333333333335,2.3333333333333335,2.045,0,0.0,0.0,0.0,0.0,0,6.0,7.666666666666667,7.666666666666667,6.2975,0,0.0,0.0,0.0,0.0,0,1.0,1.0,1.0,0.7975,,,,,,,,,,,0.0,0.0,0.0,0.0,0.0,0,0.0,0.0,0.0,0.0,0,0.0,0.0,0.0,0.0,0.0,0.6000000000000001,0.7666666666666667,0.7666666666666667,0.62975,-0.5,0.5,0.0,,,0.0,0.0,2.045,0.5,0.3079462102689487,0.0,0.0,-0.5,1.0,3.0,0.8595166666666667,0.28468042316487685,2.723401103462343,3.3781660767415596,62.045,Stable,,,['Limited recent opportunity'],Dont'e Thornton Jr.,WR,,3.0507835901019513,2.531374,3.0507835901019513,6.0,backup,Depth chart: WR6. Higher-ranked teammate is active; recent usage is not treated as a starting role.,healthy_backup,4.550783590101951
00-0041042,Malachi Fields,Malachi Fields,WR,WR,"https://static.www.nfl.com/image/upload/f_auto,q_auto/league/tpls1aptxx9x8xaqvjtj",2026,1,REG,2026_01_DAL_NYG,NYG,TEN,0,0,0,0,0,0,0,0,0,0,0,0,,,0,,0,0,0,0,0,0,0,0,0,0,,0,0,0,0,0,2,4,25,0,0,0,71,15,1,0.529751836671494,0,1,1,0,0,0.352112676056338,0.13793103448275862,0.2897959183673469,0.40975369458128075,0,0,0,0,0,0,0,0.0,0.0,0,0,0,0,0,0,0,0,0,0,0,0,0,0,0,0,0,0,0,0,0,0,0,0,0,0,0,0,0,0,0,0,0,,,0,0,0,0,0,0,0,0,0,0,0,0,,,,0,0,0,0,0,0,0,,0,0,0,0,0,0,0,,0,0,0,0,0,0,0,0,0,0,2.5,4.5,0,0,2.5,0.0,2.5,2026,1,,,,,0.625,,0.0,0,0,2.5,2.5,2.5,2.5,2.5,4,4.0,4.0,4.0,4.0,0,0.0,0.0,0.0,0.0,25,25.0,25.0,25.0,25.0,0,0.0,0.0,0.0,0.0,2,2.0,2.0,2.0,2.0,,,,,,,,,,,0.0,0.0,0.0,0.0,0.0,0,0.0,0.0,0.0,0.0,0,0.0,0.0,0.0,0.0,2.5,2.5,2.5,2.5,2.5,,,,,,,,4.0,0.0,0.625,0.0,0.0,,0.0,1.0,2.5,0.0,4.48391540209982,4.48391540209982,,Stable,,,['Projection primarily follows recent baseline'],Malachi Fields,WR,,4.48391540209982,4.3724627,4.48391540209982,2.0,backup,Depth chart: WR2. Higher-ranked teammate is active; recent usage is not treated as a starting role.,healthy_backup,4.48391540209982
00-0036422,Adam Trautman,Adam Trautman,TE,TE,"https://static.www.nfl.com/image/upload/f_auto,q_auto/league/bqsgkwkfolczyrxmdp1j",2026,1,REG,2026_01_DEN_KC,DEN,LAR,0,0,0,0,0,0,0,0,0,0,0,0,,,0,,0,0,0,0,0,0,0,0,0,0,,0,0,0,0,0,2,3,10,0,0,0,-1,8,0,-0.6652172897011042,0,0,0,0,0,0.0,0.1111111111111111,-0.010869565217391304,0.15905797101449273,0,0,0,0,0,0,0,0.0,0.0,0,0,0,0,0,0,0,0,0,0,0,0,0,0,0,0,0,0,0,0,0,0,0,0,0,0,0,0,0,0,0,0,0,,,0,0,0,0,0,0,0,0,0,0,0,0,,,,0,0,0,0,0,0,0,,0,0,0,0,0,0,0,,0,0,0,0,0,0,0,0,0,0,1.0,3.0,0,0,1.0,0.0,1.0,2026,1,,,,,0.3333333333333333,,0.0,0,0,1.0,0.5,1.1333333333333335,1.2000000000000002,1.009625,3,2.5,2.3333333333333335,2.5,2.616375,0,0.0,0.0,0.0,0.0,10,5.0,11.333333333333334,12.0,10.096250000000001,0,0.0,0.0,0.0,0.0,2,1.0,1.3333333333333333,1.5,1.505,,,,,,,,,,,0.0,0.0,0.0,0.0,0.0,0,0.0,0.0,0.0,0.0,0,0.0,0.0,0.0,0.0,1.0,0.5,1.1333333333333335,1.2000000000000002,1.009625,-1.4000000000000004,0.0,0.0,,,0.0,0.0,2.616375,0.0,0.38588696192250727,0.0,0.0,-1.4000000000000004,1.4000000000000004,4.0,1.0691083333333333,0.24614548599919073,2.7885919487791795,3.3547265665773183,62.616375,Stable,,,['Limited recent opportunity'],Adam Trautman,TE,,3.071659257678249,2.4761953,3.071659257678249,2.0,backup,Depth chart: TE2. Higher-ranked teammate is active; recent usage is not treated as a starting role.,healthy_backup,4.471659257678249
00-0033357,Taysom Hill,Taysom Hill,TE,TE,"https://static.www.nfl.com/image/upload/f_auto,q_auto/league/q8itjlocg5do60qat4l3",2026,-1,REG,2025_18_NO_ATL,NO,LV,0,0,0,0,0,0,0,0,0,0,0,0,,,0,,0,0,0,0,0,0,0,0,0,0,,0,0,0,0,0,3,3,32,0,0,0,3,29,1,1.6725650216750796,0,2,0,0,0,10.666666666666666,0.08823529411764706,0.010676156583629894,0.1398262507850115,0,2,0,0,0,0,0,0.0,0.0,0,0,0,0,0,0,0,0,0,0,0,0,0,0,0,0,0,0,0,0,0,0,0,0,0,0,0,0,0,0,0,0,0,,,0,0,0,0,0,0,0,0,0,0,0,0,,,,0,0,0,0,0,0,0,,0,0,0,0,0,0,0,,0,0,0,0,0,0,0,0,0,0,3.2,6.2,0,0,3.2,0.0,3.2,2025,18,,,,,1.0666666666666667,,0.0,0,0,3.2,1.6,5.506666666666667,5.506666666666667,5.4693000000000005,3,1.5,3.0,3.0,3.165,0,1.5,5.0,5.0,4.3725000000000005,32,16.0,22.666666666666668,22.666666666666668,25.29,0,0.0,14.0,14.0,12.705000000000002,3,1.5,2.3333333333333335,2.3333333333333335,2.56,,,,,,,,,,,0.0,0.0,2.0,2.0,1.8150000000000004,0,0.0,0.0,0.0,0.0,0,0.0,0.0,0.0,0.0,3.2,1.6,5.506666666666667,5.506666666666667,5.4693000000000005,-11.719999999999999,-4.5,-10.5,,,0.0,0.0,5.569875000000001,-10.275,0.9819430418097354,0.3318523394218639,0.2157040206242115,-11.719999999999999,1.4449999999999985,3.0,2.9842466666666674,1.5981177506888118,4.176145361049635,7.8518161876339025,65.569875,Downtrend confirmed,,,"['Role is trending downward', 'Recent production is declining']",Taysom Hill,TE,,6.013980774341769,7.1197896,6.013980774341769,,,,,4.458980774341767
00-0034983,Hunter Renfrow,Hunter Renfrow,WR,WR,"https://static.www.nfl.com/image/upload/f_auto,q_auto/league/sgrqk1a6fm34swazm2bx",2026,-1,REG,2025_06_DAL_CAR,CAR,CLE,0,0,0,0,0,0,0,0,0,0,0,0,,,0,,0,0,0,0,0,0,0,0,0,0,,0,0,0,0,0,1,2,7,0,0,0,13,1,1,1.9987435080111027,0,0,0,0,0,0.5384615384615384,0.09523809523809523,0.08441558441558442,0.20194805194805193,0,0,0,0,0,0,0,0.0,0.0,0,0,0,0,0,0,0,0,0,0,0,0,0,0,0,0,0,0,0,0,0,0,0,0,0,1,0,0,0,0,0,0,0,,,0,0,0,0,0,0,0,0,0,0,0,0,,,,0,0,0,0,0,0,0,,0,0,0,0,0,0,0,,0,0,0,0,0,0,0,0,0,0,0.7000000000000001,1.7000000000000002,0,0,0.7000000000000001,0.0,0.7000000000000001,2025,6,,,,,0.35000000000000003,,0.0,0,0,0.7000000000000001,0.7000000000000001,0.8000000000000002,0.8000000000000002,0.7907500000000001,2,2.5,2.3333333333333335,2.3333333333333335,2.2475,0,0.0,0.0,0.0,0.0,7,7.0,8.0,8.0,7.907499999999999,0,0.0,0.0,0.0,0.0,1,1.0,1.3333333333333333,1.3333333333333333,1.3025000000000002,,,,,,,,,,,0.0,0.0,0.0,0.0,0.0,0,0.0,0.0,0.0,0.0,0,0.0,0.0,0.0,0.0,0.7000000000000001,0.7000000000000001,0.8000000000000002,0.8000000000000002,0.7907500000000001,-0.29999999999999993,0.5,0.0,,,0.0,0.0,2.2475,0.5,0.3518353726362625,0.0,0.0,-0.29999999999999993,0.7999999999999999,3.0,0.9694500000000001,0.04759926470020312,3.1002734308616127,3.20975173967208,62.2475,Stable,,,['Limited recent opportunity'],Hunter Renfrow,WR,,3.1550125852668462,2.555098,3.1550125852668462,,,,,4.4550125852668465
00-0036841,Austin Trammell,Austin Trammell,WR,WR,"https://static.www.nfl.com/image/upload/f_auto,q_auto/league/vpkcobp7jdqvk8qwhhtg",2026,-1,REG,2025_14_IND_JAX,JAX,NE,0,0,0,0,0,0,0,0,0,0,0,0,,,0,,0,0,0,0,0,0,0,0,0,0,,0,0,0,0,0,0,0,0,0,0,0,0,0,0,,0,0,0,0,0,,0.0,0.0,0.0,0,0,0,0,0,0,0,0.0,0.0,0,0,0,0,0,0,0,0,0,0,0,0,0,0,0,0,0,0,0,0,0,0,0,0,0,1,15,0,0,0,0,0,0,,,0,0,0,0,0,0,0,0,0,0,0,0,,,,0,0,0,0,0,0,0,,0,0,0,0,0,0,0,,0,0,0,0,0,0,0,0,0,0,0.0,0.0,0,0,0.0,0.0,0.0,2025,14,,,,,,,,0,0,0.0,0.0,0.0,0.0,0.0,0,2.0,1.6666666666666667,1.6666666666666667,1.2925,0,0.0,0.0,0.0,0.0,0,0.0,0.0,0.0,0.0,0,0.0,0.0,0.0,0.0,0,0.0,0.0,0.0,0.0,,,,,,,,,,,0.0,0.0,0.0,0.0,0.0,0,0.0,0.0,0.0,0.0,0,0.0,0.0,0.0,0.0,0.0,0.0,0.0,0.0,0.0,0.0,1.0,0.0,,,0.0,0.0,1.2925,1.0,0.0,,0.0,0.0,1.0,3.0,0.35,0.0,2.4456983524041447,2.4456983524041447,61.2925,Stable,,,['Limited recent opportunity'],Austin Trammell,WR,,2.4456983524041447,1.9146454,2.4456983524041447,8.0,backup,Depth chart: WR8. Higher-ranked teammate is active; recent usage is not treated as a starting role.,healthy_backup,4.445698352404145
00-0034521,Allen Lazard,Allen Lazard,WR,WR,"https://static.www.nfl.com/image/upload/f_auto,q_auto/league/b05f33npu1zjtpozfgdk",2026,-1,REG,2025_15_NYJ_JAX,NYJ,DET,0,0,0,0,0,0,0,0,0,0,0,0,,,0,,0,0,0,0,0,0,0,0,0,0,,0,0,0,0,0,1,2,6,0,0,0,9,0,0,-6.561257050896529,0,0,0,0,0,0.6666666666666666,0.0625,0.04225352112676056,0.1233274647887324,0,0,0,0,0,0,0,0.0,0.0,0,0,0,0,0,0,0,0,0,0,0,0,0,0,0,0,0,0,0,0,0,0,0,0,0,0,0,0,0,0,0,0,0,,,0,0,0,0,0,0,0,0,0,0,0,0,,,,0,0,0,0,0,0,0,,0,0,0,0,0,0,0,,0,0,0,0,0,0,0,0,0,0,0.6000000000000001,1.6,0,0,0.6000000000000001,0.0,0.6000000000000001,2025,15,,,,,0.30000000000000004,,0.0,0,0,0.6000000000000001,0.30000000000000004,0.5333333333333333,0.5333333333333333,0.5725,2,1.5,1.3333333333333333,1.3333333333333333,1.45,0,0.0,0.0,0.0,0.0,6,3.0,5.333333333333333,5.333333333333333,5.725,0,0.0,0.0,0.0,0.0,1,0.5,0.6666666666666666,0.6666666666666666,0.7525,,,,,,,,,,,0.0,0.0,0.0,0.0,0.0,0,0.0,0.0,0.0,0.0,0,0.0,0.0,0.0,0.0,0.6000000000000001,0.30000000000000004,0.5333333333333333,0.5333333333333333,0.5725,-0.7,0.5,0.0,,,0.0,0.0,1.45,0.5,0.39482758620689656,0.0,0.0,-0.7,1.2,3.0,0.7318333333333333,0.10693144221104163,2.621856415628057,2.8677987327134526,61.45,Stable,,,['Limited recent opportunity'],Allen Lazard,WR,,2.744827574170755,2.0794432,2.744827574170755,,,,,4.444827574170755
00-0041048,Ted Hurst III,Ted Hurst III,WR,WR,"https://static.www.nfl.com/image/upload/f_auto,q_auto/league/mmf6qmo6a2evw4feupcm",2026,1,REG,2026_01_TB_CIN,TB,MIN,0,0,0,0,0,0,0,0,0,0,0,0,,,0,,0,0,0,0,0,0,0,0,0,0,,0,0,0,0,0,3,3,36,0,0,0,34,2,2,2.3174199342611246,0,2,1,0,0,1.0588235294117647,0.1111111111111111,0.23776223776223776,0.33310023310023307,0,0,0,0,0,0,0,0.0,0.0,0,0,0,0,0,0,0,0,0,0,0,0,0,0,0,0,0,0,0,0,0,0,0,0,0,0,0,0,0,0,0,0,0,,,0,0,0,0,0,0,0,0,0,0,0,0,,,,0,0,0,0,0,0,0,,0,0,0,0,0,0,0,,0,0,0,0,0,0,0,0,0,0,3.6,6.6,0,0,3.6,0.0,3.6,2026,1,,,,,1.2,,0.0,0,0,3.6,3.6,3.6,3.6,3.6,3,3.0,3.0,3.0,3.0,0,0.0,0.0,0.0,0.0,36,36.0,36.0,36.0,36.0,0,0.0,0.0,0.0,0.0,3,3.0,3.0,3.0,3.0,,,,,,,,,,,0.0,0.0,0.0,0.0,0.0,0,0.0,0.0,0.0,0.0,0,0.0,0.0,0.0,0.0,3.6,3.6,3.6,3.6,3.6,,,,,,,,3.0,0.0,1.2,0.0,0.0,,0.0,1.0,3.6,0.0,4.423932252714607,4.423932252714607,,Stable,,,['Projection primarily follows recent baseline'],Ted Hurst III,WR,,4.423932252714607,3.647907,4.423932252714607,4.0,backup,Depth chart: WR4. Higher-ranked teammate is active; recent usage is not treated as a starting role.,healthy_backup,4.423932252714607
00-0040563,Efton Chism III,Efton Chism III,WR,WR,"https://static.www.nfl.com/image/upload/f_auto,q_auto/league/zbnf3ujmwprzgjnwdtlo",2026,-1,POST,2025_20_HOU_NE,NE,JAX,0,0,0,0,0,0,0,0,0,0,0,0,,,0,,0,0,0,0,0,0,0,0,0,0,,0,0,0,0,0,0,0,0,0,0,0,0,0,0,,0,0,0,0,0,,0.0,0.0,0.0,0,0,0,0,0,0,0,0.0,0.0,0,0,0,0,0,0,0,0,0,0,0,0,0,0,0,0,0,0,0,0,0,0,0,0,0,0,0,1,20,0,0,0,0,,,0,0,0,0,0,0,0,0,0,0,0,0,,,,0,0,0,0,0,0,0,,0,0,0,0,0,0,0,,0,0,0,0,0,0,0,0,0,0,0.0,0.0,0,0,0.0,0.0,0.0,2025,20,,,,,,,,0,0,0.0,1.0,1.8333333333333333,1.8333333333333333,1.5537500000000002,0,0.5,0.6666666666666666,0.6666666666666666,0.55,0,0.0,0.0,0.0,0.0,0,10.0,18.333333333333332,18.333333333333332,15.537500000000001,0,0.0,0.0,0.0,0.0,0,0.5,0.6666666666666666,0.6666666666666666,0.55,,,,,,,,,,,0.0,0.0,0.0,0.0,0.0,0,0.0,0.0,0.0,0.0,0,0.0,0.0,0.0,0.0,0.0,1.0,1.8333333333333333,1.8333333333333333,1.5537500000000002,-2.5,-0.5,0.0,,,0.0,0.0,0.55,-0.5,2.825,0.0,0.0,-2.5,2.0,3.0,1.4905833333333331,0.6924802644600542,2.078527184359383,3.6712317926175073,60.55,Stable,,,"['Limited recent opportunity', 'Opportunity rising faster than production', 'Recent production is declining']",Efton Chism III,WR,,2.874879488488445,1.6911169,2.874879488488445,5.0,backup,Depth chart: WR5. Higher-ranked teammate is active; recent usage is not treated as a starting role.,healthy_backup,4.374879488488445
00-0037258,Dameon Pierce,Dameon Pierce,RB,RB,"https://static.www.nfl.com/image/upload/f_auto,q_auto/league/oai3defivyfyofxxh4ux",2026,-1,REG,2025_18_KC_LV,KC,MIA,0,0,0,0,0,0,0,0,0,0,0,0,,,0,,0,0,0,0,4,10,0,0,0,0,-1.5554984530899674,0,0,0,0,0,0,0,0,0,0,0,0,0,0,,0,0,0,0,0,,0.0,0.0,0.0,0,0,0,0,0,0,0,0.0,0.0,0,0,0,0,0,0,0,0,0,0,0,0,0,0,0,0,0,0,0,0,0,0,0,0,0,0,0,0,0,0,0,0,0,,,0,0,0,0,0,0,0,0,0,0,0,0,,,,0,0,0,0,0,0,0,,0,0,0,0,0,0,0,,0,0,0,0,0,0,0,0,0,0,1.0,1.0,0,0,1.0,0.0,1.0,2025,18,,,,,,0.25,0.0,0,0,1.0,0.5,0.3333333333333333,0.3333333333333333,0.44999999999999996,0,0.0,0.0,0.0,0.0,4,2.0,1.3333333333333333,1.3333333333333333,1.7999999999999998,0,0.0,0.0,0.0,0.0,10,5.0,3.3333333333333335,3.3333333333333335,4.5,0,0.0,0.0,0.0,0.0,,,,,,,,,,,0.0,0.0,0.0,0.0,0.0,0,0.0,0.0,0.0,0.0,0,0.0,0.0,0.0,0.0,1.0,0.5,0.3333333333333333,0.3333333333333333,0.44999999999999996,0.5,0.0,2.0,,,0.0,0.0,0.99,1.1,0.45454545454545453,0.0,0.0,0.5,0.6000000000000001,3.0,0.7883333333333333,0.24711670657134185,2.367124111970839,2.9354925370849254,60.99,Stable,,,['Limited recent opportunity'],Dameon Pierce,RB,,2.651308324527882,2.680587,2.651308324527882,4.0,backup,Depth chart: RB4. Higher-ranked teammate is active; recent usage is not treated as a starting role.,healthy_backup,4.351308324527882
00-0035229,T.J. Hockenson,T.J. Hockenson,TE,TE,"https://static.www.nfl.com/image/upload/f_auto,q_auto/league/rs8o65x0u0n9xzde0fd6",2026,1,REG,2026_01_GB_MIN,MIN,TB,0,0,0,0,0,0,0,0,0,0,0,0,,,0,,0,0,0,0,0,0,0,0,0,0,,0,0,0,0,0,4,5,36,1,0,0,17,13,2,3.1717568156309426,0,1,1,0,0,2.1176470588235294,0.21739130434782608,0.09659090909090909,0.3937005928853755,0,1,0,0,0,0,0,0.0,0.0,0,0,0,0,0,0,0,0,0,0,0,0,0,0,0,0,0,0,0,0,0,0,0,0,0,0,0,0,0,0,0,0,0,,,0,0,0,0,0,0,0,0,0,0,0,0,,,,0,0,0,0,0,0,0,,0,0,0,0,0,0,0,,0,0,0,0,0,0,0,0,0,0,9.6,13.6,0,0,9.6,6.0,3.5999999999999996,2026,1,,,,,1.92,,0.625,0,0,9.6,4.9,5.466666666666666,5.9,6.465825,5,3.0,3.6666666666666665,3.5,3.677250000000001,0,0.0,0.0,0.0,0.0,36,19.0,34.666666666666664,29.0,27.67575,0,0.0,0.0,0.0,0.0,4,2.5,3.0,2.75,2.92475,,,,,,,,,,,6.0,3.0,2.0,3.0,3.69825,0,0.0,0.0,0.0,0.0,0,0.0,0.0,0.0,0.0,9.6,4.9,5.466666666666666,5.9,6.465825,-2.0,-1.0,0.0,,,0.0,0.0,3.677250000000001,-1.0,1.7583316336936565,0.571968774286344,0.3717797032861236,-2.0,1.0,4.0,5.537224118093978,1.6488380090266934,2.442729004885817,6.235056425647211,63.67725,Stable,,,"['Recent production is declining', 'Production has significant TD dependence']",T.J. Hockenson,TE,,4.338892715266514,4.233584,4.338892715266514,1.0,starter,Depth chart: TE1.,,4.338892715266514
00-0036534,Shane Zylstra,Shane Zylstra,TE,TE,"https://static.www.nfl.com/image/upload/f_auto,q_auto/league/jxq0fpgw6dzavqabgl1j",2026,-1,REG,2025_16_PIT_DET,DET,NYJ,0,0,0,0,0,0,0,0,0,0,0,0,,,0,,0,0,0,0,0,0,0,0,0,0,,0,0,0,0,0,3,5,20,0,0,0,37,2,1,-1.8361170820426196,0,1,0,0,0,0.5405405405405406,0.09615384615384616,0.11746031746031746,0.22645299145299147,0,1,0,0,0,0,0,0.0,0.0,0,0,0,0,0,0,0,0,0,0,0,0,0,0,0,0,0,0,1,5,0,0,0,0,0,0,0,0,0,0,0,0,0,,,0,0,0,0,0,0,0,0,0,0,0,0,,,,0,0,0,0,0,0,0,,0,0,0,0,0,0,0,,0,0,0,0,0,0,0,0,0,0,2.0,5.0,0,0,2.0,0.0,2.0,2025,16,,,,,0.4,,0.0,0,0,2.0,2.0,2.0,2.0,2.0,5,5.0,5.0,5.0,5.0,0,0.0,0.0,0.0,0.0,20,20.0,20.0,20.0,20.0,0,0.0,0.0,0.0,0.0,3,3.0,3.0,3.0,3.0,,,,,,,,,,,0.0,0.0,0.0,0.0,0.0,0,0.0,0.0,0.0,0.0,0,0.0,0.0,0.0,0.0,2.0,2.0,2.0,2.0,2.0,,,,,,,,5.0,0.0,0.4,0.0,0.0,,0.0,1.0,2.0,0.0,4.33650235461644,4.33650235461644,,Stable,,,['Projection primarily follows recent baseline'],Shane Zylstra,TE,,4.33650235461644,5.036914,4.33650235461644,4.0,backup,Depth chart: TE4. Higher-ranked teammate is active; recent usage is not treated as a starting role.,healthy_backup,4.33650235461644
00-0041100,Josh Cameron,Josh Cameron,WR,WR,"https://static.www.nfl.com/image/upload/f_auto,q_auto/league/jwb3wyhoqqq52mfiyxxc",2026,1,REG,2026_01_CLE_JAX,JAX,NE,0,0,0,0,0,0,0,0,0,0,0,0,,,0,,0,0,0,0,0,0,0,0,0,0,,0,0,0,0,0,2,2,20,1,0,0,18,2,2,2.1956454607425258,0,1,1,0,0,1.1111111111111112,0.09523809523809523,0.0743801652892562,0.19492325855962217,0,0,0,1,0,0,0,0.0,0.0,0,0,0,0,0,0,0,0,0,0,0,0,0,0,0,0,0,0,0,0,0,0,0,0,0,0,0,1,23,0,0,0,0,,,0,0,0,0,0,0,0,0,0,0,0,0,,,,0,0,0,0,0,0,0,,0,0,0,0,0,0,0,,0,0,0,0,0,0,0,0,0,0,8.0,10.0,0,0,8.0,6.0,2.0,2026,1,,,,,4.0,,0.75,0,0,8.0,8.0,8.0,8.0,8.0,2,2.0,2.0,2.0,2.0,0,0.0,0.0,0.0,0.0,20,20.0,20.0,20.0,20.0,0,0.0,0.0,0.0,0.0,2,2.0,2.0,2.0,2.0,,,,,,,,,,,6.0,6.0,6.0,6.0,6.0,0,0.0,0.0,0.0,0.0,0,0.0,0.0,0.0,0.0,8.0,8.0,8.0,8.0,8.0,,,,,,,,2.0,0.0,4.0,0.75,0.48750000000000004,,0.0,1.0,7.4,0.0,4.328809508090822,4.328809508090822,,Stable,,,"['Limited recent opportunity', 'Production has significant TD dependence']",Josh Cameron,WR,,4.328809508090822,4.023301,4.328809508090822,4.0,backup,Depth chart: WR4. Higher-ranked teammate is active; recent usage is not treated as a starting role.,healthy_backup,4.328809508090822
00-0040547,Nate Carter,Nate Carter,RB,RB,"https://static.www.nfl.com/image/upload/f_auto,q_auto/league/c7wg2qvjvd8diaaujwpt",2026,-1,REG,2025_08_MIA_ATL,ATL,GB,0,0,0,0,0,0,0,0,0,0,0,0,,,0,,0,0,0,0,2,14,0,0,0,1,-0.9005245582666248,0,1,1,0,0,0,0,0,0,0,0,0,0,0,,0,0,0,0,0,,0.0,0.0,0.0,0,0,0,0,0,0,0,0.0,0.0,0,0,0,0,0,0,0,0,0,0,0,0,0,0,0,0,0,0,0,0,0,0,0,0,0,0,0,0,0,0,0,0,0,,,0,0,0,0,0,0,0,0,0,0,0,0,,,,0,0,0,0,0,0,0,,0,0,0,0,0,0,0,,0,0,0,0,0,0,0,0,0,0,1.4000000000000001,1.4000000000000001,0,0,1.4000000000000001,0.0,1.4000000000000001,2025,8,,,,,,0.7000000000000001,0.0,0,0,1.4000000000000001,2.0000000000000004,2.0000000000000004,2.0000000000000004,2.0600000000000005,0,0.0,0.0,0.0,0.0,2,4.5,4.5,4.5,4.75,0,0.0,0.0,0.0,0.0,14,30.0,30.0,30.0,31.6,0,0.0,0.0,0.0,0.0,,,,,,,,,,,0.0,0.0,0.0,0.0,0.0,0,0.0,0.0,0.0,0.0,0,0.0,0.0,0.0,0.0,1.4000000000000001,2.0000000000000004,2.0000000000000004,2.0000000000000004,2.0600000000000005,,,,,,,,2.6125000000000003,0.0,0.7885167464114834,0.0,0.0,,0.0,2.0,2.0360000000000005,0.24709512338368814,4.0190055740548045,4.587324357837287,,Stable,,,['Limited recent opportunity'],Nate Carter,RB,,4.303164965946046,3.5865223,4.303164965946046,4.0,backup,Depth chart: RB4. Higher-ranked teammate is active; recent usage is not treated as a starting role.,healthy_backup,4.303164965946046
00-0040648,Tory Horton,Tory Horton,WR,WR,"https://static.www.nfl.com/image/upload/f_auto,q_auto/league/lmsun4qzmk1rkgt4kw76",2026,-1,REG,2025_09_SEA_WAS,SEA,WAS,0,0,0,0,0,0,0,0,0,0,0,0,,,0,,0,0,0,0,0,0,0,0,0,0,,0,0,0,0,0,4,4,48,2,0,0,42,6,3,6.520495498843957,0,2,1,1,0,1.1428571428571428,0.16666666666666666,0.2028985507246377,0.3920289855072464,0,0,0,0,0,0,0,0.0,0.0,0,0,0,0,0,0,0,0,0,0,0,0,0,0,0,0,0,0,0,0,0,0,0,0,0,0,0,0,0,0,0,0,0,,,0,0,0,0,0,0,0,0,0,0,0,0,,,,0,0,0,0,0,0,0,,0,0,0,0,0,0,0,,0,0,0,0,0,0,0,0,0,0,16.8,20.8,0,0,16.8,12.0,4.800000000000001,2025,9,,,,,4.2,,0.7142857142857143,0,0,16.8,8.4,5.6000000000000005,5.6000000000000005,7.56,4,3.5,2.6666666666666665,2.6666666666666665,2.8449999999999998,0,0.0,0.0,0.0,0.0,48,24.0,16.0,16.0,21.599999999999998,0,0.0,0.0,0.0,0.0,4,2.0,1.3333333333333333,1.3333333333333333,1.7999999999999998,,,,,,,,,,,12.0,6.0,4.0,4.0,5.3999999999999995,0,0.0,0.0,0.0,0.0,0,0.0,0.0,0.0,0.0,16.8,8.4,5.6000000000000005,5.6000000000000005,7.56,8.4,2.5,0.0,,,0.0,0.0,2.8449999999999998,2.5,2.657293497363796,0.7142857142857143,0.4642857142857143,8.4,-5.9,3.0,7.122428571428571,4.151560670398544,0.0,8.537449088760042,60.69343932960145,TD-dependent production,,,"['Limited recent opportunity', 'Role is trending upward', 'Recent production is improving', 'Production has significant TD dependence']",Tory Horton,WR,,3.763154317801717,3.5477962,3.763154317801717,4.0,backup,Depth chart: WR4. Higher-ranked teammate is active; recent usage is not treated as a starting role.,healthy_backup,4.2631543178017175
00-0036887,Luke Farrell,Luke Farrell,TE,TE,"https://static.www.nfl.com/image/upload/f_auto,q_auto/league/kdq2zratulrdsv4ykugy",2026,1,REG,2026_01_SF_LA,SF,ARI,0,0,0,0,0,0,0,0,0,0,0,0,,,0,,0,0,0,0,0,0,0,0,0,0,,0,0,0,0,0,2,2,19,0,0,0,3,16,1,1.5248444934841245,0,1,0,0,0,6.333333333333333,0.058823529411764705,0.020134228187919462,0.10232925384919067,0,0,0,0,0,0,0,0.0,0.0,0,0,0,0,0,0,0,0,0,0,0,0,0,0,0,0,0,0,0,0,0,0,0,0,0,0,0,0,0,0,0,0,0,,,0,0,0,0,0,0,0,0,0,0,0,0,,,,0,0,0,0,0,0,0,,0,0,0,0,0,0,0,,0,0,0,0,0,0,0,0,0,0,1.9000000000000001,3.9000000000000004,0,0,1.9000000000000001,0.0,1.9000000000000001,2026,1,,,,,0.9500000000000001,,0.0,0,0,1.9000000000000001,1.0,0.6666666666666666,0.5,0.87975,2,2.0,1.6666666666666667,1.25,1.5311249999999998,0,0.0,0.0,0.0,0.0,19,10.0,6.666666666666667,5.0,8.7975,0,0.0,0.0,0.0,0.0,2,1.5,1.0,0.75,1.1475,,,,,,,,,,,0.0,0.0,0.0,0.0,0.0,0,0.0,0.0,0.0,0.0,0,0.0,0.0,0.0,0.0,1.9000000000000001,1.0,0.6666666666666666,0.5,0.87975,1.0,1.5,0.0,,,0.0,0.0,1.5311249999999998,1.5,0.5745775165319619,0.0,0.0,1.0,0.5,4.0,1.2945166666666665,0.4868258289961388,1.7025522550129641,2.822251661704083,61.531125,Stable,,,['Limited recent opportunity'],Luke Farrell,TE,,2.2624019583585238,1.6476161,2.2624019583585238,2.0,backup,Depth chart: TE2. Higher-ranked teammate is active; recent usage is not treated as a starting role.,healthy_backup,4.262401958358524
00-0039855,Jalen McMillan,Jalen McMillan,WR,WR,"https://static.www.nfl.com/image/upload/f_auto,q_auto/league/s8tlj5wsi6cq8kjhp06v",2026,-1,REG,2025_18_CAR_TB,TB,MIN,0,0,0,0,0,0,0,0,0,0,0,0,,,0,,0,0,0,0,0,0,0,0,0,0,,0,0,0,0,0,1,1,11,0,0,0,7,4,1,1.775848121382296,0,1,0,0,0,1.5714285714285714,0.045454545454545456,0.04929577464788732,0.1026888604353393,0,0,0,0,0,0,0,0.0,0.0,0,0,0,0,0,0,0,0,0,0,0,0,0,0,0,0,0,0,0,0,0,0,0,0,0,0,0,0,0,0,0,0,0,,,0,0,0,0,0,0,0,0,0,0,0,0,,,,0,0,0,0,0,0,0,,0,0,0,0,0,0,0,,0,0,0,0,0,0,0,0,0,0,1.1,2.1,0,0,1.1,0.0,1.1,2025,18,,,,,1.1,,0.0,0,0,1.1,6.25,4.7,4.7,3.8005000000000004,1,5.0,4.333333333333333,4.333333333333333,3.585,0,0.0,0.3333333333333333,0.3333333333333333,0.30250000000000005,11,62.5,46.666666666666664,46.666666666666664,37.7025,0,0.0,0.3333333333333333,0.3333333333333333,0.30250000000000005,1,4.0,3.3333333333333335,3.3333333333333335,2.7875000000000005,,,,,,,,,,,0.0,0.0,0.0,0.0,0.0,0,0.0,0.0,0.0,0.0,0,0.0,0.0,0.0,0.0,1.1,6.25,4.7,4.7,3.8005000000000004,4.65,2.0,-1.0,,,0.0,0.0,3.751375,1.45,1.0130951984272434,0.0,0.0,4.65,-3.2,3.0,4.667800000000001,1.698922611539443,2.8421588318703703,6.749680838411089,63.751375,Momentum confirmed,,,['Recent production is improving'],Jalen McMillan,WR,,4.7959198351407295,4.331502,4.7959198351407295,3.0,backup,Depth chart: WR3. Higher-ranked teammate is active; recent usage is not treated as a starting role.,healthy_backup,4.24591983514073
00-0040582,Arian Smith,Arian Smith,WR,WR,"https://static.www.nfl.com/image/upload/f_auto,q_auto/league/asywvwrn6zhlidxothqn",2026,1,REG,2026_01_NYJ_TEN,NYJ,DET,0,0,0,0,0,0,0,0,0,0,0,0,,,0,,0,0,0,0,0,0,0,0,0,0,,0,0,0,0,0,0,1,0,0,0,0,4,0,0,-0.597929609240964,0,0,0,0,0,0.0,0.043478260869565216,0.023809523809523808,0.08188405797101449,0,1,0,0,0,0,0,0.0,0.0,0,0,0,0,0,0,0,0,0,0,0,0,0,0,0,0,0,0,0,0,0,0,0,0,0,0,0,0,0,0,0,0,0,,,0,0,0,0,0,0,0,0,0,0,0,0,,,,0,0,0,0,0,0,0,,0,0,0,0,0,0,0,,0,0,0,0,0,0,0,0,0,0,0.0,0.0,0,0,0.0,0.0,0.0,2026,1,,,,,0.0,,,0,0,0.0,0.1,0.2333333333333333,0.175,0.1175625,1,1.5,1.3333333333333333,1.25,1.2475,0,0.5,0.3333333333333333,0.25,0.2475,0,0.0,1.6666666666666667,1.25,0.680625,0,1.0,0.6666666666666666,0.5,0.495,0,0.0,0.3333333333333333,0.25,0.136125,,,,,,,,,,,0.0,0.0,0.0,0.0,0.0,0,0.0,0.0,0.0,0.0,0,0.0,0.0,0.0,0.0,0.0,0.1,0.2333333333333333,0.175,0.1175625,-0.15,0.5,0.5,,,0.0,0.0,1.383625,0.775,0.08496702502484416,0.0,0.0,-0.15,0.925,4.0,0.42637083333333337,0.0781553158958351,2.455705135588792,2.635462362149213,61.383625,Stable,,,['Limited recent opportunity'],Arian Smith,WR,,2.5455837488690025,1.920487,2.5455837488690025,5.0,backup,Depth chart: WR5. Higher-ranked teammate is active; recent usage is not treated as a starting role.,healthy_backup,4.245583748869002
00-0037306,John FitzPatrick,John FitzPatrick,TE,TE,"https://static.www.nfl.com/image/upload/f_auto,q_auto/league/kopyksw2p51nivtldayc",2026,-1,REG,2025_16_GB_CHI,GB,ATL,0,0,0,0,0,0,0,0,0,0,0,0,,,0,,0,0,0,0,0,0,0,0,0,0,,0,0,0,0,0,0,1,0,0,0,0,0,0,0,-0.5556045840494335,0,0,0,0,0,,0.041666666666666664,0.0,0.0625,0,0,0,0,0,0,0,0.0,0.0,0,0,0,0,0,0,0,0,0,0,0,0,0,0,0,0,0,0,0,0,0,0,0,0,0,0,0,0,0,0,0,0,0,,,0,0,0,0,0,0,0,0,0,0,0,0,,,,0,0,0,0,0,0,0,,0,0,0,0,0,0,0,,0,0,0,0,0,0,0,0,0,0,0.0,0.0,0,0,0.0,0.0,0.0,2025,16,,,,,0.0,,,0,0,0.0,0.9,1.0666666666666667,1.0666666666666667,0.8690000000000001,1,2.5,2.3333333333333335,2.3333333333333335,2.045,0,0.0,0.0,0.0,0.0,0,9.0,10.666666666666666,10.666666666666666,8.690000000000001,0,0.0,0.0,0.0,0.0,0,1.5,1.6666666666666667,1.6666666666666667,1.3475000000000001,,,,,,,,,,,0.0,0.0,0.0,0.0,0.0,0,0.0,0.0,0.0,0.0,0,0.0,0.0,0.0,0.0,0.0,0.9,1.0666666666666667,1.0666666666666667,0.8690000000000001,-0.5000000000000001,0.5,0.0,,,0.0,0.0,2.045,0.5,0.4249388753056235,0.0,0.0,-0.5000000000000001,1.0,3.0,1.1230666666666669,0.39876696620123053,2.28151948961574,3.19868351187857,62.045,Stable,,,['Limited recent opportunity'],John FitzPatrick,TE,,2.740101500747155,2.241991,2.740101500747155,,,,,4.240101500747155
00-0038679,Tyrell Shavers,Tyrell Shavers,WR,WR,"https://static.www.nfl.com/image/upload/f_auto,q_auto/league/r9nabownt8mbqlj730su",2026,-1,POST,2025_19_BUF_JAX,BUF,LAC,0,0,0,0,0,0,0,0,0,0,0,0,,,0,,0,0,0,0,0,0,0,0,0,0,,0,0,0,0,0,1,2,14,0,0,0,22,4,1,1.2544609184842557,0,1,0,0,0,0.6363636363636364,0.05714285714285714,0.07942238267148015,0.1413099535843218,0,0,0,0,0,0,0,0.0,0.0,0,0,0,0,0,0,0,0,0,0,0,0,0,0,0,0,0,0,1,10,0,0,0,0,0,0,0,0,0,0,0,0,0,,,0,0,0,0,0,0,0,0,0,0,0,0,,,,0,0,0,0,0,0,0,,0,0,0,0,0,0,0,,0,0,0,0,0,0,0,0,0,0,1.4000000000000001,2.4000000000000004,0,0,1.4000000000000001,0.0,1.4000000000000001,2025,19,,,,,0.7000000000000001,,0.0,0,0,1.4000000000000001,2.5,2.3666666666666667,2.3666666666666667,2.1562500000000004,2,2.5,2.3333333333333335,2.3333333333333335,2.2475,0,0.0,0.0,0.0,0.0,14,25.0,23.666666666666668,23.666666666666668,21.5625,0,0.0,0.0,0.0,0.0,1,1.5,1.3333333333333333,1.3333333333333333,1.2475,,,,,,,,,,,0.0,0.0,0.0,0.0,0.0,0,0.0,0.0,0.0,0.0,0,0.0,0.0,0.0,0.0,1.4000000000000001,2.5,2.3666666666666667,2.3666666666666667,2.1562500000000004,0.3999999999999999,0.5,0.0,,,0.0,0.0,2.2475,0.5,0.9593993325917688,0.0,0.0,0.3999999999999999,0.10000000000000009,3.0,2.4154166666666668,0.39461743076892414,3.1857783305089806,4.093398421277506,62.2475,Stable,,,['Limited recent opportunity'],Tyrell Shavers,WR,,3.6395883758932435,2.9433124,3.6395883758932435,6.0,backup,Depth chart: WR6. Higher-ranked teammate is active; recent usage is not treated as a starting role.,healthy_backup,4.239588375893243
00-0039359,Cade Stover,Cade Stover,TE,TE,"https://static.www.nfl.com/image/upload/f_auto,q_auto/league/ur3ihcg0rkeqbfiksj5y",2026,1,REG,2026_01_BUF_HOU,HOU,IND,0,0,0,0,0,0,0,0,0,0,0,0,,,0,,0,0,0,0,0,0,0,0,0,0,,0,0,0,0,0,1,1,-2,0,0,0,-2,0,0,-0.9365780813386664,0,0,0,0,0,0.0,0.02702702702702703,-0.006211180124223602,0.03619271445358402,0,0,0,2,0,0,0,0.0,0.0,0,0,0,0,0,0,0,0,0,0,0,0,0,0,0,0,0,0,0,0,0,0,0,0,0,0,0,0,0,0,0,0,0,,,0,0,0,0,0,0,0,0,0,0,0,0,,,,0,0,0,0,0,0,0,,0,0,0,0,0,0,0,,0,0,0,0,0,0,0,0,0,0,-0.2,0.8,0,0,-0.2,0.0,-0.2,2026,1,,,,,-0.2,,0.0,0,0,-0.2,0.30000000000000004,0.7666666666666667,0.8,0.4891500000000001,1,2.0,2.0,2.0,1.7975,0,1.0,1.0,0.75,0.631125,-2,0.0,4.333333333333333,5.5,2.8620000000000014,0,3.0,3.3333333333333335,2.5,2.0295,1,1.0,1.3333333333333333,1.25,1.136125,,,,,,,,,,,0.0,0.0,0.0,0.0,0.0,0,0.0,0.0,0.0,0.0,0,0.0,0.0,0.0,0.0,-0.2,0.30000000000000004,0.7666666666666667,0.8,0.4891500000000001,-1.0,0.0,0.5,,,0.0,0.0,2.1446187500000002,0.275,0.22808249718044293,0.0,0.0,-1.0,1.275,4.0,0.7014066666666667,0.3653864803799457,2.267665263100586,3.108054167974461,62.14461875,Stable,,,['Limited recent opportunity'],Cade Stover,TE,,2.6878597155375235,2.2131796,2.6878597155375235,4.0,backup,Depth chart: TE4. Higher-ranked teammate is active; recent usage is not treated as a starting role.,healthy_backup,4.237859715537523
00-0039451,Isaiah Williams,Isaiah Williams,WR,WR,"https://static.www.nfl.com/image/upload/f_auto,q_auto/league/rj2etltwzmlxyz1cfkeo",2026,1,REG,2026_01_NYJ_TEN,NYJ,DET,0,0,0,0,0,0,0,0,0,0,0,0,,,0,,0,0,0,0,0,0,0,0,0,0,,0,0,0,0,0,1,1,7,0,0,0,7,0,1,0.21431062318151817,0,0,0,0,0,1.0,0.043478260869565216,0.041666666666666664,0.09438405797101448,0,0,0,0,0,0,0,0.0,0.0,0,0,0,0,0,0,0,0,0,0,0,0,0,0,0,0,0,0,0,0,0,0,0,0,0,2,29,0,0,0,0,0,0,,,0,0,0,0,0,0,0,0,0,0,0,0,,,,0,0,0,0,0,0,0,,0,0,0,0,0,0,0,,0,0,0,0,0,0,0,0,0,0,0.7000000000000001,1.7000000000000002,0,0,0.7000000000000001,0.0,0.7000000000000001,2026,1,,,,,0.7000000000000001,,0.0,0,0,0.7000000000000001,1.5500000000000003,2.2,2.275,1.8013750000000002,1,4.0,4.333333333333333,4.25,3.528625,0,0.0,0.3333333333333333,0.25,0.136125,7,15.5,20.333333333333332,21.5,17.333125000000003,0,0.0,1.6666666666666667,1.25,0.680625,1,3.0,3.3333333333333335,3.5,2.8975,,,,,,,,,,,0.0,0.0,0.0,0.0,0.0,0,0.0,0.0,0.0,0.0,0,0.0,0.0,0.0,0.0,0.7000000000000001,1.5500000000000003,2.2,2.275,1.8013750000000002,-1.4499999999999997,-0.5,-0.5,,,0.0,0.0,3.6034937499999997,-0.775,0.4998968015415596,0.0,0.0,-1.4499999999999997,0.6749999999999997,4.0,1.700825,0.5680251336868817,3.584805473404756,4.8912632808845835,63.60349375,Stable,,,['Projection primarily follows recent baseline'],Isaiah Williams,WR,,4.23803437714467,4.2443323,4.23803437714467,4.0,backup,Depth chart: WR4. Higher-ranked teammate is active; recent usage is not treated as a starting role.,healthy_backup,4.1380343771446695
00-0037120,Tyler Goodson,Tyler Goodson,RB,RB,"https://static.www.nfl.com/image/upload/f_auto,q_auto/league/zqmesi6fwv82lhfzlht6",2026,-1,REG,2025_18_IND_HOU,IND,HOU,0,0,0,0,0,0,0,0,0,0,0,0,,,0,,0,0,0,0,1,3,0,0,0,0,-0.2807647528825328,0,0,0,0,0,0,0,0,0,0,0,0,0,0,,0,0,0,0,0,,0.0,0.0,0.0,0,1,0,0,0,0,0,0.0,0.0,0,0,0,0,0,0,0,0,0,0,0,0,0,0,0,0,0,0,0,0,0,0,0,0,0,0,0,0,0,0,0,0,0,,,0,0,0,0,0,0,0,0,0,0,0,0,,,,0,0,0,0,0,0,0,,0,0,0,0,0,0,0,,0,0,0,0,0,0,0,0,0,0,0.30000000000000004,0.30000000000000004,0,0,0.30000000000000004,0.0,0.30000000000000004,2025,18,,,,,,0.30000000000000004,0.0,0,0,0.30000000000000004,0.6000000000000001,0.4000000000000001,0.4000000000000001,0.35775,0,0.0,0.0,0.0,0.0,1,2.0,1.3333333333333333,1.3333333333333333,1.1925,0,0.0,0.0,0.0,0.0,3,6.0,4.0,4.0,3.5774999999999997,0,0.0,0.0,0.0,0.0,,,,,,,,,,,0.0,0.0,0.0,0.0,0.0,0,0.0,0.0,0.0,0.0,0,0.0,0.0,0.0,0.0,0.30000000000000004,0.6000000000000001,0.4000000000000001,0.4000000000000001,0.35775,0.6000000000000001,0.0,2.0,,,0.0,0.0,0.655875,1.1,0.5454545454545455,0.0,0.0,0.6000000000000001,0.5,3.0,0.75965,0.10111186873953028,2.409855476053834,2.642412774154754,60.655875,Stable,,,['Limited recent opportunity'],Tyler Goodson,RB,,2.526134125104294,2.0128176,2.526134125104294,3.0,backup,Depth chart: RB3. Higher-ranked teammate is active; recent usage is not treated as a starting role.,healthy_backup,4.126134125104294
00-0040067,Jacardia Wright,Jacardia Wright,RB,RB,"https://static.www.nfl.com/image/upload/f_auto,q_auto/league/tp3d97gujpw7fkvn7gno",2026,-1,REG,2025_03_NO_SEA,SEA,WAS,0,0,0,0,0,0,0,0,0,0,0,0,,,0,,0,0,0,0,5,20,0,0,0,1,0.04458629240980372,0,1,0,0,0,0,0,0,0,0,0,0,0,0,,0,0,0,0,0,,0.0,0.0,0.0,0,0,0,0,0,0,0,0.0,0.0,0,0,0,0,0,0,0,0,0,0,0,0,0,0,0,0,0,0,0,0,0,0,0,0,0,0,0,0,0,0,0,0,0,,,0,0,0,0,0,0,0,0,0,0,0,0,,,,0,0,0,0,0,0,0,,0,0,0,0,0,0,0,,0,0,0,0,0,0,0,0,0,0,2.0,2.0,0,0,2.0,0.0,2.0,2025,3,,,,,,0.4,0.0,0,0,2.0,2.0,2.0,2.0,2.0,0,0.0,0.0,0.0,0.0,5,5.0,5.0,5.0,5.0,0,0.0,0.0,0.0,0.0,20,20.0,20.0,20.0,20.0,0,0.0,0.0,0.0,0.0,,,,,,,,,,,0.0,0.0,0.0,0.0,0.0,0,0.0,0.0,0.0,0.0,0,0.0,0.0,0.0,0.0,2.0,2.0,2.0,2.0,2.0,,,,,,,,2.75,0.0,0.7272727272727273,0.0,0.0,,0.0,1.0,2.0,0.0,4.125437186120266,4.125437186120266,,Stable,,,['Limited recent opportunity'],Jacardia Wright,RB,,4.125437186120266,4.0355124,4.125437186120266,5.0,backup,Depth chart: RB5. Higher-ranked teammate is active; recent usage is not treated as a starting role.,healthy_backup,4.125437186120266
00-0040429,Josh Williams,Josh Williams,RB,RB,"https://static.www.nfl.com/image/upload/f_auto,q_auto/league/c2zxbiz8153usfggosvv",2026,1,REG,2026_01_TB_CIN,TB,MIN,0,0,0,0,0,0,0,0,0,0,0,0,,,0,,0,0,0,0,0,0,0,0,0,0,,0,0,0,0,0,0,0,0,0,0,0,0,0,0,,0,0,0,0,0,,0.0,0.0,0.0,0,0,0,0,0,0,0,0.0,0.0,0,0,0,0,0,0,0,0,0,0,0,0,0,0,0,0,0,0,0,0,0,0,0,0,0,0,0,1,47,0,0,0,0,,,0,0,0,0,0,0,0,0,0,0,0,0,,,,0,0,0,0,0,0,0,,0,0,0,0,0,0,0,,0,0,0,0,0,0,0,0,0,0,0.0,0.0,0,0,0.0,0.0,0.0,2026,1,,,,,,,,0,0,0.0,0.55,0.3666666666666667,0.3666666666666667,0.27225,0,0.0,0.0,0.0,0.0,0,2.0,1.3333333333333333,1.3333333333333333,0.99,0,0.0,0.0,0.0,0.0,0,5.5,3.6666666666666665,3.6666666666666665,2.7224999999999997,0,0.0,0.0,0.0,0.0,,,,,,,,,,,0.0,0.0,0.0,0.0,0.0,0,0.0,0.0,0.0,0.0,0,0.0,0.0,0.0,0.0,0.0,0.55,0.3666666666666667,0.3666666666666667,0.27225,0.55,0.0,2.0,,,0.0,0.0,0.5445,1.1,0.5,0.0,0.0,0.55,0.55,3.0,0.6950166666666667,0.1797448469358719,2.249381783534261,2.6627949314867667,60.5445,Stable,,,['Limited recent opportunity'],Josh Williams,RB,,2.456088357510514,2.026153,2.456088357510514,4.0,backup,Depth chart: RB4. Higher-ranked teammate is active; recent usage is not treated as a starting role.,healthy_backup,4.106088357510514
00-0040202,Devin Neal,Devin Neal,RB,RB,"https://static.www.nfl.com/image/upload/f_auto,q_auto/league/yqv7u0yb5toyhx1pnvku",2026,-1,REG,2025_15_CAR_NO,NO,LV,0,0,0,0,0,0,0,0,0,0,0,0,,,0,,0,0,0,0,7,28,1,0,0,3,-0.3529818505921867,0,1,1,0,0,1,1,4,0,0,0,3,1,0,-0.23838996537961066,0,0,0,0,0,1.3333333333333333,0.03225806451612903,0.011152416356877323,0.056193788224007675,0,0,0,0,0,0,0,0.0,0.0,0,0,0,0,0,0,0,0,0,0,0,0,0,0,0,0,0,0,0,0,0,0,0,0,0,0,0,0,0,0,0,0,0,,,0,0,0,0,0,0,0,0,0,0,0,0,,,,0,0,0,0,0,0,0,,0,0,0,0,0,0,0,,0,0,0,0,0,0,0,0,0,0,9.2,10.2,0,0,9.200000000000001,6.0,3.200000000000001,2025,15,,,,,9.200000000000001,1.3142857142857145,0.6521739130434782,0,0,9.200000000000001,11.8,10.166666666666666,10.166666666666666,9.791250000000002,1,1.0,1.6666666666666667,1.6666666666666667,1.6050000000000002,7,13.0,13.333333333333334,13.333333333333334,12.087499999999999,4,9.0,13.333333333333334,13.333333333333334,11.919999999999998,28,49.0,48.333333333333336,48.333333333333336,44.1425,1,1.0,1.6666666666666667,1.6666666666666667,1.6050000000000002,,,,,,,,,,,6.0,6.0,4.0,4.0,4.185,0,0.0,0.0,0.0,0.0,0,0.0,0.0,0.0,0.0,9.200000000000001,11.8,10.166666666666666,10.166666666666666,9.791250000000002,4.9,-2.0,-1.0,,,0.0,0.0,8.253124999999999,-2.55,1.1863687996970849,0.4274224435082343,0.2778245882803523,4.9,-7.45,3.0,9.048916666666667,0.8632722146963068,7.635352813936861,9.620878907738366,68.253125,Efficiency / regression watch,,,"['Healthy recent opportunity', 'Role is trending downward', 'Recent production is improving']",Devin Neal,RB,,8.628115860837614,8.992254,8.628115860837614,5.0,backup,Depth chart: RB5. Higher-ranked teammate is active; recent usage is not treated as a starting role.,healthy_backup,4.078115860837614
00-0039379,Jamari Thrash,Jamari Thrash,WR,WR,"https://static.www.nfl.com/image/upload/f_auto,q_auto/league/byihyhwwpltzyetas85a",2026,-1,REG,2025_10_CLE_NYJ,CLE,CAR,0,0,0,0,0,0,0,0,0,0,0,0,,,0,,0,0,0,0,0,0,0,0,0,0,,0,0,0,0,0,0,1,0,0,0,0,3,0,0,-0.5703684844775125,0,0,0,0,0,0.0,0.03125,0.015,0.057374999999999995,0,0,0,0,0,0,0,0.0,0.0,0,0,0,0,0,0,0,0,0,0,0,0,0,0,0,0,0,0,0,0,0,0,0,0,0,0,0,0,0,0,0,0,0,,,0,0,0,0,0,0,0,0,0,0,0,0,,,,0,0,0,0,0,0,0,,0,0,0,0,0,0,0,,0,0,0,0,0,0,0,0,0,0,0.0,0.0,0,0,0.0,0.0,0.0,2025,10,,,,,0.0,,,0,0,0.0,1.55,1.8,1.8,1.4630000000000003,1,2.0,2.0,2.0,1.7975,0,0.0,0.0,0.0,0.0,0,15.5,18.0,18.0,14.630000000000003,0,0.0,0.0,0.0,0.0,0,1.0,1.0,1.0,0.7975,,,,,,,,,,,0.0,0.0,0.0,0.0,0.0,0,0.0,0.0,0.0,0.0,0,0.0,0.0,0.0,0.0,0.0,1.55,1.8,1.8,1.4630000000000003,-0.7500000000000002,0.0,0.0,,,0.0,0.0,1.7975,0.0,0.8139082058414466,0.0,0.0,-0.7500000000000002,0.7500000000000002,3.0,1.5978000000000003,0.6747614689651448,2.536929572658301,4.088880951278134,61.7975,Stable,,,['Limited recent opportunity'],Jamari Thrash,WR,,3.3129052619682176,2.7226918,3.3129052619682176,7.0,backup,Depth chart: WR7. Higher-ranked teammate is active; recent usage is not treated as a starting role.,healthy_backup,4.0629052619682176
00-0039521,Xavier Weaver,Xavier Weaver,WR,WR,"https://static.www.nfl.com/image/upload/f_auto,q_auto/league/kubeuin8fuw75xuxnhli",2026,-1,REG,2025_17_ARI_CIN,ARI,SF,0,0,0,0,0,0,0,0,0,0,0,0,,,0,,0,0,0,0,0,0,0,0,0,0,,0,0,0,0,0,2,3,24,0,0,0,48,9,1,2.9341087018838152,0,1,1,1,0,0.5,0.08571428571428572,0.16842105263157894,0.2464661654135338,0,0,0,0,0,0,0,0.0,0.0,0,0,0,0,0,0,0,0,0,0,0,0,0,0,0,0,0,0,0,0,0,0,0,0,0,0,0,1,27,0,0,0,0,,,0,0,0,0,0,0,0,0,0,0,0,0,,,,0,0,0,0,0,0,0,,0,0,0,0,0,0,0,,0,0,0,0,0,0,0,0,0,0,2.4000000000000004,4.4,0,0,2.4000000000000004,0.0,2.4000000000000004,2025,17,,,,,0.8000000000000002,,0.0,0,0,2.4000000000000004,2.1500000000000004,1.4333333333333336,1.4333333333333336,1.5502500000000001,3,2.5,2.0,2.0,2.1475,0,0.0,0.0,0.0,0.0,24,21.5,14.333333333333334,14.333333333333334,15.502499999999998,0,0.0,0.0,0.0,0.0,2,2.0,1.3333333333333333,1.3333333333333333,1.395,,,,,,,,,,,0.0,0.0,0.0,0.0,0.0,0,0.0,0.0,0.0,0.0,0,0.0,0.0,0.0,0.0,2.4000000000000004,2.1500000000000004,1.4333333333333336,1.4333333333333336,1.5502500000000001,2.1500000000000004,1.5,0.0,,,0.0,0.0,2.1475,1.5,0.7218859138533179,0.0,0.0,2.1500000000000004,-0.6500000000000004,3.0,2.0284833333333334,0.4033720491060332,2.746816888456318,3.674572601400194,62.1475,Momentum confirmed,,,"['Limited recent opportunity', 'Recent production is improving']",Xavier Weaver,WR,,3.210694744928256,2.64092,3.210694744928256,8.0,backup,Depth chart: WR8. Higher-ranked teammate is active; recent usage is not treated as a starting role.,healthy_backup,4.060694744928256
00-0037292,Andrew Ogletree,Andrew Ogletree,TE,TE,"https://static.www.nfl.com/image/upload/f_auto,q_auto/league/wvcrk0ygv3coprxj4cnt",2026,1,REG,2026_01_BAL_IND,IND,HOU,0,0,0,0,0,0,0,0,0,0,0,0,,,0,,0,0,0,0,0,0,0,0,0,0,,0,0,0,0,0,0,1,0,0,0,0,3,0,0,-0.6088435589335859,0,0,0,0,0,0.0,0.034482758620689655,0.014925373134328358,0.06217189912506433,0,0,0,0,0,0,0,0.0,0.0,0,0,0,0,0,0,0,0,0,0,0,0,0,0,0,0,0,0,0,0,0,0,0,0,0,0,0,0,0,0,0,0,0,,,0,0,0,0,0,0,0,0,0,0,0,0,,,,0,0,0,0,0,0,0,,0,0,0,0,0,0,0,,0,0,0,0,0,0,0,0,0,0,0.0,0.0,0,0,0.0,0.0,0.0,2026,1,,,,,0.0,,,0,0,0.0,0.55,0.3666666666666667,0.47500000000000003,0.4053500000000001,1,1.5,1.0,1.0,1.111375,0,0.0,0.0,0.0,0.0,0,5.5,3.6666666666666665,4.75,4.0535,0,0.0,0.0,0.0,0.0,0,0.5,0.3333333333333333,0.5,0.413875,,,,,,,,,,,0.0,0.0,0.0,0.0,0.0,0,0.0,0.0,0.0,0.0,0,0.0,0.0,0.0,0.0,0.0,0.55,0.3666666666666667,0.47500000000000003,0.4053500000000001,0.15000000000000002,1.0,0.0,,,0.0,0.0,1.111375,1.0,0.3647283770104601,0.0,0.0,0.15000000000000002,0.85,4.0,0.7561266666666667,0.1902757403816308,1.9146496728718991,2.35228387574965,61.111375,Stable,,,['Limited recent opportunity'],Andrew Ogletree,TE,,2.1334667743107745,1.5682904,2.1334667743107745,3.0,backup,Depth chart: TE3. Higher-ranked teammate is active; recent usage is not treated as a starting role.,healthy_backup,3.9834667743107746
00-0040218,Jimmy Horn Jr.,Jimmy Horn Jr.,WR,WR,"https://static.www.nfl.com/image/upload/f_auto,q_auto/league/gggcgfbghcft0xwxtrhk",2026,1,REG,2026_01_CHI_CAR,CAR,CLE,0,0,0,0,0,0,0,0,0,0,0,0,,,0,,0,0,0,0,0,0,0,0,0,0,,0,0,0,0,0,0,1,0,0,0,0,3,0,0,-0.38113494333811104,0,0,0,0,0,0.0,0.029411764705882353,0.00819672131147541,0.04985535197685631,0,0,0,0,0,0,0,0.0,0.0,0,0,0,0,0,1,0,0,0,0,0,0,0,0,0,0,0,0,0,0,0,1,0,1,1,2,17,5,101,0,0,0,0,,,0,0,0,0,0,0,0,0,0,0,0,0,,,,0,0,0,0,0,0,0,,0,0,0,0,0,0,0,,0,0,0,0,0,0,0,0,0,0,0.0,0.0,0,0,0.0,0.0,0.0,2026,1,,,,,0.0,,,0,0,0.0,0.0,0.5,0.6,0.353925,1,1.5,1.3333333333333333,1.5,1.413875,0,0.0,0.0,0.0,0.0,0,0.0,5.0,6.0,3.5392500000000005,0,0.0,0.0,0.0,0.0,0,0.0,0.3333333333333333,0.75,0.4688750000000001,,,,,,,,,,,0.0,0.0,0.0,0.0,0.0,0,0.0,0.0,0.0,0.0,0,0.0,0.0,0.0,0.0,0.0,0.0,0.5,0.6,0.353925,-1.2,0.0,0.0,,,0.0,0.0,1.413875,0.0,0.25032269472195207,0.0,0.0,-1.2,1.2,4.0,0.42735500000000004,0.24999332971101448,2.483403907697523,3.0583885660328565,61.413875,Stable,,,['Limited recent opportunity'],Jimmy Horn Jr.,WR,,2.7708962368651897,2.0518348,2.7708962368651897,4.0,backup,Depth chart: WR4. Higher-ranked teammate is active; recent usage is not treated as a starting role.,healthy_backup,3.9708962368651894
00-0032211,Tyler Lockett,Tyler Lockett,WR,WR,"https://static.www.nfl.com/image/upload/f_auto,q_auto/league/gyhvviyep9iigeaobxmi",2026,-1,REG,2025_18_KC_LV,LV,NO,0,0,0,0,0,0,0,0,0,0,0,0,,,0,,0,0,0,0,0,0,0,0,0,0,,0,0,0,0,0,1,5,5,0,0,0,24,0,0,-4.63224303846339,0,0,0,0,0,0.20833333333333334,0.19230769230769232,0.10619469026548672,0.36279782164737917,0,0,0,0,0,0,0,0.0,0.0,0,0,0,0,0,0,0,0,0,0,0,0,0,0,0,0,0,0,0,0,0,0,0,0,0,0,0,0,0,0,0,0,0,,,0,0,0,0,0,0,0,0,0,0,0,0,,,,0,0,0,0,0,0,0,,0,0,0,0,0,0,0,,0,0,0,0,0,0,0,0,0,0,0.5,1.5,0,0,0.5,0.0,0.5,2025,18,,,,,0.1,,0.0,0,0,0.5,3.7,2.6666666666666665,2.6666666666666665,2.11425,5,4.0,3.3333333333333335,3.3333333333333335,3.5975,0,0.0,0.0,0.0,0.0,5,7.0,6.666666666666667,6.666666666666667,6.2925,0,0.0,0.0,0.0,0.0,1,1.5,1.3333333333333333,1.3333333333333333,1.2475,,,,,,,,,,,0.0,3.0,2.0,2.0,1.4849999999999999,0,0.0,0.0,0.0,0.0,0,0.0,0.0,0.0,0.0,0.5,3.7,2.6666666666666665,2.6666666666666665,2.11425,3.1,2.0,0.0,,,0.0,0.0,3.5975,2.0,0.5876997915218902,0.7023767293366441,0.45654487406881866,3.1,-1.1,3.0,2.5304632079933786,1.0487169096885331,1.856553687358406,4.268602579642032,63.5975,TD-dependent production,,,"['Role is trending upward', 'Recent production is improving', 'Production has significant TD dependence']",Tyler Lockett,WR,,3.062578133500219,3.3322947,3.062578133500219,,,,,3.962578133500219
00-0028118,Tyrod Taylor,Tyrod Taylor,QB,QB,"https://static.www.nfl.com/image/upload/f_auto,q_auto/league/whpztm9akd7yefplp37r",2026,-1,REG,2025_14_MIA_NYJ,NYJ,DET,1,4,6,0,1,0,0,0,0,18,5,0,-6.361320882104337,-41.25109910964966,0,0.3333333333333333,0,0,0,0,0,0,0,0,0,0,,0,0,0,0,0,0,0,0,0,0,0,0,0,0,,0,0,0,0,0,,0.0,0.0,0.0,0,0,0,0,0,0,0,0.0,0.0,0,0,0,0,0,0,0,0,0,0,0,0,0,0,0,0,0,0,0,0,0,0,0,0,0,0,0,0,0,0,0,0,0,,,0,0,0,0,0,0,0,0,0,0,0,0,,,,0,0,0,0,0,0,0,,0,0,0,0,0,0,0,,0,0,0,0,0,0,0,0,0,0,-1.76,-1.76,0,0,0.24,0.0,0.24,2025,14,,,,,,,0.0,0,0,0.24,11.76,13.433333333333335,13.433333333333335,10.94575,0,0.0,0.0,0.0,0.0,0,4.0,4.333333333333333,4.333333333333333,3.4925,0,0.0,0.0,0.0,0.0,0,22.0,21.0,21.0,16.637500000000003,0,0.0,0.0,0.0,0.0,,,,,,,,,,,0.0,6.0,6.0,6.0,4.785,0,0.0,0.0,0.0,0.0,0,0.0,0.0,0.0,0.0,0.24,11.76,13.433333333333335,13.433333333333335,10.94575,-5.020000000000001,0.0,-1.0,,,0.0,0.0,1.9208750000000003,-0.55,5.698314570182858,0.43715597377977755,0.28415138295685544,-5.020000000000001,4.4700000000000015,3.0,0.0,4.9561711253076535,0.0,0.0,58.96470387469235,Stable,,,"['Limited recent opportunity', 'Opportunity rising faster than production', 'Recent production is declining']",Tyrod Taylor,QB,,0.0,0.0,16.823310058297235,2.0,backup,Depth chart: QB2. Higher-ranked teammate is active; recent usage is not treated as a starting role.,healthy_backup,3.9200000000000017
00-0039923,J.J. McCarthy,J.J. McCarthy,QB,QB,"https://static.www.nfl.com/image/upload/f_auto,q_auto/league/omybnfokapjw6jwb5dd3",2026,-1,REG,2025_18_GB_MIN,MIN,TB,14,23,182,0,0,0,0,0,0,175,92,9,7.575353343418948,-0.6627277894453569,0,1.04,9,6,2,0,2,7,0,0,0,1,-0.5353156215860508,0,0,0,0,0,0,0,0,0,0,0,0,0,0,,0,0,0,0,0,,0.0,0.0,0.0,0,0,0,0,0,0,0,0.0,0.0,0,0,0,0,0,0,0,0,0,0,0,0,0,0,0,0,0,0,1,15,0,0,0,0,0,0,0,0,0,0,0,0,0,,,0,0,0,0,0,0,0,0,0,0,0,0,,,,0,0,0,0,0,0,0,,0,0,0,0,0,0,0,,0,0,0,0,0,0,0,0,0,0,7.98,7.98,0,0,7.98,0.0,7.98,2025,18,,,,,,3.99,0.0,0,0,7.98,10.15,16.599999999999998,16.599999999999998,15.563950000000002,0,0.0,0.0,0.0,0.0,2,2.0,2.6666666666666665,2.6666666666666665,2.6050000000000004,0,0.0,0.0,0.0,0.0,7,13.5,14.0,14.0,12.6375,0,0.0,0.0,0.0,0.0,,,,,,,,,,,0.0,3.0,8.0,8.0,6.930000000000001,0,0.0,0.0,0.0,0.0,0,0.0,0.0,0.0,0.0,7.98,10.15,16.599999999999998,16.599999999999998,15.563950000000002,-19.35,0.0,-2.0,,,0.0,0.0,1.4327500000000004,-1.1,10.862990752050251,0.4452597187731906,0.2894188172025739,-19.35,18.25,3.0,0.0,3.608305150122422,0.0,0.0,59.82444484987758,Downtrend confirmed,,,"['Limited recent opportunity', 'Opportunity rising faster than production', 'Recent production is declining']",J.J. McCarthy,QB,,0.0,0.0,18.742714385297752,3.0,backup,Depth chart: QB3. Higher-ranked teammate is active; recent usage is not treated as a starting role.,healthy_backup,3.9
00-0039041,Elijah Higgins,Elijah Higgins,TE,TE,"https://static.www.nfl.com/image/upload/f_auto,q_auto/league/qgvtaa0gekopg4ad6vqe",2026,-1,REG,2025_18_ARI_LA,ARI,SF,0,0,0,0,0,0,0,0,0,0,0,0,,,0,,0,0,0,0,0,0,0,0,0,0,,0,0,0,0,0,3,3,28,0,0,0,18,10,3,2.9173944080248475,0,2,0,0,0,1.5555555555555556,0.10714285714285714,0.07171314741035857,0.2109134889015367,0,1,0,0,0,0,0,0.0,0.0,0,0,0,0,0,0,0,0,0,0,0,0,0,0,0,0,0,0,0,0,0,0,0,0,0,0,0,0,0,0,0,0,0,,,0,0,0,0,0,0,0,0,0,0,0,0,,,,0,0,0,0,0,0,0,,0,0,0,0,0,0,0,,0,0,0,0,0,0,0,0,0,0,2.8000000000000003,5.800000000000001,0,0,2.8000000000000003,0.0,2.8000000000000003,2025,18,,,,,0.9333333333333335,,0.0,0,0,2.8000000000000003,1.4000000000000001,3.966666666666667,3.966666666666667,4.0127500000000005,3,2.0,4.0,4.0,4.0175,0,0.0,0.0,0.0,0.0,28,14.0,39.666666666666664,39.666666666666664,40.1275,0,0.0,0.0,0.0,0.0,3,1.5,3.3333333333333335,3.3333333333333335,3.4675000000000002,,,,,,,,,,,0.0,0.0,0.0,0.0,0.0,0,0.0,0.0,0.0,0.0,0,0.0,0.0,0.0,0.0,2.8000000000000003,1.4000000000000001,3.966666666666667,3.966666666666667,4.0127500000000005,-7.699999999999999,-6.0,0.0,,,0.0,0.0,4.0175,-6.0,0.9988176726820163,0.0,0.0,-7.699999999999999,1.6999999999999993,3.0,1.8943166666666675,1.022922289326027,3.9974935849245954,6.350214850374457,64.0175,Downtrend confirmed,,,"['Role is trending downward', 'Recent production is declining']",Elijah Higgins,TE,,5.173854217649526,4.653809,5.173854217649526,2.0,backup,Depth chart: TE2. Higher-ranked teammate is active; recent usage is not treated as a starting role.,healthy_backup,3.8738542176495256
00-0036265,AJ Dillon,AJ Dillon,RB,RB,"https://static.www.nfl.com/image/upload/f_auto,q_auto/league/imxxt8yrbrxptoxr1hw5",2026,1,REG,2026_01_CHI_CAR,CAR,CLE,0,0,0,0,0,0,0,0,0,0,0,0,,,0,,0,0,0,0,5,28,0,0,0,1,-1.9843216649023816,0,1,0,0,0,0,0,0,0,0,0,0,0,0,,0,0,0,0,0,,0.0,0.0,0.0,0,0,0,0,0,0,0,0.0,0.0,0,0,0,0,0,0,0,0,0,0,0,0,0,0,0,0,0,0,0,0,0,0,0,0,0,0,0,0,0,0,0,0,0,,,0,0,0,0,0,0,0,0,0,0,0,0,,,,0,0,0,0,0,0,0,,0,0,0,0,0,0,0,,0,0,0,0,0,0,0,0,0,0,2.8000000000000003,2.8000000000000003,0,0,2.8000000000000003,0.0,2.8000000000000003,2026,1,,,,,,0.56,0.0,0,0,2.8000000000000003,1.5500000000000003,1.7000000000000002,1.5750000000000002,1.8061500000000001,0,0.5,1.0,0.75,0.51975,5,2.5,2.0,2.0,2.718875,0,1.5,7.0,5.25,3.19275,28,14.0,10.0,10.5,14.868749999999999,0,0.5,1.0,0.75,0.51975,,,,,,,,,,,0.0,0.0,0.0,0.0,0.0,0,0.0,0.0,0.0,0.0,0,0.0,0.0,0.0,0.0,2.8000000000000003,1.5500000000000003,1.7000000000000002,1.5750000000000002,1.8061500000000001,-0.04999999999999982,-0.5,1.0,,,0.0,0.0,2.01513125,0.050000000000000044,0.8962939758886673,0.0,0.0,-0.04999999999999982,0.09999999999999987,4.0,1.7624400000000002,0.46604393741363054,3.171120738970945,4.243021795022296,62.01513125,Stable,,,['Limited recent opportunity'],AJ Dillon,RB,,3.7070712669966204,3.4676685,3.7070712669966204,3.0,backup,Depth chart: RB3. Higher-ranked teammate is active; recent usage is not treated as a starting role.,healthy_backup,3.85707126699662
00-0039912,Ben Sinnott,Ben Sinnott,TE,TE,"https://static.www.nfl.com/image/upload/f_auto,q_auto/league/ilkrv6dqajndnlsbmv8f",2026,-1,REG,2025_18_WAS_PHI,WAS,SEA,0,0,0,0,0,0,0,0,0,0,0,0,,,0,,0,0,0,0,0,0,0,0,0,0,,0,0,0,0,0,2,2,3,0,0,0,0,3,0,-0.9584792074747384,0,0,0,0,0,0.0,0.10526315789473684,0.0,0.15789473684210525,0,0,0,0,0,0,0,0.0,0.0,0,0,0,0,0,0,0,0,0,0,0,0,0,0,0,0,0,0,2,9,0,0,0,0,0,0,0,0,0,0,0,0,0,,,0,0,0,0,0,0,0,0,0,0,0,0,,,,0,0,0,0,0,0,0,,0,0,0,0,0,0,0,,0,0,0,0,0,0,0,0,0,0,0.30000000000000004,2.3,0,0,0.30000000000000004,0.0,0.30000000000000004,2025,18,,,,,0.15000000000000002,,0.0,0,0,0.30000000000000004,1.6,1.2333333333333334,1.2333333333333334,1.004,2,3.0,2.6666666666666665,2.6666666666666665,2.495,0,0.0,0.0,0.0,0.0,3,16.0,12.333333333333334,12.333333333333334,10.04,0,0.0,0.0,0.0,0.0,2,2.5,2.0,2.0,1.9449999999999998,,,,,,,,,,,0.0,0.0,0.0,0.0,0.0,0,0.0,0.0,0.0,0.0,0,0.0,0.0,0.0,0.0,0.30000000000000004,1.6,1.2333333333333334,1.2333333333333334,1.004,1.1,1.0,0.0,,,0.0,0.0,2.495,1.0,0.40240480961923847,0.0,0.0,1.1,-0.10000000000000009,3.0,1.4457333333333335,0.4316077231313947,2.4181813822228775,3.4108791454250853,62.495,Stable,,,['Limited recent opportunity'],Ben Sinnott,TE,,2.9145302638239814,2.2778118,2.9145302638239814,3.0,backup,Depth chart: TE3. Higher-ranked teammate is active; recent usage is not treated as a starting role.,healthy_backup,3.8145302638239813
00-0040189,Oronde Gadsden II,Oronde Gadsden II,TE,TE,"https://static.www.nfl.com/image/upload/f_auto,q_auto/league/r8b4oghjwhw8x9nv1wbs",2026,1,REG,2026_01_ARI_LAC,LAC,BUF,0,0,0,0,0,0,0,0,0,0,0,0,,,0,,0,0,0,0,0,0,0,0,0,0,,0,0,0,0,0,2,2,32,0,0,0,7,25,1,0.3425621544593014,0,1,1,1,0,4.571428571428571,0.07407407407407407,0.02564102564102564,0.12905982905982905,0,0,0,0,0,0,0,0.0,0.0,0,0,0,0,0,0,0,0,0,0,0,0,0,0,0,0,0,0,0,0,0,0,0,0,0,0,0,0,0,0,0,0,0,,,0,0,0,0,0,0,0,0,0,0,0,0,,,,0,0,0,0,0,0,0,,0,0,0,0,0,0,0,,0,0,0,0,0,0,0,0,0,0,3.2,5.2,0,0,3.2,0.0,3.2,2026,1,,,,,1.6,,0.0,0,0,3.2,3.1,2.8333333333333335,4.425,4.026237500000001,2,2.5,2.3333333333333335,3.25,2.9130000000000003,0,0.0,0.0,0.0,0.0,32,31.0,28.333333333333332,29.25,30.279875,0,0.0,0.0,0.0,0.0,2,2.5,2.3333333333333335,2.5,2.413875,,,,,,,,,,,0.0,0.0,0.0,1.5,0.9982500000000003,0,0.0,0.0,0.0,0.0,0,0.0,0.0,0.0,0.0,3.2,3.1,2.8333333333333335,4.425,4.026237500000001,-2.65,-1.5,0.0,,,0.0,0.0,2.9130000000000003,-1.5,1.3821618606247856,0.2479361935305605,0.16115852579486434,-2.65,1.15,4.0,3.2628258333333338,0.6042457952986607,3.469458500403241,4.859223829590161,62.913,Downtrend confirmed,,,"['Limited recent opportunity', 'Recent production is declining']",Oronde Gadsden II,TE,,4.164341164996701,3.5368476,4.164341164996701,3.0,backup,Depth chart: TE3. Higher-ranked teammate is active; recent usage is not treated as a starting role.,healthy_backup,3.814341164996701
00-0041096,Kaytron Allen,Kaytron Allen,RB,RB,"https://static.www.nfl.com/image/upload/f_auto,q_auto/league/vbhwkqty94alwjyz8cin",2026,1,REG,2026_01_WAS_PHI,WAS,SEA,0,0,0,0,0,0,0,0,0,0,0,0,,,0,,0,0,0,0,4,16,0,0,0,0,0.16989195544738322,0,0,0,0,0,0,0,0,0,0,0,0,0,0,,0,0,0,0,0,,0.0,0.0,0.0,0,0,0,0,0,0,0,0.0,0.0,0,0,0,0,0,0,0,0,0,0,0,0,0,0,0,0,0,0,0,0,0,0,0,0,0,0,0,0,0,0,0,0,0,,,0,0,0,0,0,0,0,0,0,0,0,0,,,,0,0,0,0,0,0,0,,0,0,0,0,0,0,0,,0,0,0,0,0,0,0,0,0,0,1.6,1.6,0,0,1.6,0.0,1.6,2026,1,,,,,,0.4,0.0,0,0,1.6,1.6,1.6,1.6,1.6,0,0.0,0.0,0.0,0.0,4,4.0,4.0,4.0,4.0,0,0.0,0.0,0.0,0.0,16,16.0,16.0,16.0,16.0,0,0.0,0.0,0.0,0.0,,,,,,,,,,,0.0,0.0,0.0,0.0,0.0,0,0.0,0.0,0.0,0.0,0,0.0,0.0,0.0,0.0,1.6,1.6,1.6,1.6,1.6,,,,,,,,2.2,0.0,0.7272727272727273,0.0,0.0,,0.0,1.0,1.6,0.0,3.735520242817986,3.735520242817986,,Stable,,,['Limited recent opportunity'],Kaytron Allen,RB,,3.735520242817986,3.352841,3.735520242817986,3.0,backup,Depth chart: RB3. Higher-ranked teammate is active; recent usage is not treated as a starting role.,healthy_backup,3.735520242817986
00-0040785,Dohnte Meyers,Dohnte Meyers,WR,WR,"https://static.www.nfl.com/image/upload/f_auto,q_auto/league/xkxpqhtebubkbv1irlkc",2026,1,REG,2026_01_TB_CIN,CIN,PIT,0,0,0,0,0,0,0,0,0,0,0,0,,,0,,0,0,0,0,1,10,0,0,0,1,0.48072148382198066,0,1,0,0,0,1,1,18,0,0,0,2,16,1,1.0343024519388564,0,1,1,0,0,9.0,0.029411764705882353,0.008849557522123894,0.05031233732431025,0,0,0,0,0,0,0,0.0,0.0,0,0,0,0,0,0,0,0,0,0,0,0,0,0,0,0,0,0,0,0,0,0,0,0,0,0,0,4,93,0,0,0,0,,,0,0,0,0,0,0,0,0,0,0,0,0,,,,0,0,0,0,0,0,0,,0,0,0,0,0,0,0,,0,0,0,0,0,0,0,0,0,0,2.8000000000000003,3.8000000000000003,0,0,2.8,0.0,2.8,2026,1,,,,,2.8,2.8,0.0,0,0,2.8,2.8,2.8,2.8,2.8,1,1.0,1.0,1.0,1.0,1,1.0,1.0,1.0,1.0,18,18.0,18.0,18.0,18.0,10,10.0,10.0,10.0,10.0,1,1.0,1.0,1.0,1.0,,,,,,,,,,,0.0,0.0,0.0,0.0,0.0,0,0.0,0.0,0.0,0.0,0,0.0,0.0,0.0,0.0,2.8,2.8,2.8,2.8,2.8,,,,,,,,1.55,0.0,1.8064516129032255,0.0,0.0,,0.0,1.0,2.8,0.0,3.7072284289937025,3.7072284289937025,,Stable,,,['Limited recent opportunity'],Dohnte Meyers,WR,,3.7072284289937025,2.6380048,3.7072284289937025,5.0,backup,Depth chart: WR5. Higher-ranked teammate is active; recent usage is not treated as a starting role.,healthy_backup,3.7072284289937025
00-0033110,Tyler Higbee,Tyler Higbee,TE,TE,"https://static.www.nfl.com/image/upload/f_auto,q_auto/league/x1d4osiefibd04df6gow",2026,1,REG,2026_01_SF_LA,LAR,DEN,0,0,0,0,0,0,0,0,0,0,0,0,,,0,,0,0,0,0,0,0,0,0,0,0,,0,0,0,0,0,2,2,12,0,1,1,9,3,0,-4.732424319256097,0,0,0,0,0,1.3333333333333333,0.07407407407407407,0.03529411764705882,0.1358169934640523,0,0,0,0,0,0,0,0.0,0.0,0,0,0,0,0,0,0,0,0,0,0,0,0,0,0,0,0,0,0,0,1,0,0,1,1,0,0,0,0,0,0,0,0,,,0,0,0,0,0,0,0,0,0,0,0,0,,,,0,0,0,0,0,0,0,,0,0,0,0,0,0,0,,0,0,0,0,0,0,0,0,0,0,-0.7999999999999998,1.2000000000000002,0,0,1.2000000000000002,0.0,1.2000000000000002,2026,1,,,,,0.6000000000000001,,0.0,0,0,1.2000000000000002,1.2000000000000002,1.7000000000000002,2.4000000000000004,1.9532250000000002,2,1.5,1.6666666666666667,2.0,1.918875,0,0.0,0.0,0.0,0.0,12,12.0,17.0,24.0,19.53225,0,0.0,0.0,0.0,0.0,2,1.5,1.3333333333333333,1.5,1.6163750000000001,,,,,,,,,,,0.0,0.0,0.0,0.0,0.0,0,0.0,0.0,0.0,0.0,0,0.0,0.0,0.0,0.0,1.2000000000000002,1.2000000000000002,1.7000000000000002,2.4000000000000004,1.9532250000000002,-2.4,-1.0,0.0,,,0.0,0.0,1.918875,-1.0,1.0179011139339458,0.0,0.0,-2.4,1.4,4.0,1.6069350000000004,0.4590610679419461,2.7592302360497367,3.8150706923162128,61.918875,Stable,,,"['Limited recent opportunity', 'Recent production is declining']",Tyler Higbee,TE,,3.2871504641829747,2.8904622,3.2871504641829747,2.0,backup,Depth chart: TE2. Higher-ranked teammate is active; recent usage is not treated as a starting role.,healthy_backup,3.6871504641829747
00-0033439,Pharaoh Brown,Pharaoh Brown,TE,TE,"https://static.www.nfl.com/image/upload/f_auto,q_auto/league/hfgg6gr7aiyzmdzh4iww",2026,-1,REG,2025_18_ARI_LA,ARI,SF,0,0,0,0,0,0,0,0,0,0,0,0,,,0,,0,0,0,0,0,0,0,0,0,0,,0,0,0,0,0,0,0,0,0,0,0,0,0,0,,0,0,0,0,0,,0.0,0.0,0.0,0,0,0,0,0,0,0,0.0,0.0,0,0,0,0,0,0,0,0,0,0,0,0,0,0,0,0,0,0,1,10,0,0,0,0,0,0,0,0,0,0,0,0,0,,,0,0,0,0,0,0,0,0,0,0,0,0,,,,0,0,0,0,0,0,0,,0,0,0,0,0,0,0,,0,0,0,0,0,0,0,0,0,0,0.0,0.0,0,0,0.0,0.0,0.0,2025,18,,,,,,,,0,0,0.0,0.05,0.03333333333333333,0.03333333333333333,0.02475,0,1.0,0.6666666666666666,0.6666666666666666,0.495,0,0.0,0.0,0.0,0.0,0,0.5,0.3333333333333333,0.3333333333333333,0.2475,0,0.0,0.0,0.0,0.0,0,1.0,0.6666666666666666,0.6666666666666666,0.495,,,,,,,,,,,0.0,0.0,0.0,0.0,0.0,0,0.0,0.0,0.0,0.0,0,0.0,0.0,0.0,0.0,0.0,0.05,0.03333333333333333,0.03333333333333333,0.02475,0.05,1.0,0.0,,,0.0,0.0,0.495,1.0,0.05,0.0,0.0,0.05,0.95,3.0,0.3781833333333333,0.016340440630533803,1.698046748107271,1.7356297615574987,60.495,Stable,,,['Limited recent opportunity'],Pharaoh Brown,TE,,1.7168382548323848,1.0386854,1.7168382548323848,5.0,backup,Depth chart: TE5. Higher-ranked teammate is active; recent usage is not treated as a starting role.,healthy_backup,3.666838254832385
00-0040075,LaJohntay Wester,LaJohntay Wester,WR,WR,"https://static.www.nfl.com/image/upload/f_auto,q_auto/league/t6cyhtqoihm88xppswud",2026,1,REG,2026_01_BAL_IND,BAL,DAL,0,0,0,0,0,0,0,0,0,0,0,0,,,0,,0,0,0,0,0,0,0,0,0,0,,0,0,0,0,0,2,2,15,0,0,0,11,4,0,-0.04988951701670885,0,0,0,0,0,1.3636363636363635,0.08333333333333333,0.040892193308550186,0.15362453531598513,0,0,0,0,0,0,0,0.0,0.0,0,0,0,0,0,0,0,0,0,0,0,0,0,0,0,0,0,0,0,0,0,0,0,0,0,3,30,1,30,0,0,0,0,,,0,0,0,0,0,0,0,0,0,0,0,0,,,,0,0,0,0,0,0,0,,0,0,0,0,0,0,0,,0,0,0,0,0,0,0,0,0,0,1.5,3.5,0,0,1.5,0.0,1.5,2026,1,,,,,0.75,,0.0,0,0,1.5,0.75,0.5,0.375,0.6749999999999999,2,1.0,0.6666666666666666,0.5,0.8999999999999999,0,0.0,0.0,0.0,0.0,15,7.5,5.0,3.75,6.749999999999999,0,0.0,0.0,0.0,0.0,2,1.0,0.6666666666666666,0.5,0.8999999999999999,,,,,,,,,,,0.0,0.0,0.0,0.0,0.0,0,0.0,0.0,0.0,0.0,0,0.0,0.0,0.0,0.0,1.5,0.75,0.5,0.375,0.6749999999999999,0.75,1.0,0.0,,,0.0,0.0,0.8999999999999999,1.0,0.75,0.0,0.0,0.75,0.25,4.0,0.9362499999999999,0.39261940858801164,1.9638646807362312,2.866889320488658,60.9,Stable,,,['Limited recent opportunity'],LaJohntay Wester,WR,,2.4153770006124446,1.468002,2.4153770006124446,5.0,backup,Depth chart: WR5. Higher-ranked teammate is active; recent usage is not treated as a starting role.,healthy_backup,3.6653770006124446
00-0035359,David Sills,David Sills,WR,WR,"https://static.www.nfl.com/image/upload/f_auto,q_auto/league/g0jd9yaq2yhw05ktamlh",2026,-1,REG,2025_18_NO_ATL,ATL,GB,0,0,0,0,0,0,0,0,0,0,0,0,,,0,,0,0,0,0,0,0,0,0,0,0,,0,0,0,0,0,1,1,11,0,0,0,4,7,0,0.03572590462863445,0,1,0,0,0,2.75,0.03333333333333333,0.01809954751131222,0.06266968325791855,0,0,0,0,0,0,0,0.0,0.0,0,0,0,0,0,0,0,0,0,0,0,0,0,0,0,0,0,0,0,0,0,0,0,0,0,0,0,0,0,0,0,0,0,,,0,0,0,0,0,0,0,0,0,0,0,0,,,,0,0,0,0,0,0,0,,0,0,0,0,0,0,0,,0,0,0,0,0,0,0,0,0,0,1.1,2.1,0,0,1.1,0.0,1.1,2025,18,,,,,1.1,,0.0,0,0,1.1,2.4000000000000004,1.6000000000000003,1.6000000000000003,1.41075,1,2.5,2.0,2.0,1.7425,0,0.0,0.0,0.0,0.0,11,24.0,16.0,16.0,14.1075,0,0.0,0.0,0.0,0.0,1,2.0,1.3333333333333333,1.3333333333333333,1.1925,,,,,,,,,,,0.0,0.0,0.0,0.0,0.0,0,0.0,0.0,0.0,0.0,0,0.0,0.0,0.0,0.0,1.1,2.4000000000000004,1.6000000000000003,1.6000000000000003,1.41075,2.4000000000000004,1.5,0.0,,,0.0,0.0,1.7425,1.5,0.80961262553802,0.0,0.0,2.4000000000000004,-0.9000000000000004,3.0,2.01145,0.4297353720605276,2.568463713961035,3.5568550697002483,61.7425,Momentum confirmed,,,"['Limited recent opportunity', 'Recent production is improving']",David Sills,WR,,3.0626593918306417,2.6417854,3.0626593918306417,7.0,backup,Depth chart: WR7. Higher-ranked teammate is active; recent usage is not treated as a starting role.,healthy_backup,3.6626593918306414
00-0038488,Brady Russell,Brady Russell,RB,RB,"https://static.www.nfl.com/image/upload/f_auto,q_auto/league/vfz3osmr3fgeoyu5us80",2026,1,REG,2026_01_NE_SEA,SEA,WAS,0,0,0,0,0,0,0,0,0,0,0,0,,,0,,0,0,0,0,0,0,0,0,0,0,,0,0,0,0,0,2,2,20,0,0,0,6,14,1,1.079758359817788,0,1,0,0,0,3.3333333333333335,0.08333333333333333,0.03896103896103896,0.15227272727272728,0,0,0,1,0,0,0,0.0,0.0,0,0,0,0,0,0,0,0,0,0,0,0,0,0,0,0,0,0,0,0,0,0,0,0,0,0,0,0,0,0,0,0,0,,,0,0,0,0,0,0,0,0,0,0,0,0,,,,0,0,0,0,0,0,0,,0,0,0,0,0,0,0,,0,0,0,0,0,0,0,0,0,0,2.0,4.0,0,0,2.0,0.0,2.0,2026,1,,,,,1.0,,0.0,0,0,2.0,1.0,0.6666666666666666,0.5,0.8999999999999999,2,1.0,0.6666666666666666,0.5,0.8999999999999999,0,0.0,0.0,0.0,0.0,20,10.0,6.666666666666667,5.0,9.0,0,0.0,0.0,0.0,0.0,2,1.0,0.6666666666666666,0.5,0.8999999999999999,,,,,,,,,,,0.0,0.0,0.0,0.0,0.0,0,0.0,0.0,0.0,0.0,0,0.0,0.0,0.0,0.0,2.0,1.0,0.6666666666666666,0.5,0.8999999999999999,1.0,1.0,0.0,,,0.0,0.0,0.8999999999999999,1.0,1.0,0.0,0.0,1.0,0.0,4.0,1.1316666666666666,0.5234925447840154,2.0543790907957593,3.258411943798995,60.9,Stable,,,['Limited recent opportunity'],Brady Russell,RB,,2.656395517297377,1.9380827,2.656395517297377,,,,,3.656395517297377
00-0041525,Chris Bell,Chris Bell,WR,WR,"https://static.www.nfl.com/image/upload/f_auto,q_auto/league/zgbku18zemqyryvyahd4",2026,1,REG,2026_01_MIA_LV,MIA,KC,0,0,0,0,0,0,0,0,0,0,0,0,,,0,,0,0,0,0,0,0,0,0,0,0,,0,0,0,0,0,1,2,25,0,0,0,42,3,1,1.4793600182747468,0,1,1,1,0,0.5952380952380952,0.07407407407407407,0.13592233009708737,0.20625674217907225,0,0,0,0,0,0,0,0.0,0.0,0,0,0,0,0,0,0,0,0,0,0,0,0,0,0,0,0,0,0,0,0,0,0,0,0,0,0,0,0,0,0,0,0,,,0,0,0,0,0,0,0,0,0,0,0,0,,,,0,0,0,0,0,0,0,,0,0,0,0,0,0,0,,0,0,0,0,0,0,0,0,0,0,2.5,3.5,0,0,2.5,0.0,2.5,2026,1,,,,,1.25,,0.0,0,0,2.5,2.5,2.5,2.5,2.5,2,2.0,2.0,2.0,2.0,0,0.0,0.0,0.0,0.0,25,25.0,25.0,25.0,25.0,0,0.0,0.0,0.0,0.0,1,1.0,1.0,1.0,1.0,,,,,,,,,,,0.0,0.0,0.0,0.0,0.0,0,0.0,0.0,0.0,0.0,0,0.0,0.0,0.0,0.0,2.5,2.5,2.5,2.5,2.5,,,,,,,,2.0,0.0,1.25,0.0,0.0,,0.0,1.0,2.5,0.0,3.6425267923653877,3.6425267923653877,,Stable,,,['Limited recent opportunity'],Chris Bell,WR,,3.6425267923653877,3.0937214,3.6425267923653877,3.0,backup,Depth chart: WR3. Higher-ranked teammate is active; recent usage is not treated as a starting role.,healthy_backup,3.6425267923653877
00-0035208,Olamide Zaccheaus,Olamide Zaccheaus,WR,WR,"https://static.www.nfl.com/image/upload/f_auto,q_auto/league/zsnzd30ysrewgufbv06y",2026,1,REG,2026_01_ATL_PIT,ATL,GB,0,0,0,0,0,0,0,0,0,0,0,0,,,0,,0,0,0,0,0,0,0,0,0,0,,0,0,0,0,0,1,1,5,0,0,0,5,0,0,-0.10871167090954259,0,0,0,0,0,1.0,0.05263157894736842,0.06493506493506493,0.12440191387559807,0,0,0,0,0,0,0,0.0,0.0,0,0,0,0,0,0,0,0,0,0,0,0,0,0,0,0,0,0,0,0,0,0,0,0,0,0,0,1,29,0,0,0,0,,,0,0,0,0,0,0,0,0,0,0,0,0,,,,0,0,0,0,0,0,0,,0,0,0,0,0,0,0,,0,0,0,0,0,0,0,0,0,0,0.5,1.5,0,0,0.5,0.0,0.5,2026,1,,,,,0.5,,0.0,0,0,0.5,0.7000000000000004,2.733333333333333,2.875,1.9224375,1,1.5,1.6666666666666667,2.5,2.049125,0,0.0,0.0,0.0,0.0,5,7.0,7.333333333333333,13.75,11.056875,0,0.0,0.0,0.0,0.0,1,1.0,1.0,1.25,1.1663750000000002,,,,,,,,,,,0.0,0.0,2.0,1.5,0.81675,0,0.0,0.0,0.0,0.0,0,0.0,0.0,0.0,0.0,0.5,0.7000000000000004,2.733333333333333,2.875,1.9224375,-4.35,-2.0,0.0,,,0.0,0.0,2.049125,-2.0,0.9381748307204294,0.42485126304496246,0.2761533209792256,-4.35,2.3499999999999996,4.0,1.5680458333333334,0.9926963466922354,2.139741955561167,4.422943552953308,62.049125000000004,Downtrend confirmed,,,"['Limited recent opportunity', 'Role is trending downward', 'Opportunity rising faster than production', 'Recent production is declining']",Olamide Zaccheaus,WR,,3.2813427542572375,3.228658,3.2813427542572375,3.0,backup,Depth chart: WR3. Higher-ranked teammate is active; recent usage is not treated as a starting role.,healthy_backup,3.631342754257237
00-0040739,Elijah Arroyo,Elijah Arroyo,TE,TE,"https://static.www.nfl.com/image/upload/f_auto,q_auto/league/m5rdyemjoxl4cuz9yun8",2026,-1,REG,2025_14_SEA_ATL,SEA,WAS,0,0,0,0,0,0,0,0,0,0,0,0,,,0,,0,0,0,0,0,0,0,0,0,0,,0,0,0,0,0,0,1,0,0,0,0,17,0,0,-4.5179872388835065,0,0,0,0,0,0.0,0.03333333333333333,0.06666666666666667,0.09666666666666666,0,0,0,0,0,0,0,0.0,0.0,0,0,0,0,0,0,0,0,0,0,0,0,0,0,0,0,0,0,0,0,0,0,0,0,0,0,0,0,0,0,0,0,0,,,0,0,0,0,0,0,0,0,0,0,0,0,,,,0,0,0,0,0,0,0,,0,0,0,0,0,0,0,,0,0,0,0,0,0,0,0,0,0,0.0,0.0,0,0,0.0,0.0,0.0,2025,14,,,,,0.0,,,0,0,0.0,0.0,0.16666666666666666,0.16666666666666666,0.15125000000000002,1,1.5,1.3333333333333333,1.3333333333333333,1.2475,0,0.0,0.0,0.0,0.0,0,0.0,1.6666666666666667,1.6666666666666667,1.5125000000000002,0,0.0,0.0,0.0,0.0,0,0.0,0.3333333333333333,0.3333333333333333,0.30250000000000005,,,,,,,,,,,0.0,0.0,0.0,0.0,0.0,0,0.0,0.0,0.0,0.0,0,0.0,0.0,0.0,0.0,0.0,0.0,0.16666666666666666,0.16666666666666666,0.15125000000000002,-0.5,0.5,0.0,,,0.0,0.0,1.2475,0.5,0.12124248496993989,0.0,0.0,-0.5,1.0,3.0,0.3324166666666667,0.07933210783367181,2.0344451701036066,2.2169090181210516,61.2475,Stable,,,['Limited recent opportunity'],Elijah Arroyo,TE,,2.125677094112329,1.559583,2.125677094112329,3.0,backup,Depth chart: TE3. Higher-ranked teammate is active; recent usage is not treated as a starting role.,healthy_backup,3.625677094112329
00-0040870,Ja'Kobi Lane,Ja'Kobi Lane,WR,WR,"https://static.www.nfl.com/image/upload/f_auto,q_auto/league/gjezd2a8imfrxyv16wuj",2026,1,REG,2026_01_BAL_IND,BAL,DAL,0,0,0,0,0,0,0,0,0,0,0,0,,,0,,0,0,0,0,0,0,0,0,0,0,,0,0,0,0,0,1,3,11,0,0,0,30,4,0,-4.019561929511838,0,1,0,0,0,0.36666666666666664,0.125,0.11152416356877323,0.26556691449814124,0,0,0,0,0,0,0,0.0,0.0,0,0,0,0,0,0,0,0,0,0,0,0,0,0,0,0,0,0,0,0,0,0,0,0,0,0,0,0,0,0,0,0,0,,,0,0,0,0,0,0,0,0,0,0,0,0,,,,0,0,0,0,0,0,0,,0,0,0,0,0,0,0,,0,0,0,0,0,0,0,0,0,0,1.1,2.1,0,0,1.1,0.0,1.1,2026,1,,,,,0.3666666666666667,,0.0,0,0,1.1,1.1,1.1,1.1,1.1,3,3.0,3.0,3.0,3.0,0,0.0,0.0,0.0,0.0,11,11.0,11.0,11.0,11.0,0,0.0,0.0,0.0,0.0,1,1.0,1.0,1.0,1.0,,,,,,,,,,,0.0,0.0,0.0,0.0,0.0,0,0.0,0.0,0.0,0.0,0,0.0,0.0,0.0,0.0,1.1,1.1,1.1,1.1,1.1,,,,,,,,3.0,0.0,0.3666666666666667,0.0,0.0,,0.0,1.0,1.1,0.0,3.6041341720736906,3.6041341720736906,,Stable,,,['Projection primarily follows recent baseline'],Ja'Kobi Lane,WR,,3.6041341720736906,2.9703562,3.6041341720736906,6.0,backup,Depth chart: WR6. Higher-ranked teammate is active; recent usage is not treated as a starting role.,healthy_backup,3.6041341720736906
00-0036187,Reggie Gilliam,Reggie Gilliam,RB,RB,"https://static.www.nfl.com/image/upload/f_auto,q_auto/league/jjntivnnkczvlclkiwwm",2026,-1,REG,2025_18_NYJ_BUF,BUF,LAC,0,0,0,0,0,0,0,0,0,0,0,0,,,0,,0,0,0,0,2,4,0,0,0,1,-0.2606585518515203,0,0,0,0,0,1,1,22,0,0,0,21,1,1,1.2935915712150745,0,1,1,1,0,1.0476190476190477,0.03571428571428571,0.10552763819095477,0.1274407753050969,0,0,0,0,0,0,0,0.0,0.0,0,0,0,0,0,0,0,0,0,0,0,0,0,0,0,0,0,0,0,0,0,0,0,0,0,0,0,0,0,0,0,0,0,,,0,0,0,0,0,0,0,0,0,0,0,0,,,,0,0,0,0,0,0,0,,0,0,0,0,0,0,0,,0,0,0,0,0,0,0,0,0,0,2.6,3.6,0,0,2.6,0.0,2.6,2025,18,,,,,2.6,1.3,0.0,0,0,2.6,1.3,0.8666666666666667,0.8666666666666667,1.17,1,0.5,0.3333333333333333,0.3333333333333333,0.44999999999999996,2,1.0,0.6666666666666666,0.6666666666666666,0.8999999999999999,22,11.0,7.333333333333333,7.333333333333333,9.899999999999999,4,2.0,1.3333333333333333,1.3333333333333333,1.7999999999999998,1,0.5,0.3333333333333333,0.3333333333333333,0.44999999999999996,,,,,,,,,,,0.0,0.0,0.0,0.0,0.0,0,0.0,0.0,0.0,0.0,0,0.0,0.0,0.0,0.0,2.6,1.3,0.8666666666666667,0.8666666666666667,1.17,1.3,0.5,1.0,,,0.0,0.0,0.945,1.05,1.2380952380952381,0.0,0.0,1.3,-0.25,3.0,1.4161666666666666,0.6425034370854888,2.0469014143401765,3.5246593196368012,60.945,Momentum confirmed,,,['Limited recent opportunity'],Reggie Gilliam,RB,,2.785780366988489,2.0090008,2.785780366988489,,,,,3.585780366988489
00-0032688,Robbie Chosen,Robbie Chosen,WR,WR,"https://static.www.nfl.com/image/upload/f_auto,q_auto/league/kz2hbymqgrobo1uynciv",2026,-1,REG,2025_11_WAS_MIA,WAS,SEA,0,0,0,0,0,0,0,0,0,0,0,0,,,0,,0,0,0,0,0,0,0,0,0,0,,0,0,0,0,0,0,1,0,0,0,0,10,0,0,-0.32015918131219223,0,0,0,0,0,0.0,0.034482758620689655,0.04524886877828054,0.08339834607583085,0,0,0,0,0,0,0,0.0,0.0,0,0,0,0,0,0,0,0,0,0,0,0,0,0,0,0,0,0,0,0,0,0,0,0,0,0,0,0,0,0,0,0,0,,,0,0,0,0,0,0,0,0,0,0,0,0,,,,0,0,0,0,0,0,0,,0,0,0,0,0,0,0,,0,0,0,0,0,0,0,0,0,0,0.0,0.0,0,0,0.0,0.0,0.0,2025,11,,,,,0.0,,,0,0,0.0,0.8500000000000001,1.7666666666666668,1.7666666666666668,1.5097500000000001,1,2.5,3.0,3.0,2.6500000000000004,0,0.0,0.0,0.0,0.0,0,8.5,17.666666666666668,17.666666666666668,15.0975,0,0.0,0.0,0.0,0.0,0,0.5,1.6666666666666667,1.6666666666666667,1.4575000000000002,,,,,,,,,,,0.0,0.0,0.0,0.0,0.0,0,0.0,0.0,0.0,0.0,0,0.0,0.0,0.0,0.0,0.0,0.8500000000000001,1.7666666666666668,1.7666666666666668,1.5097500000000001,-2.75,-1.5,0.0,,,0.0,0.0,2.6500000000000004,-1.5,0.5697169811320755,0.0,0.0,-2.75,1.25,3.0,1.087516666666667,0.6779942551379031,3.0381842398382934,4.59757102665547,62.65,Downtrend confirmed,,,"['Limited recent opportunity', 'Recent production is declining']",Robbie Chosen,WR,,3.817877633246882,3.1455555,3.817877633246882,,,,,3.567877633246882
00-0041326,CJ Donaldson,CJ Donaldson,RB,RB,"https://static.www.nfl.com/image/upload/f_auto,q_auto/league/lwl0pyoz7mbjcne0stsx",2026,1,REG,2026_01_NO_DET,NO,LV,0,0,0,0,0,0,0,0,0,0,0,0,,,0,,0,0,0,0,2,4,0,0,0,2,0.9168613234069198,0,0,0,0,0,1,2,-2,0,0,0,5,4,0,-1.2862824223702773,0,0,0,0,0,-0.4,0.038461538461538464,0.010351966873706004,0.0649386845039019,0,0,0,0,0,0,0,0.0,0.0,0,0,0,0,0,0,0,0,0,0,0,0,0,0,0,0,0,0,0,0,0,0,0,0,0,0,0,0,0,0,0,0,0,,,0,0,0,0,0,0,0,0,0,0,0,0,,,,0,0,0,0,0,0,0,,0,0,0,0,0,0,0,,0,0,0,0,0,0,0,0,0,0,0.2,1.2,0,0,0.2,0.0,0.2,2026,1,,,,,0.1,0.1,0.0,0,0,0.2,0.2,0.2,0.2,0.2,2,2.0,2.0,2.0,2.0,2,2.0,2.0,2.0,2.0,-2,-2.0,-2.0,-2.0,-2.0,4,4.0,4.0,4.0,4.0,1,1.0,1.0,1.0,1.0,,,,,,,,,,,0.0,0.0,0.0,0.0,0.0,0,0.0,0.0,0.0,0.0,0,0.0,0.0,0.0,0.0,0.2,0.2,0.2,0.2,0.2,,,,,,,,3.1,0.0,0.06451612903225806,0.0,0.0,,0.0,1.0,0.2,0.0,3.5148094789814466,3.5148094789814466,,Stable,,,['Projection primarily follows recent baseline'],CJ Donaldson,RB,,3.5148094789814466,3.4456215,3.5148094789814466,4.0,backup,Depth chart: RB4. Higher-ranked teammate is active; recent usage is not treated as a starting role.,healthy_backup,3.5148094789814466
00-0030061,Zach Ertz,Zach Ertz,TE,TE,"https://static.www.nfl.com/image/upload/f_auto,q_auto/league/xktmmeumuoglbuam75iz",2026,-1,REG,2025_14_WAS_MIN,WAS,SEA,0,0,0,0,0,0,0,0,0,0,0,0,,,0,,0,0,0,0,0,0,0,0,0,0,,0,0,0,0,0,1,2,11,0,0,0,19,6,1,2.1680568321608007,0,1,0,0,0,0.5789473684210527,0.1,0.16521739130434782,0.26565217391304347,0,0,0,0,0,0,0,0.0,0.0,0,0,0,0,0,0,0,0,0,0,0,0,0,0,0,0,0,0,0,0,0,0,0,0,0,0,0,0,0,0,0,0,0,,,0,0,0,0,0,0,0,0,0,0,0,0,,,,0,0,0,0,0,0,0,,0,0,0,0,0,0,0,,0,0,0,0,0,0,0,0,0,0,1.1,2.1,0,0,1.1,0.0,1.1,2025,14,,,,,0.55,,0.0,0,0,1.1,5.8500000000000005,5.3,5.3,4.389000000000001,2,7.5,7.666666666666667,7.666666666666667,6.5375,0,0.0,0.0,0.0,0.0,11,58.5,53.0,53.0,43.89,0,0.0,0.0,0.0,0.0,1,5.5,5.0,5.0,4.135000000000001,,,,,,,,,,,0.0,0.0,0.0,0.0,0.0,0,0.0,0.0,0.0,0.0,0,0.0,0.0,0.0,0.0,1.1,5.8500000000000005,5.3,5.3,4.389000000000001,1.6500000000000004,-0.5,0.0,,,0.0,0.0,6.5375,-0.5,0.6713575525812622,0.0,0.0,1.6500000000000004,-2.1500000000000004,3.0,4.578400000000001,1.7094956449198693,4.02558168215241,7.957421665468109,66.5375,Stable,,,['Projection primarily follows recent baseline'],Zach Ertz,TE,,5.9915016738102596,5.9070764,5.9915016738102596,,,,,3.4915016738102596
00-0039884,Tahj Washington,Tahj Washington,WR,WR,"https://static.www.nfl.com/image/upload/f_auto,q_auto/league/voyr5ajdxwydmp6cc1bw",2026,-1,REG,2025_18_MIA_NE,MIA,KC,0,0,0,0,0,0,0,0,0,0,0,0,,,0,,0,0,0,0,0,0,0,0,0,0,,0,0,0,0,0,2,3,26,0,0,0,68,2,1,0.8467529595363885,0,1,1,0,0,0.38235294117647056,0.125,0.425,0.485,0,0,0,0,0,0,0,0.0,0.0,0,0,0,0,0,0,0,0,0,0,0,0,0,0,0,0,0,0,0,0,0,0,0,0,0,0,0,0,0,0,0,0,0,,,0,0,0,0,0,0,0,0,0,0,0,0,,,,0,0,0,0,0,0,0,,0,0,0,0,0,0,0,,0,0,0,0,0,0,0,0,0,0,2.6,4.6,0,0,2.6,0.0,2.6,2025,18,,,,,0.8666666666666667,,0.0,0,0,2.6,1.85,1.85,1.85,1.775,3,2.5,2.5,2.5,2.45,0,0.0,0.0,0.0,0.0,26,18.5,18.5,18.5,17.75,0,0.0,0.0,0.0,0.0,2,1.5,1.5,1.5,1.45,,,,,,,,,,,0.0,0.0,0.0,0.0,0.0,0,0.0,0.0,0.0,0.0,0,0.0,0.0,0.0,0.0,2.6,1.85,1.85,1.85,1.775,,,,,,,,2.45,0.0,0.7244897959183673,0.0,0.0,,0.0,2.0,1.8050000000000002,0.30886890422961005,3.1271248522030173,3.8375233319311204,,Stable,,,['Limited recent opportunity'],Tahj Washington,WR,,3.482324092067069,2.9828176,3.482324092067069,11.0,backup,Depth chart: WR11. Higher-ranked teammate is active; recent usage is not treated as a starting role.,healthy_backup,3.482324092067069
00-0039305,Jack Westover,Jack Westover,TE,TE,"https://static.www.nfl.com/image/upload/f_auto,q_auto/league/zpo5vbntn8b9hih2fi66",2026,-1,POST,2025_19_LAC_NE,NE,JAX,0,0,0,0,0,0,0,0,0,0,0,0,,,0,,0,0,0,0,0,0,0,0,0,0,,0,0,0,0,0,1,1,8,0,0,0,6,2,1,1.1229398525319993,0,0,0,0,0,1.3333333333333333,0.037037037037037035,0.022641509433962263,0.07140461215932914,0,0,0,0,0,0,0,0.0,0.0,0,0,0,0,0,0,0,0,0,0,0,0,0,0,0,0,0,0,0,0,0,0,0,0,0,0,0,0,0,0,0,0,0,,,0,0,0,0,0,0,0,0,0,0,0,0,,,,0,0,0,0,0,0,0,,0,0,0,0,0,0,0,,0,0,0,0,0,0,0,0,0,0,0.8,1.8,0,0,0.8,0.0,0.8,2025,19,,,,,0.8,,0.0,0,0,0.8,0.4,0.26666666666666666,0.26666666666666666,0.36,1,1.0,0.6666666666666666,0.6666666666666666,0.6975,0,0.0,0.0,0.0,0.0,8,4.0,2.6666666666666665,2.6666666666666665,3.5999999999999996,0,0.0,0.0,0.0,0.0,1,1.0,0.6666666666666666,0.6666666666666666,0.6975,,,,,,,,,,,0.0,0.0,0.0,0.0,0.0,0,0.0,0.0,0.0,0.0,0,0.0,0.0,0.0,0.0,0.8,0.4,0.26666666666666666,0.26666666666666666,0.36,0.4,1.0,0.0,,,0.0,0.0,0.6975,1.0,0.5161290322580645,0.0,0.0,0.4,0.6,3.0,0.6726666666666666,0.19769336525707348,1.654457117225164,2.109151857316433,60.6975,Stable,,,['Limited recent opportunity'],Jack Westover,TE,,1.8818044872707986,1.191269,1.8818044872707986,4.0,backup,Depth chart: TE4. Higher-ranked teammate is active; recent usage is not treated as a starting role.,healthy_backup,3.4818044872707987
00-0034386,Justin Watson,Justin Watson,WR,WR,"https://static.www.nfl.com/image/upload/f_auto,q_auto/league/qupxjfqxueke4sgmlrk3",2026,-1,REG,2025_18_IND_HOU,HOU,IND,0,0,0,0,0,0,0,0,0,0,0,0,,,0,,0,0,0,0,0,0,0,0,0,0,,0,0,0,0,0,0,0,0,0,0,0,0,0,0,,0,0,0,0,0,,0.0,0.0,0.0,0,0,0,1,0,0,0,0.0,0.0,0,0,0,0,0,0,0,0,0,0,0,0,0,0,0,0,0,0,0,0,0,0,0,0,0,0,0,0,0,0,0,0,0,,,0,0,0,0,0,0,0,0,0,0,0,0,,,,0,0,0,0,0,0,0,,0,0,0,0,0,0,0,,0,0,0,0,0,0,0,0,0,0,0.0,0.0,0,0,0.0,0.0,0.0,2025,18,,,,,,,,0,0,0.0,0.15000000000000002,1.0,1.0,0.8910000000000002,0,1.0,1.3333333333333333,1.3333333333333333,1.1,0,0.0,0.0,0.0,0.0,0,1.5,10.0,10.0,8.910000000000002,0,0.0,0.0,0.0,0.0,0,0.5,1.0,1.0,0.8525000000000001,,,,,,,,,,,0.0,0.0,0.0,0.0,0.0,0,0.0,0.0,0.0,0.0,0,0.0,0.0,0.0,0.0,0.0,0.15000000000000002,1.0,1.0,0.8910000000000002,-2.5500000000000003,-1.0,0.0,,,0.0,0.0,1.1,-1.0,0.8100000000000002,0.0,0.0,-2.5500000000000003,1.5500000000000003,3.0,0.5846000000000002,0.4397373761690039,2.3794867500720596,3.3908827152607683,61.1,Stable,,,"['Limited recent opportunity', 'Recent production is declining']",Justin Watson,WR,,2.885184732666414,1.9703776,2.885184732666414,6.0,backup,Depth chart: WR6. Higher-ranked teammate is active; recent usage is not treated as a starting role.,healthy_backup,3.435184732666414
00-0034367,Nyheim Hines,Nyheim Hines,RB,RB,"https://static.www.nfl.com/image/upload/f_auto,q_auto/league/ud1q6gh3tlkiy2w90gvm",2026,-1,REG,2025_18_NO_ATL,NO,LV,0,0,0,0,0,0,0,0,0,0,0,0,,,0,,0,0,0,0,0,0,0,0,0,0,,0,0,0,0,0,0,0,0,0,0,0,0,0,0,,0,0,0,0,0,,0.0,0.0,0.0,0,0,0,0,0,0,0,0.0,0.0,0,0,0,0,0,0,0,0,0,0,0,0,0,0,0,0,0,0,0,0,0,0,0,0,0,1,11,0,0,0,0,0,0,,,0,0,0,0,0,0,0,0,0,0,0,0,,,,0,0,0,0,0,0,0,,0,0,0,0,0,0,0,,0,0,0,0,0,0,0,0,0,0,0.0,0.0,0,0,0.0,0.0,0.0,2025,18,,,,,,,,0,0,0.0,-0.1,-0.06666666666666667,-0.06666666666666667,-0.0495,0,0.0,0.0,0.0,0.0,0,1.0,0.6666666666666666,0.6666666666666666,0.495,0,0.0,0.0,0.0,0.0,0,-1.0,-0.6666666666666666,-0.6666666666666666,-0.495,0,0.0,0.0,0.0,0.0,,,,,,,,,,,0.0,0.0,0.0,0.0,0.0,0,0.0,0.0,0.0,0.0,0,0.0,0.0,0.0,0.0,0.0,-0.1,-0.06666666666666667,-0.06666666666666667,-0.0495,-0.1,0.0,1.0,,,0.0,0.0,0.27225,0.55,-0.18181818181818182,0.0,0.0,-0.1,0.65,3.0,0.13613333333333333,0.03268088126106761,2.168840298675788,2.2440063255762435,60.27225,Stable,,,['Limited recent opportunity'],Nyheim Hines,RB,,2.2064233121260157,2.0812602,2.2064233121260157,,,,,3.4064233121260155
00-0041511,Omar Cooper Jr.,Omar Cooper Jr.,WR,WR,"https://static.www.nfl.com/image/upload/f_auto,q_auto/league/lmua2lbg0m77ibvydvaq",2026,1,REG,2026_01_NYJ_TEN,NYJ,DET,0,0,0,0,0,0,0,0,0,0,0,0,,,0,,0,0,0,0,0,0,0,0,0,0,,0,0,0,0,0,1,1,30,0,0,0,4,26,1,3.58215110830497,0,1,1,1,0,7.5,0.043478260869565216,0.023809523809523808,0.08188405797101449,0,0,0,0,0,0,0,0.0,0.0,0,0,0,0,0,0,0,0,0,0,0,0,0,0,0,0,0,0,0,0,0,0,0,0,0,0,0,0,0,0,0,0,0,,,0,0,0,0,0,0,0,0,0,0,0,0,,,,0,0,0,0,0,0,0,,0,0,0,0,0,0,0,,0,0,0,0,0,0,0,0,0,0,3.0,4.0,0,0,3.0,0.0,3.0,2026,1,,,,,3.0,,0.0,0,0,3.0,3.0,3.0,3.0,3.0,1,1.0,1.0,1.0,1.0,0,0.0,0.0,0.0,0.0,30,30.0,30.0,30.0,30.0,0,0.0,0.0,0.0,0.0,1,1.0,1.0,1.0,1.0,,,,,,,,,,,0.0,0.0,0.0,0.0,0.0,0,0.0,0.0,0.0,0.0,0,0.0,0.0,0.0,0.0,3.0,3.0,3.0,3.0,3.0,,,,,,,,1.0,0.0,3.0,0.0,0.0,,0.0,1.0,3.0,0.0,3.3857921036263545,3.3857921036263545,,Stable,,,['Limited recent opportunity'],Omar Cooper Jr.,WR,,3.3857921036263545,2.4285438,3.3857921036263545,3.0,unavailable,Depth chart: WR3. Player is currently O.,,3.3857921036263545
00-0040737,Terrance Ferguson,Terrance Ferguson,TE,TE,"https://static.www.nfl.com/image/upload/f_auto,q_auto/league/w5o0s5yf6j5dsmiwdtfg",2026,1,REG,2026_01_SF_LA,LAR,DEN,0,0,0,0,0,0,0,0,0,0,0,0,,,0,,0,0,0,0,0,0,0,0,0,0,,0,0,0,0,0,0,1,0,0,0,0,24,0,0,-2.7767381893936545,0,0,0,0,0,0.0,0.037037037037037035,0.09411764705882353,0.12143790849673201,0,0,0,0,0,0,0,0.0,0.0,0,0,0,0,0,0,0,0,0,0,0,0,0,0,0,0,0,0,0,0,0,0,0,0,0,0,0,0,0,0,0,0,0,,,0,0,0,0,0,0,0,0,0,0,0,0,,,,0,0,0,0,0,0,0,,0,0,0,0,0,0,0,,0,0,0,0,0,0,0,0,0,0,0.0,0.0,0,0,0.0,0.0,0.0,2026,1,,,,,0.0,,,0,0,0.0,0.0,0.6333333333333334,3.325,2.1553125000000004,1,1.0,2.3333333333333335,2.75,2.043625,0,0.0,0.0,0.0,0.0,0,0.0,6.333333333333333,18.25,11.570625000000001,0,0.0,0.0,0.0,0.0,0,0.0,0.3333333333333333,0.75,0.4688750000000001,,,,,,,,,,,0.0,0.0,0.0,1.5,0.9982500000000003,0,0.0,0.0,0.0,0.0,0,0.0,0.0,0.0,0.0,0.0,0.0,0.6333333333333334,3.325,2.1553125000000004,-6.65,-3.5,0.0,,,0.0,0.0,2.043625,-3.5,1.0546516606520278,0.46315789473684216,0.3010526315789474,-6.65,3.1500000000000004,4.0,0.6989550438596495,1.3135276935550737,1.7171191455225083,4.738232840699178,62.043625,Downtrend confirmed,,,"['Limited recent opportunity', 'Role is trending downward', 'Opportunity rising faster than production', 'Recent production is declining']",Terrance Ferguson,TE,,3.227675993110843,3.1417654,3.227675993110843,3.0,backup,Depth chart: TE3. Higher-ranked teammate is active; recent usage is not treated as a starting role.,healthy_backup,3.3776759931108433
00-0040039,Amar Johnson,Amar Johnson,RB,RB,"https://static.www.nfl.com/image/upload/f_auto,q_auto/league/qw1s7luuaia2f08p19aq",2026,-1,REG,2025_11_LAC_JAX,LAC,BUF,0,0,0,0,0,0,0,0,0,0,0,0,,,0,,0,0,0,0,2,8,0,0,0,0,-0.05327480402775109,0,0,0,0,0,0,1,0,0,0,0,-2,0,0,-0.741847567493096,0,0,0,0,0,-0.0,0.041666666666666664,-0.010869565217391304,0.05489130434782609,0,0,0,0,0,0,0,0.0,0.0,0,0,0,0,0,0,0,0,0,0,0,0,0,0,0,0,0,0,0,0,0,0,0,0,0,0,0,0,0,0,0,0,0,,,0,0,0,0,0,0,0,0,0,0,0,0,,,,0,0,0,0,0,0,0,,0,0,0,0,0,0,0,,0,0,0,0,0,0,0,0,0,0,0.8,0.8,0,0,0.8,0.0,0.8,2025,11,,,,,0.8,0.4,0.0,0,0,0.8,0.8,0.8,0.8,0.8,1,1.0,1.0,1.0,1.0,2,2.0,2.0,2.0,2.0,0,0.0,0.0,0.0,0.0,8,8.0,8.0,8.0,8.0,0,0.0,0.0,0.0,0.0,,,,,,,,,,,0.0,0.0,0.0,0.0,0.0,0,0.0,0.0,0.0,0.0,0,0.0,0.0,0.0,0.0,0.8,0.8,0.8,0.8,0.8,,,,,,,,2.1,0.0,0.38095238095238093,0.0,0.0,,0.0,1.0,0.8,0.0,3.376380661080642,3.376380661080642,,Stable,,,['Limited recent opportunity'],Amar Johnson,RB,,3.376380661080642,2.8903646,3.376380661080642,5.0,backup,Depth chart: RB5. Higher-ranked teammate is active; recent usage is not treated as a starting role.,healthy_backup,3.376380661080642
00-0034771,Mason Rudolph,Mason Rudolph,QB,QB,"https://static.www.nfl.com/image/upload/f_auto,q_auto/league/oadtxde6hxz1jgrs618o",2026,-1,POST,2025_19_HOU_PIT,PIT,CIN,1,1,2,0,0,0,0,0,0,0,2,1,1.2573037131223828,30.629032850265503,0,0.0,0,0,0,0,0,0,0,0,0,0,,0,0,0,0,0,0,0,0,0,0,0,0,0,0,,0,0,0,0,0,,0.0,0.0,0.0,0,0,0,0,0,0,0,0.0,0.0,0,0,0,0,0,0,0,0,0,0,0,0,0,0,0,0,0,0,0,0,0,0,0,0,0,0,0,0,0,0,0,0,0,,,0,0,0,0,0,0,0,0,0,0,0,0,,,,0,0,0,0,0,0,0,,0,0,0,0,0,0,0,,0,0,0,0,0,0,0,0,0,0,0.08,0.08,0,0,0.08,0.0,0.08,2025,19,,,,,,,0.0,0,0,0.08,0.04,4.54,4.54,4.13185,0,0.0,0.0,0.0,0.0,0,0.0,1.0,1.0,0.9075000000000002,0,0.0,0.0,0.0,0.0,0,0.0,2.3333333333333335,2.3333333333333335,2.1175000000000006,0,0.0,0.0,0.0,0.0,,,,,,,,,,,0.0,0.0,2.0,2.0,1.8150000000000004,0,0.0,0.0,0.0,0.0,0,0.0,0.0,0.0,0.0,0.08,0.04,4.54,4.54,4.13185,-13.5,0.0,-3.0,,,0.0,0.0,0.49912500000000015,-1.6500000000000001,8.278186826947156,0.43927054467127324,0.28552585403632763,-13.5,11.85,3.0,0.0,2.1333419574929846,0.0,0.0,60.36578304250701,Downtrend confirmed,,,"['Limited recent opportunity', 'Opportunity rising faster than production', 'Recent production is declining']",Mason Rudolph,QB,,0.0,0.0,12.927452764680648,2.0,backup,Depth chart: QB2. Higher-ranked teammate is active; recent usage is not treated as a starting role.,healthy_backup,3.3499999999999996
00-0037098,Samori Toure,Samori Toure,WR,WR,"https://static.www.nfl.com/image/upload/f_auto,q_auto/league/tkjitxda1ufeev3tzpuk",2026,-1,REG,2025_18_NO_ATL,NO,LV,0,0,0,0,0,0,0,0,0,0,0,0,,,0,,0,0,0,0,0,0,0,0,0,0,,0,0,0,0,0,1,3,3,0,0,0,30,0,0,-8.685179700725712,0,0,0,0,0,0.1,0.08823529411764706,0.10676156583629894,0.20708603726187985,0,0,0,0,0,0,0,0.0,0.0,0,0,0,0,0,0,0,0,0,0,0,0,0,0,0,0,0,0,0,0,0,0,0,0,0,0,0,0,0,0,0,0,0,,,0,0,0,0,0,0,0,0,0,0,0,0,,,,0,0,0,0,0,0,0,,0,0,0,0,0,0,0,,0,0,0,0,0,0,0,0,0,0,0.30000000000000004,1.3,0,0,0.30000000000000004,0.0,0.30000000000000004,2025,18,,,,,0.10000000000000002,,0.0,0,0,0.30000000000000004,0.30000000000000004,0.30000000000000004,0.30000000000000004,0.30000000000000004,3,3.0,3.0,3.0,3.0,0,0.0,0.0,0.0,0.0,3,3.0,3.0,3.0,3.0,0,0.0,0.0,0.0,0.0,1,1.0,1.0,1.0,1.0,,,,,,,,,,,0.0,0.0,0.0,0.0,0.0,0,0.0,0.0,0.0,0.0,0,0.0,0.0,0.0,0.0,0.30000000000000004,0.30000000000000004,0.30000000000000004,0.30000000000000004,0.30000000000000004,,,,,,,,3.0,0.0,0.10000000000000002,0.0,0.0,,0.0,1.0,0.30000000000000004,0.0,3.3417987862685976,3.3417987862685976,,Stable,,,['Projection primarily follows recent baseline'],Samori Toure,WR,,3.3417987862685976,2.6093872,3.3417987862685976,9.0,backup,Depth chart: WR9. Higher-ranked teammate is active; recent usage is not treated as a starting role.,healthy_backup,3.3417987862685976
00-0033455,Anthony Firkser,Anthony Firkser,TE,TE,"https://static.www.nfl.com/image/upload/f_auto,q_auto/league/rpbs9wsnuhu9tgipzwuv",2026,-1,REG,2025_18_DET_CHI,DET,NYJ,0,0,0,0,0,0,0,0,0,0,0,0,,,0,,0,0,0,0,0,0,0,0,0,0,,0,0,0,0,0,2,3,2,0,0,0,-7,1,0,-1.5737963441060856,0,0,0,0,0,0.0,0.08333333333333333,-0.028,0.1054,0,0,0,0,0,0,0,0.0,0.0,0,0,0,0,0,0,0,0,0,0,0,0,0,0,0,0,0,0,0,0,0,0,0,0,0,0,0,0,0,0,0,0,0,,,0,0,0,0,0,0,0,0,0,0,0,0,,,,0,0,0,0,0,0,0,,0,0,0,0,0,0,0,,0,0,0,0,0,0,0,0,0,0,0.2,2.2,0,0,0.2,0.0,0.2,2025,18,,,,,0.06666666666666667,,0.0,0,0,0.2,0.1,1.4000000000000001,1.4000000000000001,1.3000000000000003,3,2.0,2.6666666666666665,2.6666666666666665,2.8075,0,0.0,0.0,0.0,0.0,2,1.0,14.0,14.0,13.000000000000002,0,0.0,0.0,0.0,0.0,2,1.0,2.0,2.0,2.1100000000000003,,,,,,,,,,,0.0,0.0,0.0,0.0,0.0,0,0.0,0.0,0.0,0.0,0,0.0,0.0,0.0,0.0,0.2,0.1,1.4000000000000001,1.4000000000000001,1.3000000000000003,-3.9,-2.0,0.0,,,0.0,0.0,2.8075,-2.0,0.4630454140694569,0.0,0.0,-3.9,1.9,3.0,0.6400000000000003,0.5979966555090422,2.747848898664408,4.123241206335205,62.8075,Downtrend confirmed,,,"['Limited recent opportunity', 'Role is trending downward', 'Recent production is declining']",Anthony Firkser,TE,,3.4355450524998066,2.941263,3.4355450524998066,7.0,backup,Depth chart: TE7. Higher-ranked teammate is active; recent usage is not treated as a starting role.,healthy_backup,3.3355450524998065
00-0040649,Robbie Ouzts,Robbie Ouzts,RB,RB,"https://static.www.nfl.com/image/upload/f_auto,q_auto/league/kdykjwqk5xcnrfbtp47o",2026,-1,POST,2025_20_SF_SEA,SEA,WAS,0,0,0,0,0,0,0,0,0,0,0,0,,,0,,0,0,0,0,0,0,0,0,0,0,,0,0,0,0,0,0,1,0,0,0,0,0,0,0,-0.32960740866838023,0,0,0,0,0,,0.0625,0.0,0.09375,0,0,0,0,0,0,0,0.0,0.0,0,0,0,0,0,0,0,0,0,0,0,0,0,0,0,0,0,0,0,0,0,0,0,0,0,0,0,0,0,0,0,0,0,,,0,0,0,0,0,0,0,0,0,0,0,0,,,,0,0,0,0,0,0,0,,0,0,0,0,0,0,0,,0,0,0,0,0,0,0,0,0,0,0.0,0.0,0,0,0.0,0.0,0.0,2025,20,,,,,0.0,,,0,0,0.0,0.0,0.0,0.0,0.0,1,0.5,0.3333333333333333,0.3333333333333333,0.44999999999999996,0,0.0,0.0,0.0,0.0,0,0.0,0.0,0.0,0.0,0,0.0,0.0,0.0,0.0,0,0.0,0.0,0.0,0.0,,,,,,,,,,,0.0,0.0,0.0,0.0,0.0,0,0.0,0.0,0.0,0.0,0,0.0,0.0,0.0,0.0,0.0,0.0,0.0,0.0,0.0,0.0,0.5,0.0,,,0.0,0.0,0.44999999999999996,0.5,0.0,,0.0,0.0,0.5,3.0,0.175,0.0,2.3276847006351735,2.3276847006351735,60.45,Stable,,,['Limited recent opportunity'],Robbie Ouzts,RB,,2.3276847006351735,2.027799,2.3276847006351735,,,,,3.3276847006351735
00-0040388,Jakobie Keeney-James,Jakobie Keeney-James,WR,WR,,2026,-1,REG,2025_18_GB_MIN,GB,ATL,0,0,0,0,0,0,0,0,0,0,0,0,,,0,,0,0,0,0,0,0,0,0,0,0,,0,0,0,0,0,2,2,15,0,0,0,15,0,0,-0.05045412038452923,0,0,0,0,0,1.0,0.2,0.5555555555555556,0.6888888888888889,0,0,0,0,0,0,0,0.0,0.0,0,0,0,0,0,0,0,0,0,0,0,0,0,0,0,0,0,0,0,0,0,0,0,0,0,0,0,2,47,0,0,0,0,,,0,0,0,0,0,0,0,0,0,0,0,0,,,,0,0,0,0,0,0,0,,0,0,0,0,0,0,0,,0,0,0,0,0,0,0,0,0,0,1.5,3.5,0,0,1.5,0.0,1.5,2025,18,,,,,0.75,,0.0,0,0,1.5,1.5,1.5,1.5,1.5,2,2.0,2.0,2.0,2.0,0,0.0,0.0,0.0,0.0,15,15.0,15.0,15.0,15.0,0,0.0,0.0,0.0,0.0,2,2.0,2.0,2.0,2.0,,,,,,,,,,,0.0,0.0,0.0,0.0,0.0,0,0.0,0.0,0.0,0.0,0,0.0,0.0,0.0,0.0,1.5,1.5,1.5,1.5,1.5,,,,,,,,2.0,0.0,0.75,0.0,0.0,,0.0,1.0,1.5,0.0,3.314607560109021,3.314607560109021,,Stable,,,['Limited recent opportunity'],Jakobie Keeney-James,WR,,3.314607560109021,2.8490984,3.314607560109021,9.0,backup,Depth chart: WR9. Higher-ranked teammate is active; recent usage is not treated as a starting role.,healthy_backup,3.314607560109021
00-0040568,Lan Larison,Lan Larison,RB,RB,"https://static.www.nfl.com/image/upload/f_auto,q_auto/league/dfvjypx4regh68bhrrlt",2026,1,REG,2026_01_NE_SEA,NE,JAX,0,0,0,0,0,0,0,0,0,0,0,0,,,0,,0,0,0,0,0,0,0,0,0,0,,0,0,0,0,0,2,2,9,0,0,0,-3,12,1,0.07631494232919067,0,1,0,0,0,-3.0,0.06451612903225806,-0.013574660633484163,0.08727193110494819,0,0,0,0,0,0,0,0.0,0.0,0,0,0,0,0,0,0,0,0,0,0,0,0,0,0,0,0,0,0,0,0,0,0,0,0,0,0,2,49,0,0,0,0,,,0,0,0,0,0,0,0,0,0,0,0,0,,,,0,0,0,0,0,0,0,,0,0,0,0,0,0,0,,0,0,0,0,0,0,0,0,0,0,0.9,2.9,0,0,0.9,0.0,0.9,2026,1,,,,,0.45,,0.0,0,0,0.9,0.9,0.9,0.9,0.9,2,2.0,2.0,2.0,2.0,0,0.0,0.0,0.0,0.0,9,9.0,9.0,9.0,9.0,0,0.0,0.0,0.0,0.0,2,2.0,2.0,2.0,2.0,,,,,,,,,,,0.0,0.0,0.0,0.0,0.0,0,0.0,0.0,0.0,0.0,0,0.0,0.0,0.0,0.0,0.9,0.9,0.9,0.9,0.9,,,,,,,,2.0,0.0,0.45,0.0,0.0,,0.0,1.0,0.9,0.0,3.3123683883740282,3.3123683883740282,,Stable,,,['Limited recent opportunity'],Lan Larison,RB,,3.3123683883740282,2.6566901,3.3123683883740282,4.0,backup,Depth chart: RB4. Higher-ranked teammate is active; recent usage is not treated as a starting role.,healthy_backup,3.3123683883740282
00-0035249,Josh Oliver,Josh Oliver,TE,TE,"https://static.www.nfl.com/image/upload/f_auto,q_auto/league/awdb5xedlbq0ebpptgzb",2026,1,REG,2026_01_GB_MIN,MIN,TB,0,0,0,0,0,0,0,0,0,0,0,0,,,0,,0,0,0,0,0,0,0,0,0,0,,0,0,0,0,0,2,4,22,0,0,0,13,5,1,-0.029581999115180224,0,1,0,0,0,1.6923076923076923,0.17391304347826086,0.07386363636363637,0.31257411067193674,0,0,0,0,0,0,0,0.0,0.0,0,0,0,0,0,0,0,0,0,0,0,0,0,0,0,0,0,0,0,0,0,0,0,0,0,0,0,0,0,0,0,0,0,,,0,0,0,0,0,0,0,0,0,0,0,0,,,,0,0,0,0,0,0,0,,0,0,0,0,0,0,0,,0,0,0,0,0,0,0,0,0,0,2.2,4.2,0,0,2.2,0.0,2.2,2026,1,,,,,0.55,,0.0,0,0,2.2,2.5500000000000003,1.9666666666666668,1.9500000000000002,2.1327625,4,3.0,2.6666666666666665,2.75,3.066375,0,0.0,0.0,0.0,0.0,22,25.5,19.666666666666668,19.5,21.327624999999998,0,0.0,0.0,0.0,0.0,2,2.0,1.6666666666666667,1.75,1.863875,,,,,,,,,,,0.0,0.0,0.0,0.0,0.0,0,0.0,0.0,0.0,0.0,0,0.0,0.0,0.0,0.0,2.2,2.5500000000000003,1.9666666666666668,1.9500000000000002,2.1327625,1.2000000000000002,0.5,0.0,,,0.0,0.0,3.066375,0.5,0.6955321837674779,0.0,0.0,1.2000000000000002,-0.7000000000000002,4.0,2.238824166666667,0.21721859681615155,3.2487499441713656,3.748352716848514,63.066375,Stable,,,['Projection primarily follows recent baseline'],Josh Oliver,TE,,3.49855133050994,3.4236913,3.49855133050994,2.0,backup,Depth chart: TE2. Higher-ranked teammate is active; recent usage is not treated as a starting role.,healthy_backup,3.2985513305099396
00-0036360,Clyde Edwards-Helaire,Clyde Edwards-Helaire,RB,RB,"https://static.www.nfl.com/image/upload/f_auto,q_auto/league/er6tfnyxampiwn74zrui",2026,-1,REG,2025_12_IND_KC,KC,MIA,0,0,0,0,0,0,0,0,0,0,0,0,,,0,,0,0,0,0,5,8,0,0,0,1,-1.8361774267978035,0,0,0,0,0,2,2,9,0,0,0,-4,13,0,1.5574801142211072,0,0,0,0,0,-2.25,0.046511627906976744,-0.011396011396011397,0.061790233883257134,0,0,0,0,0,0,0,0.0,0.0,0,0,0,0,0,0,0,0,0,0,0,0,0,0,0,0,0,0,0,0,0,0,0,0,0,0,0,0,0,0,0,0,0,,,0,0,0,0,0,0,0,0,0,0,0,0,,,,0,0,0,0,0,0,0,,0,0,0,0,0,0,0,,0,0,0,0,0,0,0,0,0,0,1.7000000000000002,3.7,0,0,1.7000000000000002,0.0,1.7000000000000002,2025,12,,,,,0.8500000000000001,0.34,0.0,0,0,1.7000000000000002,1.1,1.1,1.1,1.04,2,1.0,1.0,1.0,0.8999999999999999,5,3.5,3.5,3.5,3.35,9,4.5,4.5,4.5,4.05,8,6.5,6.5,6.5,6.35,2,1.0,1.0,1.0,0.8999999999999999,,,,,,,,,,,0.0,0.0,0.0,0.0,0.0,0,0.0,0.0,0.0,0.0,0,0.0,0.0,0.0,0.0,1.7000000000000002,1.1,1.1,1.1,1.04,,,,,,,,2.7425,0.0,0.37921604375569734,0.0,0.0,,0.0,2.0,1.064,0.24709512338368803,3.0035387878092177,3.5718575715917,,Stable,,,['Limited recent opportunity'],Clyde Edwards-Helaire,RB,,3.2876981797004587,3.3192117,3.2876981797004587,,,,,3.2876981797004587
00-0038728,Jared Wayne,Jared Wayne,WR,WR,"https://static.www.nfl.com/image/upload/f_auto,q_auto/league/ykhrjnmqsqyprplhy6pl",2026,1,REG,2026_01_BUF_HOU,HOU,IND,0,0,0,0,0,0,0,0,0,0,0,0,,,0,,0,0,0,0,0,0,0,0,0,0,,0,0,0,0,0,1,1,12,0,0,0,12,0,1,0.7344047607621178,0,1,0,0,0,1.0,0.02702702702702703,0.037267080745341616,0.06662749706227968,0,0,0,0,0,0,0,0.0,0.0,0,0,0,0,0,0,0,0,0,0,0,0,0,0,0,0,0,0,0,0,0,0,0,0,0,0,0,0,0,0,0,0,0,,,0,0,0,0,0,0,0,0,0,0,0,0,,,,0,0,0,0,0,0,0,,0,0,0,0,0,0,0,,0,0,0,0,0,0,0,0,0,0,1.2000000000000002,2.2,0,0,1.2000000000000002,0.0,1.2000000000000002,2026,1,,,,,1.2000000000000002,,0.0,0,0,1.2000000000000002,1.6,1.6,1.6,1.6400000000000001,1,1.5,1.5,1.5,1.55,0,0.0,0.0,0.0,0.0,12,16.0,16.0,16.0,16.4,0,0.0,0.0,0.0,0.0,1,1.5,1.5,1.5,1.55,,,,,,,,,,,0.0,0.0,0.0,0.0,0.0,0,0.0,0.0,0.0,0.0,0,0.0,0.0,0.0,0.0,1.2000000000000002,1.6,1.6,1.6,1.6400000000000001,,,,,,,,1.55,0.0,1.0580645161290323,0.0,0.0,,0.0,2.0,1.624,0.16473008225579197,3.0836358990414703,3.4625150882297917,,Stable,,,['Limited recent opportunity'],Jared Wayne,WR,,3.273075493635631,2.5275874,3.273075493635631,5.0,backup,Depth chart: WR5. Higher-ranked teammate is active; recent usage is not treated as a starting role.,healthy_backup,3.273075493635631
00-0040317,Jacoby Jones,Jacoby Jones,WR,WR,"https://static.www.nfl.com/image/upload/f_auto,q_auto/league/bc74vque05mi8tg5xzxu",2026,-1,REG,2025_11_WAS_MIA,WAS,SEA,0,0,0,0,0,0,0,0,0,0,0,0,,,0,,0,0,0,0,0,0,0,0,0,0,,0,0,0,0,0,1,1,25,0,0,0,3,22,1,1.5626438096514903,0,1,1,1,0,8.333333333333334,0.034482758620689655,0.013574660633484163,0.0612264003744734,0,0,0,0,0,0,0,0.0,0.0,0,0,0,0,0,0,0,0,0,0,0,0,0,0,0,0,0,0,0,0,0,0,0,0,0,0,0,0,0,0,0,0,0,,,0,0,0,0,0,0,0,0,0,0,0,0,,,,0,0,0,0,0,0,0,,0,0,0,0,0,0,0,,0,0,0,0,0,0,0,0,0,0,2.5,3.5,0,0,2.5,0.0,2.5,2025,11,,,,,2.5,,0.0,0,0,2.5,2.5,2.5,2.5,2.5,1,1.0,1.0,1.0,1.0,0,0.0,0.0,0.0,0.0,25,25.0,25.0,25.0,25.0,0,0.0,0.0,0.0,0.0,1,1.0,1.0,1.0,1.0,,,,,,,,,,,0.0,0.0,0.0,0.0,0.0,0,0.0,0.0,0.0,0.0,0,0.0,0.0,0.0,0.0,2.5,2.5,2.5,2.5,2.5,,,,,,,,1.0,0.0,2.5,0.0,0.0,,0.0,1.0,2.5,0.0,3.2218324874981716,3.2218324874981716,,Stable,,,['Limited recent opportunity'],Jacoby Jones,WR,,3.2218324874981716,2.4176693,3.2218324874981716,8.0,backup,Depth chart: WR8. Higher-ranked teammate is active; recent usage is not treated as a starting role.,healthy_backup,3.2218324874981716
00-0034487,Trent Sherfield,Trent Sherfield,WR,WR,"https://static.www.nfl.com/image/upload/f_auto,q_auto/league/iiig88xbj5zeau59ifvv",2026,-1,REG,2025_14_LA_ARI,ARI,SF,0,0,0,0,0,0,0,0,0,0,0,0,,,0,,0,0,0,0,0,0,0,0,0,0,,0,0,0,0,0,0,1,0,0,0,0,6,0,0,-0.4727055125986226,0,0,0,0,0,0.0,0.022727272727272728,0.017045454545454544,0.04602272727272727,0,1,0,1,0,0,0,0.0,0.0,0,0,0,0,0,0,0,0,0,0,0,0,0,0,0,0,0,0,0,0,0,0,0,0,0,0,0,0,0,0,0,0,0,,,0,0,0,0,0,0,0,0,0,0,0,0,,,,0,0,0,0,0,0,0,,0,0,0,0,0,0,0,,0,0,0,0,0,0,0,0,0,0,0.0,0.0,0,0,0.0,0.0,0.0,2025,14,,,,,0.0,,,0,0,0.0,0.75,0.6,0.6,0.462,1,1.5,1.3333333333333333,1.3333333333333333,1.2475,0,0.0,0.0,0.0,0.0,0,7.5,6.0,6.0,4.619999999999999,0,0.0,0.0,0.0,0.0,0,0.5,0.6666666666666666,0.6666666666666666,0.55,,,,,,,,,,,0.0,0.0,0.0,0.0,0.0,0,0.0,0.0,0.0,0.0,0,0.0,0.0,0.0,0.0,0.0,0.75,0.6,0.6,0.462,0.44999999999999996,0.5,0.0,,,0.0,0.0,1.2475,0.5,0.37034068136272547,0.0,0.0,0.44999999999999996,0.050000000000000044,3.0,0.6921999999999999,0.257835296264883,2.34799079735497,2.941011978764201,61.2475,Stable,,,['Limited recent opportunity'],Trent Sherfield,WR,,2.6445013880595853,1.9490737,2.6445013880595853,6.0,backup,Depth chart: WR6. Higher-ranked teammate is active; recent usage is not treated as a starting role.,healthy_backup,3.194501388059585
00-0036849,Tutu Atwell,Tutu Atwell,WR,WR,"https://static.www.nfl.com/image/upload/f_auto,q_auto/league/tl2aa9ucbtcwhr1yk3tf",2026,-1,REG,2025_18_ARI_LA,LAR,DEN,0,0,0,0,0,0,0,0,0,0,0,0,,,0,,0,0,0,0,0,0,0,0,0,0,,0,0,0,0,0,1,3,19,0,0,0,55,6,1,-0.7299377867602743,0,1,1,0,0,0.34545454545454546,0.08108108108108109,0.1532033426183844,0.2288639614544907,0,0,0,0,0,0,0,0.0,0.0,0,0,0,0,0,0,0,0,0,0,0,0,0,0,0,0,0,0,0,0,0,0,0,0,0,0,0,0,0,0,0,0,0,,,0,0,0,0,0,0,0,0,0,0,0,0,,,,0,0,0,0,0,0,0,,0,0,0,0,0,0,0,,0,0,0,0,0,0,0,0,0,0,1.9000000000000001,2.9000000000000004,0,0,1.9000000000000001,0.0,1.9000000000000001,2025,18,,,,,0.6333333333333334,,0.0,0,0,1.9000000000000001,0.9500000000000001,0.9333333333333335,0.9333333333333335,1.12725,3,2.0,2.0,2.0,2.2025,0,0.0,0.0,0.0,0.0,19,9.5,9.333333333333334,9.333333333333334,11.272499999999999,0,0.0,0.0,0.0,0.0,1,0.5,0.6666666666666666,0.6666666666666666,0.7525,,,,,,,,,,,0.0,0.0,0.0,0.0,0.0,0,0.0,0.0,0.0,0.0,0,0.0,0.0,0.0,0.0,1.9000000000000001,0.9500000000000001,0.9333333333333335,0.9333333333333335,1.12725,0.050000000000000044,0.0,0.0,,,0.0,0.0,2.2025,0.0,0.5118047673098751,0.0,0.0,0.050000000000000044,-0.050000000000000044,3.0,1.0496833333333335,0.37286522587480136,2.8014100305480247,3.6590000500600675,62.2025,Stable,,,['Limited recent opportunity'],Tutu Atwell,WR,,3.230205040304046,2.6387389,3.230205040304046,6.0,backup,Depth chart: WR6. Higher-ranked teammate is active; recent usage is not treated as a starting role.,healthy_backup,3.1802050403040463
00-0037015,Sal Cannella,Sal Cannella,TE,TE,,2026,-1,REG,2025_18_CLE_CIN,CLE,CAR,0,0,0,0,0,0,0,0,0,0,0,0,,,0,,0,0,0,0,0,0,0,0,0,0,,0,0,0,0,0,0,1,0,0,0,0,37,0,0,-0.575386953772977,0,0,0,0,0,0.0,0.047619047619047616,0.18877551020408162,0.20357142857142854,0,0,0,0,0,0,0,0.0,0.0,0,0,0,0,0,0,0,0,0,0,0,0,0,0,0,0,0,0,0,0,0,0,0,0,0,0,0,0,0,0,0,0,0,,,0,0,0,0,0,0,0,0,0,0,0,0,,,,0,0,0,0,0,0,0,,0,0,0,0,0,0,0,,0,0,0,0,0,0,0,0,0,0,0.0,0.0,0,0,0.0,0.0,0.0,2025,18,,,,,0.0,,,0,0,0.0,0.55,0.55,0.55,0.6050000000000001,1,2.5,2.5,2.5,2.6500000000000004,0,0.0,0.0,0.0,0.0,0,5.5,5.5,5.5,6.050000000000001,0,0.0,0.0,0.0,0.0,0,1.0,1.0,1.0,1.1,,,,,,,,,,,0.0,0.0,0.0,0.0,0.0,0,0.0,0.0,0.0,0.0,0,0.0,0.0,0.0,0.0,0.0,0.55,0.55,0.55,0.6050000000000001,,,,,,,,2.6500000000000004,0.0,0.22830188679245284,0.0,0.0,,0.0,2.0,0.5830000000000001,0.22650386310171405,2.917169543113554,3.4381284282474964,,Stable,,,['Limited recent opportunity'],Sal Cannella,TE,,3.1776489856805252,2.2735693,3.1776489856805252,7.0,backup,Depth chart: TE7. Higher-ranked teammate is active; recent usage is not treated as a starting role.,healthy_backup,3.1776489856805252
00-0033376,Patrick Ricard,Patrick Ricard,RB,RB,"https://static.www.nfl.com/image/upload/f_auto,q_auto/league/nm7ezh46zd5bdxaxz6a9",2026,1,REG,2026_01_DAL_NYG,NYG,TEN,0,0,0,0,0,0,0,0,0,0,0,0,,,0,,0,0,0,0,0,0,0,0,0,0,,0,0,0,0,0,0,1,0,0,0,0,-4,0,0,-0.4955208564642817,0,0,0,0,0,-0.0,0.034482758620689655,-0.0163265306122449,0.040295566502463055,0,0,0,0,0,0,0,0.0,0.0,0,0,0,0,0,0,0,0,0,0,0,0,0,1,0,0,0,0,0,0,0,0,0,0,0,0,0,0,0,0,0,0,0,,,0,0,0,0,0,0,0,0,0,0,0,0,,,,0,0,0,0,0,0,0,,0,0,0,0,0,0,0,,0,0,0,0,0,0,0,0,0,0,0.0,0.0,0,0,0.0,0.0,0.0,2026,1,,,,,0.0,,,0,0,0.0,0.4,0.26666666666666666,0.2,0.198,1,1.0,0.6666666666666666,0.75,0.863875,0,0.0,0.0,0.0,0.0,0,4.0,2.6666666666666665,2.0,1.98,0,0.0,0.0,0.0,0.0,0,0.5,0.3333333333333333,0.25,0.2475,,,,,,,,,,,0.0,0.0,0.0,0.0,0.0,0,0.0,0.0,0.0,0.0,0,0.0,0.0,0.0,0.0,0.0,0.4,0.26666666666666666,0.2,0.198,0.4,0.5,0.0,,,0.0,0.0,0.863875,0.5,0.22919982636376793,0.0,0.0,0.4,0.09999999999999998,4.0,0.39046666666666663,0.12931518773051284,2.4240320075151023,2.721456939295282,60.863875,Stable,,,['Limited recent opportunity'],Patrick Ricard,RB,,2.572744473405192,1.8820863,2.572744473405192,,,,,3.172744473405192
00-0032951,Laquon Treadwell,Laquon Treadwell,WR,WR,"https://static.www.nfl.com/image/upload/f_auto,q_auto/league/xspi3oy2wlnszorzn6vk",2026,1,REG,2026_01_BAL_IND,IND,HOU,0,0,0,0,0,0,0,0,0,0,0,0,,,0,,0,0,0,0,0,0,0,0,0,0,,0,0,0,0,0,0,1,0,0,0,0,4,0,0,-4.811633464996703,0,0,0,0,0,0.0,0.034482758620689655,0.01990049751243781,0.06565448618974094,0,0,0,0,0,0,0,0.0,0.0,0,0,0,0,0,0,0,0,0,0,0,0,0,0,0,0,0,0,1,10,0,0,0,0,0,0,0,0,0,0,0,0,0,,,0,0,0,0,0,0,0,0,0,0,0,0,,,,0,0,0,0,0,0,0,,0,0,0,0,0,0,0,,0,0,0,0,0,0,0,0,0,0,0.0,0.0,0,0,0.0,0.0,0.0,2026,1,,,,,0.0,,,0,0,0.0,0.0,0.0,0.0,0.0,1,0.5,0.3333333333333333,0.25,0.44999999999999996,0,0.0,0.0,0.0,0.0,0,0.0,0.0,0.0,0.0,0,0.0,0.0,0.0,0.0,0,0.0,0.0,0.0,0.0,,,,,,,,,,,0.0,0.0,0.0,0.0,0.0,0,0.0,0.0,0.0,0.0,0,0.0,0.0,0.0,0.0,0.0,0.0,0.0,0.0,0.0,0.0,0.5,0.0,,,0.0,0.0,0.44999999999999996,0.5,0.0,,0.0,0.0,0.5,4.0,0.175,0.0,2.1285993277020836,2.1285993277020836,60.45,Stable,,,['Limited recent opportunity'],Laquon Treadwell,WR,,2.1285993277020836,1.1442081,2.1285993277020836,5.0,backup,Depth chart: WR5. Higher-ranked teammate is active; recent usage is not treated as a starting role.,healthy_backup,3.1285993277020836
00-0034981,Foster Moreau,Foster Moreau,TE,TE,"https://static.www.nfl.com/image/upload/f_auto,q_auto/league/daymhftrwf00siu0iviy",2026,1,REG,2026_01_BUF_HOU,HOU,IND,0,0,0,0,0,0,0,0,0,0,0,0,,,0,,0,0,0,0,0,0,0,0,0,0,,0,0,0,0,0,2,2,15,0,0,0,7,8,0,0.9311479113530368,0,0,0,0,0,2.142857142857143,0.05405405405405406,0.021739130434782608,0.09629847238542891,0,0,0,0,0,0,0,0.0,0.0,0,0,0,0,0,0,0,0,0,0,0,0,0,0,0,0,0,0,0,0,0,0,0,0,0,0,0,0,0,0,0,0,0,,,0,0,0,0,0,0,0,0,0,0,0,0,,,,0,0,0,0,0,0,0,,0,0,0,0,0,0,0,,0,0,0,0,0,0,0,0,0,0,1.5,3.5,0,0,1.5,0.0,1.5,2026,1,,,,,0.75,,0.0,0,0,1.5,1.0,1.2000000000000002,1.225,1.2328375,2,1.5,1.3333333333333333,1.5,1.6163750000000001,0,0.0,0.0,0.0,0.0,15,10.0,12.0,12.25,12.328375,0,0.0,0.0,0.0,0.0,2,1.5,1.3333333333333333,1.5,1.6163750000000001,,,,,,,,,,,0.0,0.0,0.0,0.0,0.0,0,0.0,0.0,0.0,0.0,0,0.0,0.0,0.0,0.0,1.5,1.0,1.2000000000000002,1.225,1.2328375,-0.4500000000000002,0.0,0.0,,,0.0,0.0,1.6163750000000001,0.0,0.7627175005800015,0.0,0.0,-0.4500000000000002,0.4500000000000002,4.0,1.2234525,0.15919847117670446,2.492427996290904,2.858584479997324,61.616375,Stable,,,['Limited recent opportunity'],Foster Moreau,TE,,2.675506238144114,2.1827087,2.675506238144114,2.0,backup,Depth chart: TE2. Higher-ranked teammate is active; recent usage is not treated as a starting role.,healthy_backup,3.1255062381441143
00-0038720,Julian Hill,Julian Hill,TE,TE,"https://static.www.nfl.com/image/upload/f_auto,q_auto/league/idjirwpxilfybc74zhwr",2026,-1,REG,2025_18_MIA_NE,MIA,KC,0,0,0,0,0,0,0,0,0,0,0,0,,,0,,0,0,0,0,0,0,0,0,0,0,,0,0,0,0,0,1,1,8,0,0,0,1,7,0,0.5724267293117009,0,0,0,0,0,8.0,0.041666666666666664,0.00625,0.066875,0,0,0,0,0,0,0,0.0,0.0,0,0,0,0,0,0,0,0,0,0,0,0,0,1,0,0,0,0,0,0,0,0,0,0,0,0,0,0,0,0,0,0,0,,,0,0,0,0,0,0,0,0,0,0,0,0,,,,0,0,0,0,0,0,0,,0,0,0,0,0,0,0,,0,0,0,0,0,0,0,0,0,0,0.8,1.8,0,0,0.8,0.0,0.8,2025,18,,,,,0.8,,0.0,0,0,0.8,1.2000000000000002,1.6333333333333335,1.6333333333333335,1.5122499999999999,1,1.5,1.6666666666666667,1.6666666666666667,1.55,0,0.0,0.0,0.0,0.0,8,12.0,16.333333333333332,16.333333333333332,15.122500000000002,0,0.0,0.0,0.0,0.0,1,1.0,1.3333333333333333,1.3333333333333333,1.3025000000000002,,,,,,,,,,,0.0,0.0,0.0,0.0,0.0,0,0.0,0.0,0.0,0.0,0,0.0,0.0,0.0,0.0,0.8,1.2000000000000002,1.6333333333333335,1.6333333333333335,1.5122499999999999,-1.2999999999999998,-0.5,0.0,,,0.0,0.0,1.55,-0.5,0.9756451612903224,0.0,0.0,-1.2999999999999998,0.7999999999999998,3.0,1.3856833333333334,0.31991041975319695,2.4486330913995196,3.1844270568318724,61.55,Stable,,,['Limited recent opportunity'],Julian Hill,TE,,2.816530074115696,2.5449173,2.816530074115696,5.0,backup,Depth chart: TE5. Higher-ranked teammate is active; recent usage is not treated as a starting role.,healthy_backup,3.116530074115696
00-0040172,Jordan Watkins,Jordan Watkins,WR,WR,"https://static.www.nfl.com/image/upload/f_auto,q_auto/league/agcwewjrj4dfssqkzksp",2026,-1,REG,2025_09_SF_NYG,SF,ARI,0,0,0,0,0,0,0,0,0,0,0,0,,,0,,0,0,0,0,0,0,0,0,0,0,,0,0,0,0,0,1,1,19,0,0,0,19,0,1,2.261224455316551,0,1,1,0,0,1.0,0.043478260869565216,0.11875,0.14834239130434781,0,0,0,0,0,0,0,0.0,0.0,0,0,0,0,0,0,0,0,0,0,0,0,0,0,0,0,0,0,0,0,0,0,0,0,0,0,0,0,0,0,0,0,0,,,0,0,0,0,0,0,0,0,0,0,0,0,,,,0,0,0,0,0,0,0,,0,0,0,0,0,0,0,,0,0,0,0,0,0,0,0,0,0,1.9000000000000001,2.9000000000000004,0,0,1.9000000000000001,0.0,1.9000000000000001,2025,9,,,,,1.9000000000000001,,0.0,0,0,1.9000000000000001,1.3,1.3,1.3,1.24,1,1.5,1.5,1.5,1.55,0,0.0,0.0,0.0,0.0,19,13.0,13.0,13.0,12.399999999999999,0,0.0,0.0,0.0,0.0,1,1.0,1.0,1.0,1.0,,,,,,,,,,,0.0,0.0,0.0,0.0,0.0,0,0.0,0.0,0.0,0.0,0,0.0,0.0,0.0,0.0,1.9000000000000001,1.3,1.3,1.3,1.24,,,,,,,,1.55,0.0,0.7999999999999999,0.0,0.0,,0.0,2.0,1.264,0.24709512338368803,2.8294569348368848,3.397775718619367,,Stable,,,['Limited recent opportunity'],Jordan Watkins,WR,,3.113616326728126,2.300886,3.113616326728126,5.0,backup,Depth chart: WR5. Higher-ranked teammate is active; recent usage is not treated as a starting role.,healthy_backup,3.113616326728126
00-0033589,David Moore,David Moore,WR,WR,"https://static.www.nfl.com/image/upload/f_auto,q_auto/league/iyawzolvibsds35fwapv",2026,-1,REG,2025_04_CAR_NE,CAR,CLE,0,0,0,0,0,0,0,0,0,0,0,0,,,0,,0,0,0,0,1,12,0,0,0,1,1.0353833953849971,0,1,1,0,0,0,0,0,0,0,0,0,0,0,,0,0,0,0,0,,0.0,0.0,0.0,0,0,0,0,0,0,0,0.0,0.0,0,0,0,0,0,0,0,0,0,0,0,0,0,0,0,0,0,0,0,0,0,0,0,0,0,0,0,0,0,0,0,0,0,,,0,0,0,0,0,0,0,0,0,0,0,0,,,,0,0,0,0,0,0,0,,0,0,0,0,0,0,0,,0,0,0,0,0,0,0,0,0,0,1.2000000000000002,1.2000000000000002,0,0,1.2000000000000002,0.0,1.2000000000000002,2025,4,,,,,,1.2000000000000002,0.0,0,0,1.2000000000000002,0.8500000000000001,0.5666666666666668,0.5666666666666668,0.6637500000000001,0,0.5,0.3333333333333333,0.3333333333333333,0.2475,1,0.5,0.3333333333333333,0.3333333333333333,0.44999999999999996,0,2.5,1.6666666666666667,1.6666666666666667,1.2375,12,6.0,4.0,4.0,5.3999999999999995,0,0.5,0.3333333333333333,0.3333333333333333,0.2475,,,,,,,,,,,0.0,0.0,0.0,0.0,0.0,0,0.0,0.0,0.0,0.0,0,0.0,0.0,0.0,0.0,1.2000000000000002,0.8500000000000001,0.5666666666666668,0.5666666666666668,0.6637500000000001,0.8500000000000001,0.5,0.5,,,0.0,0.0,0.495,0.775,1.340909090909091,0.0,0.0,0.8500000000000001,-0.07500000000000007,3.0,0.8961666666666667,0.2388624080930275,2.1326884602423597,2.6820719988563226,60.495,Stable,,,['Limited recent opportunity'],David Moore,WR,,2.407380229549341,1.2111015,2.407380229549341,5.0,backup,Depth chart: WR5. Higher-ranked teammate is active; recent usage is not treated as a starting role.,healthy_backup,3.107380229549341
00-0035891,Cody White,Cody White,WR,WR,"https://static.www.nfl.com/image/upload/f_auto,q_auto/league/qaxlehtrp722qleo48sc",2026,1,REG,2026_01_MIA_LV,LV,NO,0,0,0,0,0,0,0,0,0,0,0,0,,,0,,0,0,0,0,0,0,0,0,0,0,,0,0,0,0,0,0,1,0,0,0,0,3,0,0,-0.750253529055044,0,0,0,0,0,0.0,0.034482758620689655,0.01327433628318584,0.06101617332926457,0,1,0,2,0,0,0,0.0,0.0,0,0,0,0,0,0,0,0,0,0,0,0,0,0,0,0,0,0,0,0,0,0,0,0,0,0,0,0,0,0,0,0,0,,,0,0,0,0,0,0,0,0,0,0,0,0,,,,0,0,0,0,0,0,0,,0,0,0,0,0,0,0,,0,0,0,0,0,0,0,0,0,0,0.0,0.0,0,0,0.0,0.0,0.0,2026,1,,,,,0.0,,,0,0,0.0,0.0,0.3,0.75,0.47190000000000015,1,0.5,0.6666666666666666,0.75,0.7525,0,0.0,0.0,0.0,0.0,0,0.0,3.0,7.5,4.719000000000001,0,0.0,0.0,0.0,0.0,0,0.0,0.3333333333333333,0.5,0.30250000000000005,,,,,,,,,,,0.0,0.0,0.0,0.0,0.0,0,0.0,0.0,0.0,0.0,0,0.0,0.0,0.0,0.0,0.0,0.0,0.3,0.75,0.47190000000000015,-1.5,-0.5,0.0,,,0.0,0.0,0.7525,-0.5,0.6271096345514953,0.0,0.0,-1.5,1.0,4.0,0.29564000000000007,0.28703786788505803,2.267478689592737,2.92766578572837,60.7525,Stable,,,['Limited recent opportunity'],Cody White,WR,,2.5975722376605535,1.3378562,2.5975722376605535,6.0,backup,Depth chart: WR6. Higher-ranked teammate is active; recent usage is not treated as a starting role.,healthy_backup,3.0975722376605535
00-0031687,Raheem Mostert,Raheem Mostert,RB,RB,"https://static.www.nfl.com/image/upload/f_auto,q_auto/league/fas5rkweusx2hl7abtzh",2026,-1,REG,2025_16_LV_HOU,LV,NO,0,0,0,0,0,0,0,0,0,0,0,0,,,0,,0,0,0,0,1,6,0,0,0,0,0.18159297527745366,0,0,0,0,0,1,1,3,0,0,0,-1,4,0,-0.4594446890405379,0,0,0,0,0,-3.0,0.045454545454545456,-0.005263157894736842,0.06449760765550239,0,0,0,0,0,0,0,0.0,0.0,0,0,0,0,0,0,0,0,0,0,0,0,0,0,0,0,0,0,0,0,0,0,0,0,0,0,0,2,53,0,0,0,0,,,0,0,0,0,0,0,0,0,0,0,0,0,,,,0,0,0,0,0,0,0,,0,0,0,0,0,0,0,,0,0,0,0,0,0,0,0,0,0,0.9,1.9,0,0,0.9000000000000001,0.0,0.9000000000000001,2025,16,,,,,0.9000000000000001,0.9000000000000001,0.0,0,0,0.9000000000000001,0.55,0.4333333333333334,0.4333333333333334,0.515,1,1.0,1.0,1.0,1.0,1,0.5,0.3333333333333333,0.3333333333333333,0.44999999999999996,3,2.5,2.3333333333333335,2.3333333333333335,2.45,6,3.0,2.0,2.0,2.6999999999999997,1,1.0,1.0,1.0,1.0,,,,,,,,,,,0.0,0.0,0.0,0.0,0.0,0,0.0,0.0,0.0,0.0,0,0.0,0.0,0.0,0.0,0.9000000000000001,0.55,0.4333333333333334,0.4333333333333334,0.515,0.35000000000000003,0.0,0.5,,,0.0,0.0,1.2475,0.275,0.4128256513026052,0.0,0.0,0.35000000000000003,-0.07500000000000001,3.0,0.5785833333333333,0.1729816945999393,2.6650199080254,3.06287780560526,61.2475,Stable,,,['Limited recent opportunity'],Raheem Mostert,RB,,2.86394885681533,2.1680284,2.86394885681533,,,,,3.0639488568153297
00-0036182,Nick Westbrook-Ikhine,Nick Westbrook-Ikhine,WR,WR,"https://static.www.nfl.com/image/upload/f_auto,q_auto/league/cyczwxlgfksrmurbb1ez",2026,-1,REG,2025_18_MIA_NE,MIA,KC,0,0,0,0,0,0,0,0,0,0,0,0,,,0,,0,0,0,0,0,0,0,0,0,0,,0,0,0,0,0,0,0,0,0,0,0,0,0,0,,0,0,0,0,0,,0.0,0.0,0.0,0,0,0,0,0,0,0,0.0,0.0,0,0,0,0,0,0,0,0,0,0,0,0,0,0,0,0,0,0,1,4,0,0,0,0,0,0,0,0,0,0,0,0,0,,,0,0,0,0,0,0,0,0,0,0,0,0,,,,0,0,0,0,0,0,0,,0,0,0,0,0,0,0,,0,0,0,0,0,0,0,0,0,0,0.0,0.0,0,0,0.0,0.0,0.0,2025,18,,,,,,,,0,0,0.0,0.0,0.0,0.0,0.0,0,0.5,0.3333333333333333,0.3333333333333333,0.2475,0,0.0,0.0,0.0,0.0,0,0.0,0.0,0.0,0.0,0,0.0,0.0,0.0,0.0,0,0.0,0.0,0.0,0.0,,,,,,,,,,,0.0,0.0,0.0,0.0,0.0,0,0.0,0.0,0.0,0.0,0,0.0,0.0,0.0,0.0,0.0,0.0,0.0,0.0,0.0,0.0,0.5,0.0,,,0.0,0.0,0.2475,0.5,0.0,,0.0,0.0,0.5,3.0,0.175,0.0,2.046505494181105,2.046505494181105,60.2475,Stable,,,['Limited recent opportunity'],Nick Westbrook-Ikhine,WR,,2.046505494181105,1.1271943,2.046505494181105,5.0,backup,Depth chart: WR5. Higher-ranked teammate is active; recent usage is not treated as a starting role.,healthy_backup,3.046505494181105
00-0035311,Myles Gaskin,Myles Gaskin,RB,RB,"https://static.www.nfl.com/image/upload/f_auto,q_auto/league/dn5kacxm99pb95u8dle1",2026,-1,REG,2025_13_MIN_SEA,SEA,WAS,0,0,0,0,0,0,0,0,0,0,0,0,,,0,,0,0,0,0,3,6,0,0,0,0,-1.5420904575730674,0,0,0,0,0,0,0,0,0,0,0,0,0,0,,0,0,0,0,0,,0.0,0.0,0.0,0,0,0,0,0,0,0,0.0,0.0,0,0,0,0,0,0,0,0,0,0,0,0,0,0,0,0,0,0,0,0,0,0,0,0,0,0,0,0,0,0,0,0,0,,,0,0,0,0,0,0,0,0,0,0,0,0,,,,0,0,0,0,0,0,0,,0,0,0,0,0,0,0,,0,0,0,0,0,0,0,0,0,0,0.6000000000000001,0.6000000000000001,0,0,0.6000000000000001,0.0,0.6000000000000001,2025,13,,,,,,0.20000000000000004,0.0,0,0,0.6000000000000001,0.6000000000000001,0.6000000000000001,0.6000000000000001,0.6000000000000001,0,0.0,0.0,0.0,0.0,3,3.0,3.0,3.0,3.0,0,0.0,0.0,0.0,0.0,6,6.0,6.0,6.0,6.0,0,0.0,0.0,0.0,0.0,,,,,,,,,,,0.0,0.0,0.0,0.0,0.0,0,0.0,0.0,0.0,0.0,0,0.0,0.0,0.0,0.0,0.6000000000000001,0.6000000000000001,0.6000000000000001,0.6000000000000001,0.6000000000000001,,,,,,,,1.6500000000000001,0.0,0.36363636363636365,0.0,0.0,,0.0,1.0,0.6000000000000001,0.0,3.0205808387429984,3.0205808387429984,,Stable,,,['Limited recent opportunity'],Myles Gaskin,RB,,3.0205808387429984,3.1168883,3.0205808387429984,,,,,3.0205808387429984
00-0038496,Xavier Gipson,Xavier Gipson,WR,WR,"https://static.www.nfl.com/image/upload/f_auto,q_auto/league/o81mvslx374ouca313mw",2026,-1,REG,2025_12_PHI_DAL,PHI,CHI,0,0,0,0,0,0,0,0,0,0,0,0,,,0,,0,0,0,0,0,0,0,0,0,0,,0,0,0,0,0,1,1,3,0,0,0,-4,7,0,-0.31129264389164746,0,0,0,0,0,0.0,0.027777777777777776,-0.013651877133105802,0.032110352673492604,0,0,0,0,0,0,0,0.0,0.0,0,0,0,0,0,1,0,0,0,0,0,0,0,0,0,0,0,0,0,0,1,0,0,1,1,2,19,0,0,0,0,0,0,,,0,0,0,0,0,0,0,0,0,0,0,0,,,,0,0,0,0,0,0,0,,0,0,0,0,0,0,0,,0,0,0,0,0,0,0,0,0,0,0.30000000000000004,1.3,0,0,0.30000000000000004,0.0,0.30000000000000004,2025,12,,,,,0.30000000000000004,,0.0,0,0,0.30000000000000004,0.15000000000000002,0.10000000000000002,0.10000000000000002,0.135,1,0.5,0.3333333333333333,0.3333333333333333,0.44999999999999996,0,0.0,0.0,0.0,0.0,3,1.5,1.0,1.0,1.3499999999999999,0,0.0,0.0,0.0,0.0,1,0.5,0.3333333333333333,0.3333333333333333,0.44999999999999996,,,,,,,,,,,0.0,0.0,0.0,0.0,0.0,0,0.0,0.0,0.0,0.0,0,0.0,0.0,0.0,0.0,0.30000000000000004,0.15000000000000002,0.10000000000000002,0.10000000000000002,0.135,0.15000000000000002,0.5,0.0,,,0.0,0.0,0.44999999999999996,0.5,0.30000000000000004,0.0,0.0,0.15000000000000002,0.35,3.0,0.296,0.07413501197140257,2.080772506106409,2.251283033640635,60.45,Stable,,,['Limited recent opportunity'],Xavier Gipson,WR,,2.166027769873522,1.1045254,2.166027769873522,6.0,backup,Depth chart: WR6. Higher-ranked teammate is active; recent usage is not treated as a starting role.,healthy_backup,3.016027769873522
00-0039816,Anthony Gould,Anthony Gould,WR,WR,"https://static.www.nfl.com/image/upload/f_auto,q_auto/league/irctulz9pij3tzpokih0",2026,-1,REG,2025_14_IND_JAX,IND,HOU,0,0,0,0,0,0,0,0,0,0,0,0,,,0,,0,0,0,0,0,0,0,0,0,0,,0,0,0,0,0,1,1,3,0,0,0,-5,8,0,-0.3505906834616326,0,0,0,0,0,0.0,0.027777777777777776,-0.021551724137931036,0.026580459770114938,0,0,0,0,0,0,0,0.0,0.0,0,0,0,0,0,0,0,0,0,0,0,0,0,0,0,0,0,0,0,0,0,0,0,0,0,1,0,2,51,0,0,0,0,,,0,0,0,0,0,0,0,0,0,0,0,0,,,,0,0,0,0,0,0,0,,0,0,0,0,0,0,0,,0,0,0,0,0,0,0,0,0,0,0.30000000000000004,1.3,0,0,0.30000000000000004,0.0,0.30000000000000004,2025,14,,,,,0.30000000000000004,,0.0,0,0,0.30000000000000004,0.15000000000000002,0.10000000000000002,0.10000000000000002,0.135,1,0.5,0.3333333333333333,0.3333333333333333,0.44999999999999996,0,0.0,0.0,0.0,0.0,3,1.5,1.0,1.0,1.3499999999999999,0,0.0,0.0,0.0,0.0,1,0.5,0.3333333333333333,0.3333333333333333,0.44999999999999996,,,,,,,,,,,0.0,0.0,0.0,0.0,0.0,0,0.0,0.0,0.0,0.0,0,0.0,0.0,0.0,0.0,0.30000000000000004,0.15000000000000002,0.10000000000000002,0.10000000000000002,0.135,0.15000000000000002,0.5,0.0,,,0.0,0.0,0.44999999999999996,0.5,0.30000000000000004,0.0,0.0,0.15000000000000002,0.35,3.0,0.296,0.07413501197140257,2.080772506106409,2.251283033640635,60.45,Stable,,,['Limited recent opportunity'],Anthony Gould,WR,,2.166027769873522,1.1045254,2.166027769873522,6.0,backup,Depth chart: WR6. Higher-ranked teammate is active; recent usage is not treated as a starting role.,healthy_backup,3.016027769873522
00-0038685,Chris Brooks,Chris Brooks,RB,RB,"https://static.www.nfl.com/image/upload/f_auto,q_auto/league/ityat7ltppdxe9t0imjd",2026,1,REG,2026_01_GB_MIN,GB,ATL,0,0,0,0,0,0,0,0,0,0,0,0,,,0,,0,0,0,0,7,29,0,0,0,1,-0.8169768663647119,0,1,1,0,0,0,1,0,0,0,0,-6,0,0,-0.9074729676358402,0,0,0,0,0,-0.0,0.025,-0.01279317697228145,0.028544776119402992,0,0,0,0,0,0,0,0.0,0.0,0,0,0,0,0,0,0,0,0,0,0,0,0,0,0,0,0,0,0,0,0,0,0,0,0,0,0,0,0,0,0,0,0,,,0,0,0,0,0,0,0,0,0,0,0,0,,,,0,0,0,0,0,0,0,,0,0,0,0,0,0,0,,0,0,0,0,0,0,0,0,0,0,2.9000000000000004,2.9000000000000004,0,0,2.9000000000000004,0.0,2.9000000000000004,2026,1,,,,,2.9000000000000004,0.4142857142857143,0.0,0,0,2.9000000000000004,2.8,3.9000000000000004,3.2,2.986625,1,1.0,0.6666666666666666,1.0,1.03025,7,4.0,7.0,5.25,5.167125,0,5.5,3.6666666666666665,5.5,4.552625,29,22.5,35.333333333333336,26.5,25.313625000000002,0,0.5,0.3333333333333333,0.5,0.413875,,,,,,,,,,,0.0,0.0,0.0,0.0,0.0,0,0.0,0.0,0.0,0.0,0,0.0,0.0,0.0,0.0,2.9000000000000004,2.8,3.9000000000000004,3.2,2.986625,-0.8000000000000007,0.0,-2.5,,,0.0,0.0,3.8721687500000006,-1.375,0.7713054861051702,0.0,0.0,-0.8000000000000007,-0.5749999999999993,4.0,2.7657250000000007,0.39406169884930464,4.49885864906665,5.40520055642005,63.87216875,Stable,,,['Projection primarily follows recent baseline'],Chris Brooks,RB,,4.95202960274335,4.124995,4.95202960274335,2.0,backup,Depth chart: RB2. Higher-ranked teammate is active; recent usage is not treated as a starting role.,healthy_backup,3.0020296027433506
00-0032775,Demarcus Robinson,Demarcus Robinson,WR,WR,"https://static.www.nfl.com/image/upload/f_auto,q_auto/league/cokassoz2z7hb4wk2krh",2026,1,REG,2026_01_SF_LA,SF,ARI,0,0,0,0,0,0,0,0,0,0,0,0,,,0,,0,0,0,0,0,0,0,0,0,0,,0,0,0,0,0,2,3,50,1,0,0,45,7,2,2.9533747650478306,0,2,1,1,0,1.1111111111111112,0.08823529411764706,0.30201342281879195,0.34376233714962495,0,0,0,0,0,0,0,0.0,0.0,0,0,0,0,0,0,0,0,0,0,0,0,0,0,0,0,0,0,0,0,0,0,0,0,0,0,0,0,0,0,0,0,0,,,0,0,0,0,0,0,0,0,0,0,0,0,,,,0,0,0,0,0,0,0,,0,0,0,0,0,0,0,,0,0,0,0,0,0,0,0,0,0,11.0,13.0,0,0,11.0,6.0,5.0,2026,1,,,,,3.6666666666666665,,0.5454545454545454,0,0,11.0,5.55,9.4,7.65,7.7017875,3,2.0,3.6666666666666665,3.75,3.215875,0,0.0,0.0,0.0,0.0,50,25.5,54.0,46.5,41.850375,0,0.0,0.0,0.0,0.0,2,1.5,3.0,3.0,2.463375,,,,,,,,,,,6.0,3.0,4.0,3.0,3.5167499999999996,0,0.0,0.0,0.0,0.0,0,0.0,0.0,0.0,0.0,11.0,5.55,9.4,7.65,7.7017875,-4.2,-3.5,0.0,,,0.0,0.0,3.215875,-3.5,2.3949275080654564,0.4566147793612846,0.296799606584835,-4.2,0.7000000000000002,4.0,6.880342941277432,1.8349387213814525,3.1441192483858043,7.364478307563145,63.215875,Downtrend confirmed,,,"['Role is trending downward', 'Recent production is declining']",Demarcus Robinson,WR,,5.2542987779744745,5.2130504,5.2542987779744745,3.0,backup,Depth chart: WR3. Higher-ranked teammate is active; recent usage is not treated as a starting role.,healthy_backup,2.9542987779744747
00-0037091,Bo Melton,Bo Melton,WR,WR,"https://static.www.nfl.com/image/upload/f_auto,q_auto/league/d7hxvsyeufobjykcxhls",2026,1,REG,2026_01_GB_MIN,GB,ATL,0,0,0,0,0,0,0,0,0,0,0,0,,,0,,0,0,0,0,0,0,0,0,0,0,,0,0,0,0,0,1,1,10,0,0,0,10,0,1,0.9960427635232918,0,1,0,0,0,1.0,0.025,0.021321961620469083,0.052425373134328365,0,0,0,0,0,0,0,0.0,0.0,0,0,0,0,0,0,0,0,0,0,0,0,0,0,0,0,0,0,0,0,0,0,0,0,0,0,0,4,124,0,0,0,0,,,0,0,0,0,0,0,0,0,0,0,0,0,,,,0,0,0,0,0,0,0,,0,0,0,0,0,0,0,,0,0,0,0,0,0,0,0,0,0,1.0,2.0,0,0,1.0,0.0,1.0,2026,1,,,,,1.0,,0.0,0,0,1.0,0.5,1.4666666666666668,1.1,0.912825,1,1.0,1.6666666666666667,1.25,1.105875,0,0.0,0.0,0.0,0.0,10,5.0,14.666666666666666,11.0,9.128250000000001,0,0.0,0.0,0.0,0.0,1,0.5,0.6666666666666666,0.5,0.586125,,,,,,,,,,,0.0,0.0,0.0,0.0,0.0,0,0.0,0.0,0.0,0.0,0,0.0,0.0,0.0,0.0,1.0,0.5,1.4666666666666668,1.1,0.912825,-1.2000000000000002,-0.5,0.0,,,0.0,0.0,1.105875,-0.5,0.8254323499491354,0.0,0.0,-1.2000000000000002,0.7000000000000002,4.0,0.9043616666666667,0.31154233742961984,2.395240664032088,3.111788040120213,61.105875,Stable,,,['Limited recent opportunity'],Bo Melton,WR,,2.7535143520761505,1.9971843,2.7535143520761505,5.0,backup,Depth chart: WR5. Higher-ranked teammate is active; recent usage is not treated as a starting role.,healthy_backup,2.9535143520761507
00-0036165,Isaiah Hodgins,Isaiah Hodgins,WR,WR,"https://static.www.nfl.com/image/upload/f_auto,q_auto/league/ywbemecs6xa8bsm3h7bb",2026,-1,REG,2025_18_DAL_NYG,NYG,TEN,0,0,0,0,0,0,0,0,0,0,0,0,,,0,,0,0,0,0,0,0,0,0,0,0,,0,0,0,0,0,0,2,0,0,0,0,37,0,0,-2.1930242267482867,0,0,0,0,0,0.0,0.0625,0.20108695652173914,0.23451086956521738,0,0,0,0,0,0,0,0.0,0.0,0,0,0,0,0,0,0,0,0,0,0,0,0,0,0,0,0,0,0,0,0,0,0,0,0,0,0,0,0,0,0,0,0,,,0,0,0,0,0,0,0,0,0,0,0,0,,,,0,0,0,0,0,0,0,,0,0,0,0,0,0,0,,0,0,0,0,0,0,0,0,0,0,0.0,0.0,0,0,0.0,0.0,0.0,2025,18,,,,,0.0,,,0,0,0.0,0.4,0.4000000000000001,0.4000000000000001,0.31900000000000006,2,2.0,2.0,2.0,2.0,0,0.0,0.0,0.0,0.0,0,4.0,4.0,4.0,3.19,0,0.0,0.0,0.0,0.0,0,0.5,0.6666666666666666,0.6666666666666666,0.55,,,,,,,,,,,0.0,0.0,0.0,0.0,0.0,0,0.0,0.0,0.0,0.0,0,0.0,0.0,0.0,0.0,0.0,0.4,0.4000000000000001,0.4000000000000001,0.31900000000000006,0.0,0.0,0.0,,,0.0,0.0,2.0,0.0,0.15950000000000003,0.0,0.0,0.0,0.0,3.0,0.35140000000000005,0.15510564141900193,2.7689780865827767,3.125721061846481,62.0,Stable,,,['Limited recent opportunity'],Isaiah Hodgins,WR,,2.9473495742146287,2.4986377,2.9473495742146287,8.0,backup,Depth chart: WR8. Higher-ranked teammate is active; recent usage is not treated as a starting role.,healthy_backup,2.9473495742146287
00-0040590,Konata Mumpfield,Konata Mumpfield,WR,WR,"https://static.www.nfl.com/image/upload/f_auto,q_auto/league/cehkowkvb4aujslmppbj",2026,1,REG,2026_01_SF_LA,LAR,DEN,0,0,0,0,0,0,0,0,0,0,0,0,,,0,,0,0,0,0,0,0,0,0,0,0,,0,0,0,0,0,0,1,0,0,0,0,13,0,0,-0.5682244965573773,0,0,0,0,0,0.0,0.037037037037037035,0.050980392156862744,0.09124183006535946,0,0,0,0,0,0,0,0.0,0.0,0,0,0,0,0,0,0,0,0,0,0,0,0,0,0,0,0,0,0,0,0,0,0,0,0,0,0,0,0,0,0,0,0,,,0,0,0,0,0,0,0,0,0,0,0,0,,,,0,0,0,0,0,0,0,,0,0,0,0,0,0,0,,0,0,0,0,0,0,0,0,0,0,0.0,0.0,0,0,0.0,0.0,0.0,2026,1,,,,,0.0,,,0,0,0.0,0.0,0.3666666666666667,0.55,0.3327500000000001,1,1.5,2.0,1.75,1.51975,0,0.0,0.0,0.0,0.0,0,0.0,3.6666666666666665,5.5,3.3275000000000006,0,0.0,0.0,0.0,0.0,0,0.0,0.6666666666666666,0.75,0.43862500000000004,,,,,,,,,,,0.0,0.0,0.0,0.0,0.0,0,0.0,0.0,0.0,0.0,0,0.0,0.0,0.0,0.0,0.0,0.0,0.3666666666666667,0.55,0.3327500000000001,-1.1,-0.5,0.0,,,0.0,0.0,1.51975,-0.5,0.21895048527718383,0.0,0.0,-1.1,0.6000000000000001,4.0,0.19881666666666675,0.21700626975069434,2.557394424249728,3.0565088446763253,61.51975,Stable,,,['Limited recent opportunity'],Konata Mumpfield,WR,,2.8069516344630268,2.0317366,2.8069516344630268,4.0,backup,Depth chart: WR4. Higher-ranked teammate is active; recent usage is not treated as a starting role.,healthy_backup,2.906951634463027
00-0040237,Tez Johnson,Tez Johnson,WR,WR,"https://static.www.nfl.com/image/upload/f_auto,q_auto/league/ajbnpagviw0glrhf5a2e",2026,1,REG,2026_01_TB_CIN,TB,MIN,0,0,0,0,0,0,0,0,0,0,0,0,,,0,,0,0,0,0,1,-4,0,0,0,0,-1.2235654997639358,0,0,0,0,0,0,1,0,0,0,0,9,0,0,-0.5995975944097154,0,0,0,0,0,0.0,0.037037037037037035,0.06293706293706294,0.09961149961149961,0,0,0,0,0,0,0,0.0,0.0,0,0,0,0,0,0,0,0,0,0,0,0,0,0,0,0,0,0,0,0,0,0,0,0,0,1,13,0,0,0,0,0,0,,,0,0,0,0,0,0,0,0,0,0,0,0,,,,0,0,0,0,0,0,0,,0,0,0,0,0,0,0,,0,0,0,0,0,0,0,0,0,0,-0.4,-0.4,0,0,-0.4,0.0,-0.4,2026,1,,,,,-0.4,-0.4,0.0,0,0,-0.4,0.9000000000000001,1.2333333333333332,0.9,0.6065,1,1.0,1.3333333333333333,1.25,1.136125,1,1.0,0.6666666666666666,0.5,0.6975,0,8.5,12.0,8.75,6.6275,-4,0.5,0.3333333333333333,0.25,-0.5624999999999998,0,0.5,1.0,1.0,0.6861250000000001,,,,,,,,,,,0.0,0.0,0.0,0.0,0.0,0,0.0,0.0,0.0,0.0,0,0.0,0.0,0.0,0.0,-0.4,0.9000000000000001,1.2333333333333332,0.9,0.6065,1.1102230246251565e-16,-0.5,1.0,,,0.0,0.0,1.5197500000000002,0.050000000000000044,0.39907879585458134,0.0,0.0,1.1102230246251565e-16,0.04999999999999993,4.0,0.8247333333333333,0.5602944503661544,2.161526468140884,3.4502037039830395,61.51975,Stable,,,['Limited recent opportunity'],Tez Johnson,WR,,2.805865086061962,2.2683697,2.805865086061962,5.0,backup,Depth chart: WR5. Higher-ranked teammate is active; recent usage is not treated as a starting role.,healthy_backup,2.9058650860619615
00-0033217,Mo Alie-Cox,Mo Alie-Cox,TE,TE,"https://static.www.nfl.com/image/upload/f_auto,q_auto/league/ivdxijcqlhfwsydxh6ox",2026,-1,REG,2025_18_IND_HOU,IND,HOU,0,0,0,0,0,0,0,0,0,0,0,0,,,0,,0,0,0,0,0,0,0,0,0,0,,0,0,0,0,0,3,4,22,0,0,0,11,13,1,2.783628896693699,0,1,1,0,0,2.0,0.12121212121212122,0.03459119496855346,0.20603201829616924,0,0,0,0,0,0,0,0.0,0.0,0,0,0,0,0,0,0,0,0,0,0,0,0,0,0,0,0,0,0,0,0,0,0,0,0,0,0,0,0,0,0,0,0,,,0,0,0,0,0,0,0,0,0,0,0,0,,,,0,0,0,0,0,0,0,,0,0,0,0,0,0,0,,0,0,0,0,0,0,0,0,0,0,2.2,5.2,0,0,2.2,0.0,2.2,2025,18,,,,,0.55,,0.0,0,0,2.2,5.1,3.9333333333333336,3.9333333333333336,3.4539999999999997,4,3.5,3.0,3.0,3.1475,0,0.0,0.0,0.0,0.0,22,21.0,19.333333333333332,19.333333333333332,19.689999999999998,0,0.0,0.0,0.0,0.0,3,3.0,2.6666666666666665,2.6666666666666665,2.6975,,,,,,,,,,,0.0,3.0,2.0,2.0,1.4849999999999999,0,0.0,0.0,0.0,0.0,0,0.0,0.0,0.0,0.0,2.2,5.1,3.9333333333333336,3.9333333333333336,3.4539999999999997,3.4999999999999996,1.5,0.0,,,0.0,0.0,3.1475,1.5,1.0973788721207307,0.4299363057324841,0.27945859872611467,3.4999999999999996,-1.9999999999999996,3.0,4.170733333333333,0.9355739201153481,2.254200769699212,4.406020785964513,63.1475,Momentum confirmed,,,['Recent production is improving'],Mo Alie-Cox,TE,,3.3301107778318624,3.3109593,3.3301107778318624,2.0,backup,Depth chart: TE2. Higher-ranked teammate is active; recent usage is not treated as a starting role.,healthy_backup,2.830110777831863
00-0041529,Kevin Coleman Jr.,Kevin Coleman Jr.,WR,WR,"https://static.www.nfl.com/image/upload/f_auto,q_auto/league/nqqd4zjnxephjb4qziww",2026,1,REG,2026_01_MIA_LV,MIA,KC,0,0,0,0,0,0,0,0,0,0,0,0,,,0,,0,0,0,0,0,0,0,0,0,0,,0,0,0,0,0,0,2,0,0,0,0,24,0,0,-2.9750789445242845,0,0,0,0,0,0.0,0.07407407407407407,0.07766990291262135,0.16548004314994605,0,0,0,0,0,0,0,0.0,0.0,0,0,0,0,0,0,0,0,0,0,0,0,0,0,0,0,0,0,0,0,0,0,0,0,0,0,0,0,0,0,0,0,0,,,0,0,0,0,0,0,0,0,0,0,0,0,,,,0,0,0,0,0,0,0,,0,0,0,0,0,0,0,,0,0,0,0,0,0,0,0,0,0,0.0,0.0,0,0,0.0,0.0,0.0,2026,1,,,,,0.0,,,0,0,0.0,0.0,0.0,0.0,0.0,2,2.0,2.0,2.0,2.0,0,0.0,0.0,0.0,0.0,0,0.0,0.0,0.0,0.0,0,0.0,0.0,0.0,0.0,0,0.0,0.0,0.0,0.0,,,,,,,,,,,0.0,0.0,0.0,0.0,0.0,0,0.0,0.0,0.0,0.0,0,0.0,0.0,0.0,0.0,0.0,0.0,0.0,0.0,0.0,,,,,,,,2.0,0.0,0.0,,0.0,,0.0,1.0,0.0,0.0,2.822728711724472,2.822728711724472,,Stable,,,['Limited recent opportunity'],Kevin Coleman Jr.,WR,,2.822728711724472,2.534612,2.822728711724472,4.0,backup,Depth chart: WR4. Higher-ranked teammate is active; recent usage is not treated as a starting role.,healthy_backup,2.822728711724472
00-0040894,Malik Benson,Malik Benson,WR,WR,"https://static.www.nfl.com/image/upload/f_auto,q_auto/league/tndlq4zmq6r9nsvmzih6",2026,1,REG,2026_01_MIA_LV,LV,NO,0,0,0,0,0,0,0,0,0,0,0,0,,,0,,0,0,0,0,1,-8,0,0,0,0,-1.403199088294059,0,0,0,0,0,1,2,6,0,0,0,31,7,0,-0.3873303262516856,0,0,0,0,0,0.1935483870967742,0.06896551724137931,0.13716814159292035,0.19946597497711321,0,0,0,0,0,0,0,0.0,0.0,0,0,0,0,0,0,0,0,0,0,0,0,0,0,0,0,0,0,0,0,0,0,0,0,0,2,35,0,0,0,0,0,0,,,0,0,0,0,0,0,0,0,0,0,0,0,,,,0,0,0,0,0,0,0,,0,0,0,0,0,0,0,,0,0,0,0,0,0,0,0,0,0,-0.2,0.8,0,0,-0.19999999999999996,0.0,-0.19999999999999996,2026,1,,,,,-0.09999999999999998,-0.19999999999999996,0.0,0,0,-0.19999999999999996,-0.19999999999999996,-0.19999999999999996,-0.19999999999999996,-0.19999999999999996,2,2.0,2.0,2.0,2.0,1,1.0,1.0,1.0,1.0,6,6.0,6.0,6.0,6.0,-8,-8.0,-8.0,-8.0,-8.0,1,1.0,1.0,1.0,1.0,,,,,,,,,,,0.0,0.0,0.0,0.0,0.0,0,0.0,0.0,0.0,0.0,0,0.0,0.0,0.0,0.0,-0.19999999999999996,-0.19999999999999996,-0.19999999999999996,-0.19999999999999996,-0.19999999999999996,,,,,,,,2.55,0.0,-0.07843137254901959,0.0,0.0,,0.0,1.0,0.0,0.0,2.759352272835156,2.759352272835156,,Stable,,,['Limited recent opportunity'],Malik Benson,WR,,2.759352272835156,2.415287,2.759352272835156,4.0,backup,Depth chart: WR4. Higher-ranked teammate is active; recent usage is not treated as a starting role.,healthy_backup,2.759352272835156
00-0040244,Moliki Matavao,Moliki Matavao,TE,TE,"https://static.www.nfl.com/image/upload/f_auto,q_auto/league/sloxqlvfyoufh2bb3zku",2026,-1,REG,2025_17_NO_TEN,NO,LV,0,0,0,0,0,0,0,0,0,0,0,0,,,0,,0,0,0,0,0,0,0,0,0,0,,0,0,0,0,0,2,2,10,0,0,0,5,5,0,0.18636916647665203,0,0,0,0,0,2.0,0.07407407407407407,0.01773049645390071,0.1235224586288416,0,0,0,0,0,0,0,0.0,0.0,0,0,0,0,0,0,0,0,0,0,0,0,0,0,0,0,0,0,1,5,0,0,0,0,0,0,0,0,0,0,0,0,0,,,0,0,0,0,0,0,0,0,0,0,0,0,,,,0,0,0,0,0,0,0,,0,0,0,0,0,0,0,,0,0,0,0,0,0,0,0,0,0,1.0,3.0,0,0,1.0,0.0,1.0,2025,17,,,,,0.5,,0.0,0,0,1.0,1.0,1.0,1.0,1.0,2,2.0,2.0,2.0,2.0,0,0.0,0.0,0.0,0.0,10,10.0,10.0,10.0,10.0,0,0.0,0.0,0.0,0.0,2,2.0,2.0,2.0,2.0,,,,,,,,,,,0.0,0.0,0.0,0.0,0.0,0,0.0,0.0,0.0,0.0,0,0.0,0.0,0.0,0.0,1.0,1.0,1.0,1.0,1.0,,,,,,,,2.0,0.0,0.5,0.0,0.0,,0.0,1.0,1.0,0.0,2.746500207758425,2.746500207758425,,Stable,,,['Limited recent opportunity'],Moliki Matavao,TE,,2.746500207758425,2.4241295,2.746500207758425,5.0,backup,Depth chart: TE5. Higher-ranked teammate is active; recent usage is not treated as a starting role.,healthy_backup,2.746500207758425
00-0038046,Charlie Kolar,Charlie Kolar,TE,TE,"https://static.www.nfl.com/image/upload/f_auto,q_auto/league/g75ws8vkqz9cqwifhcy7",2026,1,REG,2026_01_ARI_LAC,LAC,BUF,0,0,0,0,0,0,0,0,0,0,0,0,,,0,,0,0,0,0,0,0,0,0,0,0,,0,0,0,0,0,0,0,0,0,0,0,0,0,0,,0,0,0,0,0,,0.0,0.0,0.0,0,0,0,0,0,0,0,0.0,0.0,0,0,0,0,0,0,0,0,0,0,0,0,0,0,0,0,0,0,1,5,0,0,0,0,0,0,0,0,0,0,0,0,0,,,0,0,0,0,0,0,0,0,0,0,0,0,,,,0,0,0,0,0,0,0,,0,0,0,0,0,0,0,,0,0,0,0,0,0,0,0,0,0,0.0,0.0,0,0,0.0,0.0,0.0,2026,1,,,,,,,,0,0,0.0,0.0,0.6,0.45,0.24502500000000002,0,0.5,0.6666666666666666,0.5,0.38362500000000005,0,0.0,0.0,0.0,0.0,0,0.0,6.0,4.5,2.45025,0,0.0,0.0,0.0,0.0,0,0.0,0.3333333333333333,0.25,0.136125,,,,,,,,,,,0.0,0.0,0.0,0.0,0.0,0,0.0,0.0,0.0,0.0,0,0.0,0.0,0.0,0.0,0.0,0.0,0.6,0.45,0.24502500000000002,-0.9,0.0,0.0,,,0.0,0.0,0.38362500000000005,0.0,0.6387096774193548,0.0,0.0,-0.9,0.9,4.0,0.36451500000000003,0.2396327609071848,1.5616546227050891,2.112809972791614,60.383625,Stable,,,['Limited recent opportunity'],Charlie Kolar,TE,,1.8372322977483515,1.0889891,1.8372322977483515,1.0,starter,Depth chart: TE1.,,2.7372322977483514
00-0037805,Jeremy Ruckert,Jeremy Ruckert,TE,TE,"https://static.www.nfl.com/image/upload/f_auto,q_auto/league/bcqcta7r1uee3rqhejdh",2026,1,REG,2026_01_NYJ_TEN,NYJ,DET,0,0,0,0,0,0,0,0,0,0,0,0,,,0,,0,0,0,0,0,0,0,0,0,0,,0,0,0,0,0,1,1,4,0,0,0,1,3,0,-0.26420405972748995,0,0,0,0,0,4.0,0.043478260869565216,0.005952380952380952,0.06938405797101449,0,0,0,0,0,0,0,0.0,0.0,0,0,0,0,0,0,0,0,0,0,0,0,0,0,0,0,0,0,0,0,0,0,0,0,0,0,0,0,0,0,0,0,0,,,0,0,0,0,0,0,0,0,0,0,0,0,,,,0,0,0,0,0,0,0,,0,0,0,0,0,0,0,,0,0,0,0,0,0,0,0,0,0,0.4,1.4,0,0,0.4,0.0,0.4,2026,1,,,,,0.4,,0.0,0,0,0.4,0.30000000000000004,0.6666666666666666,0.8250000000000001,0.6363625000000002,1,2.0,2.3333333333333335,2.25,1.933625,0,0.0,0.0,0.0,0.0,4,3.0,6.666666666666667,8.25,6.363625,0,0.0,0.0,0.0,0.0,1,1.0,1.3333333333333333,1.5,1.3025000000000002,,,,,,,,,,,0.0,0.0,0.0,0.0,0.0,0,0.0,0.0,0.0,0.0,0,0.0,0.0,0.0,0.0,0.4,0.30000000000000004,0.6666666666666666,0.8250000000000001,0.6363625000000002,-1.05,-0.5,0.0,,,0.0,0.0,1.933625,-0.5,0.3291033680263754,0.0,0.0,-1.05,0.55,4.0,0.4972341666666668,0.18998783242472253,2.463172412230527,2.9001444268073886,61.933625,Stable,,,['Limited recent opportunity'],Jeremy Ruckert,TE,,2.681658419518958,2.1330705,2.681658419518958,3.0,backup,Depth chart: TE3. Higher-ranked teammate is active; recent usage is not treated as a starting role.,healthy_backup,2.7316584195189577
00-0040406,Quentin Skinner,Quentin Skinner,WR,WR,"https://static.www.nfl.com/image/upload/f_auto,q_auto/league/s7ln3ugfuknhx2tedii2",2026,-1,REG,2025_18_NYJ_BUF,NYJ,DET,0,0,0,0,0,0,0,0,0,0,0,0,,,0,,0,0,0,0,0,0,0,0,0,0,,0,0,0,0,0,1,1,10,0,0,0,4,6,1,2.3122854901449754,1,1,0,0,0,2.5,0.045454545454545456,0.0547945205479452,0.10653798256537982,0,0,0,0,0,0,0,0.0,0.0,0,0,0,0,0,0,0,0,0,0,0,0,0,0,0,0,0,0,0,0,0,0,0,0,0,0,0,0,0,0,0,0,0,,,0,0,0,0,0,0,0,0,0,0,0,0,,,,0,0,0,0,0,0,0,,0,0,0,0,0,0,0,,0,0,0,0,0,0,0,0,0,0,3.0,4.0,0,0,1.0,0.0,1.0,2025,18,,,,,1.0,,0.0,0,0,1.0,1.0,1.0,1.0,1.0,1,1.0,1.0,1.0,1.0,0,0.0,0.0,0.0,0.0,10,10.0,10.0,10.0,10.0,0,0.0,0.0,0.0,0.0,1,1.0,1.0,1.0,1.0,,,,,,,,,,,0.0,0.0,0.0,0.0,0.0,0,0.0,0.0,0.0,0.0,0,0.0,0.0,0.0,0.0,1.0,1.0,1.0,1.0,1.0,,,,,,,,1.0,0.0,1.0,0.0,0.0,,0.0,1.0,1.0,0.0,2.729953639113622,2.729953639113622,,Stable,,,['Limited recent opportunity'],Quentin Skinner,WR,,2.729953639113622,2.0481353,2.729953639113622,13.0,backup,Depth chart: WR13. Higher-ranked teammate is active; recent usage is not treated as a starting role.,healthy_backup,2.729953639113622
00-0031484,Chris Manhertz,Chris Manhertz,TE,TE,"https://static.www.nfl.com/image/upload/f_auto,q_auto/league/bw0kytk1nwrdln9t3wzg",2026,-1,REG,2025_18_DAL_NYG,NYG,TEN,0,0,0,0,0,0,0,0,0,0,0,0,,,0,,0,0,0,0,0,0,0,0,0,0,,0,0,0,0,0,0,1,0,0,0,0,10,0,0,-0.7953754095360637,0,0,0,0,0,0.0,0.03125,0.05434782608695652,0.08491847826086957,0,0,0,0,0,0,0,0.0,0.0,0,0,0,0,0,0,0,0,0,0,0,0,0,0,0,0,0,0,0,0,0,0,0,0,0,0,0,0,0,0,0,0,0,,,0,0,0,0,0,0,0,0,0,0,0,0,,,,0,0,0,0,0,0,0,,0,0,0,0,0,0,0,,0,0,0,0,0,0,0,0,0,0,0.0,0.0,0,0,0.0,0.0,0.0,2025,18,,,,,0.0,,,0,0,0.0,0.0,0.0,0.0,0.0,1,0.5,0.3333333333333333,0.3333333333333333,0.44999999999999996,0,0.0,0.0,0.0,0.0,0,0.0,0.0,0.0,0.0,0,0.0,0.0,0.0,0.0,0,0.0,0.0,0.0,0.0,,,,,,,,,,,0.0,0.0,0.0,0.0,0.0,0,0.0,0.0,0.0,0.0,0,0.0,0.0,0.0,0.0,0.0,0.0,0.0,0.0,0.0,0.0,0.5,0.0,,,0.0,0.0,0.44999999999999996,0.5,0.0,,0.0,0.0,0.5,3.0,0.175,0.0,1.7290245967939337,1.7290245967939337,60.45,Stable,,,['Limited recent opportunity'],Chris Manhertz,TE,,1.7290245967939337,1.0661459,1.7290245967939337,,,,,2.7290245967939337
00-0036741,Jack Stoll,Jack Stoll,TE,TE,"https://static.www.nfl.com/image/upload/f_auto,q_auto/league/vx5eqo8t1qvj0ijwmiwm",2026,-1,REG,2025_16_NYJ_NO,NO,LV,0,0,0,0,0,0,0,0,0,0,0,0,,,0,,0,0,0,0,0,0,0,0,0,0,,0,0,0,0,0,1,2,4,0,0,0,5,0,1,-0.2544982627732679,0,0,0,0,0,0.8,0.0425531914893617,0.011848341232227487,0.07212362609660179,0,0,0,0,0,0,0,0.0,0.0,0,0,0,0,0,0,0,0,0,0,0,0,0,0,0,0,0,0,0,0,0,0,0,0,0,0,0,0,0,0,0,0,0,,,0,0,0,0,0,0,0,0,0,0,0,0,,,,0,0,0,0,0,0,0,,0,0,0,0,0,0,0,,0,0,0,0,0,0,0,0,0,0,0.4,1.4,0,0,0.4,0.0,0.4,2025,16,,,,,0.2,,0.0,0,0,0.4,0.55,0.3666666666666667,0.3666666666666667,0.35325,2,1.5,1.3333333333333333,1.3333333333333333,1.45,0,0.0,0.0,0.0,0.0,4,5.5,3.6666666666666665,3.6666666666666665,3.5324999999999998,0,0.0,0.0,0.0,0.0,1,1.0,0.6666666666666666,0.6666666666666666,0.6975,,,,,,,,,,,0.0,0.0,0.0,0.0,0.0,0,0.0,0.0,0.0,0.0,0,0.0,0.0,0.0,0.0,0.4,0.55,0.3666666666666667,0.3666666666666667,0.35325,0.55,0.5,0.0,,,0.0,0.0,1.45,0.5,0.24362068965517242,0.0,0.0,0.55,-0.050000000000000044,3.0,0.5336166666666666,0.07299331019575242,2.1747895768573264,2.3426741903075574,61.45,Stable,,,['Limited recent opportunity'],Jack Stoll,TE,,2.258731883582442,1.6967227,2.258731883582442,7.0,backup,Depth chart: TE7. Higher-ranked teammate is active; recent usage is not treated as a starting role.,healthy_backup,2.708731883582442
00-0040644,Trevor Etienne,Trevor Etienne,RB,RB,"https://static.www.nfl.com/image/upload/f_auto,q_auto/league/pcuzq84x7ia5yvmikltb",2026,-1,POST,2025_19_LA_CAR,CAR,CLE,0,0,0,0,0,0,0,0,0,0,0,0,,,0,,0,0,0,0,1,4,0,0,0,0,-0.44247810961678624,0,0,0,0,0,0,0,0,0,0,0,0,0,0,,0,0,0,0,0,,0.0,0.0,0.0,0,0,0,0,0,0,0,0.0,0.0,0,0,0,0,0,1,0,0,0,0,0,0,0,0,0,0,0,0,0,0,0,1,0,1,1,1,0,3,63,0,0,0,0,,,0,0,0,0,0,0,0,0,0,0,0,0,,,,0,0,0,0,0,0,0,,0,0,0,0,0,0,0,,0,0,0,0,0,0,0,0,0,0,0.4,0.4,0,0,0.4,0.0,0.4,2025,19,,,,,,0.4,0.0,0,0,0.4,0.2,0.13333333333333333,0.13333333333333333,0.18,0,0.0,0.0,0.0,0.0,1,0.5,0.3333333333333333,0.3333333333333333,0.44999999999999996,0,0.0,0.0,0.0,0.0,4,2.0,1.3333333333333333,1.3333333333333333,1.7999999999999998,0,0.0,0.0,0.0,0.0,,,,,,,,,,,0.0,0.0,0.0,0.0,0.0,0,0.0,0.0,0.0,0.0,0,0.0,0.0,0.0,0.0,0.4,0.2,0.13333333333333333,0.13333333333333333,0.18,0.2,0.0,0.5,,,0.0,0.0,0.2475,0.275,0.7272727272727273,0.0,0.0,0.2,0.07500000000000001,3.0,0.25758333333333333,0.09884668262853674,2.211900945404016,2.43924831544965,60.2475,Stable,,,['Limited recent opportunity'],Trevor Etienne,RB,,2.325574630426833,2.0283952,2.325574630426833,4.0,backup,Depth chart: RB4. Higher-ranked teammate is active; recent usage is not treated as a starting role.,healthy_backup,2.675574630426833
00-0033881,Evan Engram,Evan Engram,TE,TE,"https://static.www.nfl.com/image/upload/f_auto,q_auto/league/nucl2dxmpvhlywhyro8o",2026,1,REG,2026_01_DEN_KC,DEN,LAR,0,0,0,0,0,0,0,0,0,0,0,0,,,0,,0,0,0,0,0,0,0,0,0,0,,0,0,0,0,0,4,5,43,1,0,0,18,15,3,4.054134474077728,0,1,1,0,0,2.388888888888889,0.18518518518518517,0.1956521739130435,0.4147342995169082,0,0,0,0,0,0,0,0.0,0.0,0,0,0,0,0,0,0,0,0,0,0,0,0,0,0,0,0,0,0,0,0,0,0,0,0,0,0,0,0,0,0,0,0,,,0,0,0,0,0,0,0,0,0,0,0,0,,,,0,0,0,0,0,0,0,,0,0,0,0,0,0,0,,0,0,0,0,0,0,0,0,0,0,10.3,14.3,0,0,10.3,6.0,4.300000000000001,2026,1,,,,,2.06,,0.5825242718446602,0,0,10.3,6.1000000000000005,4.3,4.35,5.949225,5,4.0,3.6666666666666665,3.75,4.066375000000001,0,0.0,0.0,0.0,0.0,43,31.0,23.0,28.5,32.49225,0,0.0,0.0,0.0,0.0,4,3.0,2.3333333333333335,2.5,2.93025,,,,,,,,,,,6.0,3.0,2.0,1.5,2.6999999999999997,0,0.0,0.0,0.0,0.0,0,0.0,0.0,0.0,0.0,10.3,6.1000000000000005,4.3,4.35,5.949225,3.5000000000000004,0.5,0.0,,,0.0,0.0,4.066375000000001,0.5,1.4630291106944144,0.4538406263000642,0.29499640709504177,3.5000000000000004,-3.0000000000000004,4.0,5.464353747399871,2.187024827499679,1.643216715990841,6.673373819240103,63.879350172500324,Stable,,,['Recent production is improving'],Evan Engram,TE,,4.158295267615472,4.4673047,4.158295267615472,1.0,starter,Depth chart: TE1.,,2.658295267615472
00-0038547,Luke Schoonmaker,Luke Schoonmaker,TE,TE,"https://static.www.nfl.com/image/upload/f_auto,q_auto/league/g1slhy5joxxfeudlzrh9",2026,1,REG,2026_01_DAL_NYG,DAL,BAL,0,0,0,0,0,0,0,0,0,0,0,0,,,0,,0,0,0,0,0,0,0,0,0,0,,0,0,0,0,0,1,1,12,0,0,0,12,0,0,0.869711147621274,0,1,0,0,0,1.0,0.03333333333333333,0.038834951456310676,0.07718446601941747,0,0,0,0,0,0,0,0.0,0.0,0,0,0,0,0,0,0,0,0,0,0,0,0,0,0,0,0,0,1,10,0,0,0,0,0,0,0,0,0,0,0,0,0,,,0,0,0,0,0,0,0,0,0,0,0,0,,,,0,0,0,0,0,0,0,,0,0,0,0,0,0,0,,0,0,0,0,0,0,0,0,0,0,1.2000000000000002,2.2,0,0,1.2000000000000002,0.0,1.2000000000000002,2026,1,,,,,1.2000000000000002,,0.0,0,0,1.2000000000000002,1.2000000000000002,1.3,1.7000000000000002,1.5236750000000003,1,1.0,1.3333333333333333,1.25,1.136125,0,0.0,0.0,0.0,0.0,12,12.0,13.0,17.0,15.23675,0,0.0,0.0,0.0,0.0,1,1.0,1.3333333333333333,1.25,1.136125,,,,,,,,,,,0.0,0.0,0.0,0.0,0.0,0,0.0,0.0,0.0,0.0,0,0.0,0.0,0.0,0.0,1.2000000000000002,1.2000000000000002,1.3,1.7000000000000002,1.5236750000000003,-1.0,-0.5,0.0,,,0.0,0.0,1.136125,-0.5,1.3411156342831998,0.0,0.0,-1.0,0.5,4.0,1.3192050000000002,0.1970433477689618,2.4300306814363166,2.883230381304929,61.136125,Stable,,,['Limited recent opportunity'],Luke Schoonmaker,TE,,2.656630531370623,2.3230457,2.656630531370623,3.0,backup,Depth chart: TE3. Higher-ranked teammate is active; recent usage is not treated as a starting role.,healthy_backup,2.656630531370623
00-0037539,Lucas Krull,Lucas Krull,TE,TE,"https://static.www.nfl.com/image/upload/f_auto,q_auto/league/eolvpkk5jjmipuqmf5v6",2026,-1,REG,2025_03_DEN_LAC,DEN,LAR,0,0,0,0,0,0,0,0,0,0,0,0,,,0,,0,0,0,0,0,0,0,0,0,0,,0,0,0,0,0,1,2,9,0,0,0,11,3,0,-1.413379811332561,0,0,0,0,0,0.8181818181818182,0.08695652173913043,0.040892193308550186,0.15905931792468078,0,0,0,0,0,0,0,0.0,0.0,0,0,0,0,0,0,0,0,0,0,0,0,0,0,0,0,0,0,0,0,0,0,0,0,0,0,0,0,0,0,0,0,0,,,0,0,0,0,0,0,0,0,0,0,0,0,,,,0,0,0,0,0,0,0,,0,0,0,0,0,0,0,,0,0,0,0,0,0,0,0,0,0,0.9,1.9,0,0,0.9,0.0,0.9,2025,3,,,,,0.45,,0.0,0,0,0.9,0.75,0.75,0.75,0.7350000000000001,2,2.0,2.0,2.0,2.0,0,0.0,0.0,0.0,0.0,9,7.5,7.5,7.5,7.35,0,0.0,0.0,0.0,0.0,1,1.0,1.0,1.0,1.0,,,,,,,,,,,0.0,0.0,0.0,0.0,0.0,0,0.0,0.0,0.0,0.0,0,0.0,0.0,0.0,0.0,0.9,0.75,0.75,0.75,0.7350000000000001,,,,,,,,2.0,0.0,0.36750000000000005,0.0,0.0,,0.0,2.0,0.7410000000000001,0.06177378084592199,2.584318042136934,2.726397738082555,,Stable,,,['Limited recent opportunity'],Lucas Krull,TE,,2.6553578901097445,2.2385447,2.6553578901097445,5.0,backup,Depth chart: TE5. Higher-ranked teammate is active; recent usage is not treated as a starting role.,healthy_backup,2.6553578901097445
00-0037617,Hassan Haskins,Hassan Haskins,RB,RB,"https://static.www.nfl.com/image/upload/f_auto,q_auto/league/n9jwsfxyo1xppmhscpik",2026,-1,POST,2025_19_LAC_NE,LAC,BUF,0,0,0,0,0,0,0,0,0,0,0,0,,,0,,0,0,0,0,0,0,0,0,0,0,,0,0,0,0,0,0,0,0,0,0,0,0,0,0,,0,0,0,0,0,,0.0,0.0,0.0,0,1,0,0,0,0,0,0.0,0.0,0,0,0,0,0,0,0,0,0,0,0,0,0,0,0,0,0,0,0,0,0,0,0,0,0,0,0,0,0,0,0,0,0,,,0,0,0,0,0,0,0,0,0,0,0,0,,,,0,0,0,0,0,0,0,,0,0,0,0,0,0,0,,0,0,0,0,0,0,0,0,0,0,0.0,0.0,0,0,0.0,0.0,0.0,2025,19,,,,,,,,0,0,0.0,0.15000000000000002,0.10000000000000002,0.10000000000000002,0.07425000000000001,0,0.0,0.0,0.0,0.0,0,0.5,0.3333333333333333,0.3333333333333333,0.2475,0,0.0,0.0,0.0,0.0,0,1.5,1.0,1.0,0.7424999999999999,0,0.0,0.0,0.0,0.0,,,,,,,,,,,0.0,0.0,0.0,0.0,0.0,0,0.0,0.0,0.0,0.0,0,0.0,0.0,0.0,0.0,0.0,0.15000000000000002,0.10000000000000002,0.10000000000000002,0.07425000000000001,0.15000000000000002,0.0,0.5,,,0.0,0.0,0.136125,0.275,0.5454545454545455,0.0,0.0,0.15000000000000002,0.125,3.0,0.18080000000000002,0.04902132189160142,2.1931884914567252,2.305937531807409,60.136125,Stable,,,['Limited recent opportunity'],Hassan Haskins,RB,,2.249563011632067,1.9216594,2.249563011632067,5.0,backup,Depth chart: RB5. Higher-ranked teammate is active; recent usage is not treated as a starting role.,healthy_backup,2.649563011632067
00-0038104,Tyquan Thornton,Tyquan Thornton,WR,WR,"https://static.www.nfl.com/image/upload/f_auto,q_auto/league/bjqzuempyiwxe0hl7e5a",2026,1,REG,2026_01_DEN_KC,KC,MIA,0,0,0,0,0,0,0,0,0,0,0,0,,,0,,0,0,0,0,0,0,0,0,0,0,,0,0,0,0,0,0,1,0,0,0,0,36,0,0,-0.5619077577721328,0,0,0,0,0,0.0,0.04,0.2706766917293233,0.2494736842105263,0,0,0,0,0,0,0,0.0,0.0,0,0,0,0,0,0,0,0,0,0,0,0,0,0,0,0,0,0,0,0,0,0,0,0,0,0,0,0,0,0,0,0,0,,,0,0,0,0,0,0,0,0,0,0,0,0,,,,0,0,0,0,0,0,0,,0,0,0,0,0,0,0,,0,0,0,0,0,0,0,0,0,0,0.0,0.0,0,0,0.0,0.0,0.0,2026,1,,,,,0.0,,,0,0,0.0,2.35,2.2,1.6500000000000001,1.4218875,1,2.0,2.3333333333333335,1.75,1.600875,0,0.0,0.0,0.0,0.0,0,23.5,22.0,16.5,14.218875,0,0.0,0.0,0.0,0.0,0,1.0,1.3333333333333333,1.0,0.7672500000000001,,,,,,,,,,,0.0,0.0,0.0,0.0,0.0,0,0.0,0.0,0.0,0.0,0,0.0,0.0,0.0,0.0,0.0,2.35,2.2,1.6500000000000001,1.4218875,1.4,0.5,0.0,,,0.0,0.0,1.600875,0.5,0.8881939564300773,0.0,0.0,1.4,-0.8999999999999999,4.0,1.8256325000000002,0.8352401151914342,2.0861190171431687,4.007171282083467,61.600875,Stable,,,['Limited recent opportunity'],Tyquan Thornton,WR,,3.046645149613318,2.377021,3.046645149613318,3.0,backup,Depth chart: WR3. Higher-ranked teammate is active; recent usage is not treated as a starting role.,healthy_backup,2.646645149613318
00-0036626,Dyami Brown,Dyami Brown,WR,WR,"https://static.www.nfl.com/image/upload/f_auto,q_auto/league/addv9eheok1jj7amfkpb",2026,1,REG,2026_01_WAS_PHI,WAS,SEA,0,0,0,0,0,0,0,0,0,0,0,0,,,0,,0,0,0,0,0,0,0,0,0,0,,0,0,0,0,0,0,2,0,0,0,0,64,0,0,-2.042124994660929,0,0,0,0,0,0.0,0.06896551724137931,0.20189274447949526,0.24477319699771566,0,0,0,0,0,0,0,0.0,0.0,0,0,0,0,0,0,0,0,0,0,0,0,0,0,0,0,0,0,0,0,0,0,0,0,0,0,0,0,0,0,0,0,0,,,0,0,0,0,0,0,0,0,0,0,0,0,,,,0,0,0,0,0,0,0,,0,0,0,0,0,0,0,,0,0,0,0,0,0,0,0,0,0,0.0,0.0,0,0,0.0,0.0,0.0,2026,1,,,,,0.0,,,0,0,0.0,0.4,-0.26666666666666666,-0.2,-0.01980000000000002,2,1.5,1.0,1.0,1.313875,0,0.0,0.3333333333333333,0.25,0.136125,0,4.0,2.6666666666666665,2.0,1.98,0,0.0,1.3333333333333333,1.0,0.5445,0,0.5,0.3333333333333333,0.25,0.2475,,,,,,,,,,,0.0,0.0,0.0,0.0,0.0,0,0.0,0.0,0.0,0.0,0,0.0,0.0,0.0,0.0,0.0,0.4,-0.26666666666666666,-0.2,-0.01980000000000002,1.2000000000000002,1.0,-0.5,,,0.0,0.0,1.38874375,0.725,-0.014257489907695368,0.0,0.0,1.2000000000000002,-0.4750000000000002,4.0,0.1452033333333333,0.23238238066696115,2.126643697429258,2.6611231729632685,61.38874375,Stable,,,['Limited recent opportunity'],Dyami Brown,WR,,2.3938834351962632,1.8235224,2.3938834351962632,4.0,backup,Depth chart: WR4. Higher-ranked teammate is active; recent usage is not treated as a starting role.,healthy_backup,2.6438834351962632
00-0039266,Kendall Milton,Kendall Milton,RB,RB,"https://static.www.nfl.com/image/upload/f_auto,q_auto/league/zz9yrqh5ep6o5hvtwzkq",2026,-1,REG,2025_11_CIN_PIT,CIN,PIT,0,0,0,0,0,0,0,0,0,0,0,0,,,0,,0,0,0,0,2,2,0,0,0,0,0.8584410675102845,0,0,0,0,0,0,0,0,0,0,0,0,0,0,,0,0,0,0,0,,0.0,0.0,0.0,0,0,0,0,0,0,0,0.0,0.0,0,0,0,0,0,0,0,0,0,0,0,0,0,0,0,0,0,0,0,0,0,0,0,0,0,0,0,0,0,0,0,0,0,,,0,0,0,0,0,0,0,0,0,0,0,0,,,,0,0,0,0,0,0,0,,0,0,0,0,0,0,0,,0,0,0,0,0,0,0,0,0,0,0.2,0.2,0,0,0.2,0.0,0.2,2025,11,,,,,,0.1,0.0,0,0,0.2,0.2,0.2,0.2,0.2,0,0.0,0.0,0.0,0.0,2,2.0,2.0,2.0,2.0,0,0.0,0.0,0.0,0.0,2,2.0,2.0,2.0,2.0,0,0.0,0.0,0.0,0.0,,,,,,,,,,,0.0,0.0,0.0,0.0,0.0,0,0.0,0.0,0.0,0.0,0,0.0,0.0,0.0,0.0,0.2,0.2,0.2,0.2,0.2,,,,,,,,1.1,0.0,0.18181818181818182,0.0,0.0,,0.0,1.0,0.2,0.0,2.6306638954407187,2.6306638954407187,,Stable,,,['Limited recent opportunity'],Kendall Milton,RB,,2.6306638954407187,2.7865248,2.6306638954407187,5.0,backup,Depth chart: RB5. Higher-ranked teammate is active; recent usage is not treated as a starting role.,healthy_backup,2.6306638954407187
00-0032392,Austin Hooper,Austin Hooper,TE,TE,"https://static.www.nfl.com/image/upload/f_auto,q_auto/league/dd0j9ccd8fxokl48alzg",2026,-1,POST,2025_22_SEA_NE,NE,JAX,0,0,0,0,0,0,0,0,0,0,0,0,,,0,,0,0,0,0,0,0,0,0,0,0,,0,0,0,0,0,2,3,10,0,0,0,30,2,2,-0.32882297958713025,0,0,0,0,0,0.3333333333333333,0.07317073170731707,0.06521739130434782,0.15540827147401906,0,0,0,0,0,0,0,0.0,0.0,0,0,0,0,0,0,0,0,0,0,0,0,0,0,0,0,0,0,0,0,0,0,0,0,0,0,0,0,0,0,0,0,0,,,0,0,0,0,0,0,0,0,0,0,0,0,,,,0,0,0,0,0,0,0,,0,0,0,0,0,0,0,,0,0,0,0,0,0,0,0,0,0,1.0,3.0,0,0,1.0,0.0,1.0,2025,22,,,,,0.3333333333333333,,0.0,0,0,1.0,1.2000000000000002,0.8000000000000002,0.8000000000000002,0.7965,3,2.5,2.3333333333333335,2.3333333333333335,2.45,0,0.0,0.0,0.0,0.0,10,12.0,8.0,8.0,7.965,0,0.0,0.0,0.0,0.0,2,1.5,1.0,1.0,1.1475,,,,,,,,,,,0.0,0.0,0.0,0.0,0.0,0,0.0,0.0,0.0,0.0,0,0.0,0.0,0.0,0.0,1.0,1.2000000000000002,0.8000000000000002,0.8000000000000002,0.7965,1.2000000000000002,0.5,0.0,,,0.0,0.0,2.45,0.5,0.3251020408163265,0.0,0.0,1.2000000000000002,-0.7000000000000002,3.0,0.9729000000000001,0.1605302463712057,2.6257330116155138,2.9949525782692867,62.45,Stable,,,['Limited recent opportunity'],Austin Hooper,TE,,2.8103427949424002,2.1106353,2.8103427949424002,3.0,backup,Depth chart: TE3. Higher-ranked teammate is active; recent usage is not treated as a starting role.,healthy_backup,2.6103427949424
00-0038573,Derius Davis,Derius Davis,WR,WR,"https://static.www.nfl.com/image/upload/f_auto,q_auto/league/ykmeihbr6903smvblzgc",2026,1,REG,2026_01_ARI_LAC,LAC,BUF,0,0,0,0,0,0,0,0,0,0,0,0,,,0,,0,0,0,0,0,0,0,0,0,0,,0,0,0,0,0,0,1,0,0,0,0,55,0,0,-2.3486546009080485,0,0,0,0,0,0.0,0.037037037037037035,0.20146520146520147,0.19658119658119658,0,1,0,0,0,0,0,0.0,0.0,0,0,0,0,0,0,0,0,0,0,0,0,0,0,0,0,0,0,0,0,0,0,0,0,0,0,0,2,33,0,0,0,0,,,0,0,0,0,0,0,0,0,0,0,0,0,,,,0,0,0,0,0,0,0,,0,0,0,0,0,0,0,,0,0,0,0,0,0,0,0,0,0,0.0,0.0,0,0,0.0,0.0,0.0,2026,1,,,,,0.0,,,0,0,0.0,0.0,0.23333333333333336,0.17500000000000002,0.09528750000000001,1,0.5,0.6666666666666666,0.5,0.586125,0,0.0,0.0,0.0,0.0,0,0.0,2.3333333333333335,1.75,0.952875,0,0.0,0.0,0.0,0.0,0,0.0,0.3333333333333333,0.25,0.136125,,,,,,,,,,,0.0,0.0,0.0,0.0,0.0,0,0.0,0.0,0.0,0.0,0,0.0,0.0,0.0,0.0,0.0,0.0,0.23333333333333336,0.17500000000000002,0.09528750000000001,-0.35000000000000003,0.0,0.0,,,0.0,0.0,0.586125,0.0,0.16257197696737047,0.0,0.0,-0.35000000000000003,0.35000000000000003,4.0,0.14175583333333333,0.09319051813057189,2.1510100141851556,2.3653482058854713,60.586125,Stable,,,['Limited recent opportunity'],Derius Davis,WR,,2.2581791100353135,1.1877717,2.2581791100353135,5.0,backup,Depth chart: WR5. Higher-ranked teammate is active; recent usage is not treated as a starting role.,healthy_backup,2.6081791100353136
00-0036567,Elijah Mitchell,Elijah Mitchell,RB,RB,"https://static.www.nfl.com/image/upload/f_auto,q_auto/league/xf383ph8bz6dpp0u9lcd",2026,-1,REG,2025_11_KC_DEN,KC,MIA,0,0,0,0,0,0,0,0,0,0,0,0,,,0,,0,0,0,0,0,0,0,0,0,0,,0,0,0,0,0,0,1,0,0,0,0,16,0,0,-3.36506548570469,0,0,0,0,0,0.0,0.023255813953488372,0.04938271604938271,0.06945162216480046,0,0,0,0,0,0,0,0.0,0.0,0,0,0,0,0,0,0,0,0,0,0,0,0,0,0,0,0,0,0,0,0,0,0,0,0,0,0,0,0,0,0,0,0,,,0,0,0,0,0,0,0,0,0,0,0,0,,,,0,0,0,0,0,0,0,,0,0,0,0,0,0,0,,0,0,0,0,0,0,0,0,0,0,0.0,0.0,0,0,0.0,0.0,0.0,2025,11,,,,,0.0,,,0,0,0.0,0.0,0.0,0.0,0.0,1,1.0,1.0,1.0,1.0,0,0.0,0.0,0.0,0.0,0,0.0,0.0,0.0,0.0,0,0.0,0.0,0.0,0.0,0,0.0,0.0,0.0,0.0,,,,,,,,,,,0.0,0.0,0.0,0.0,0.0,0,0.0,0.0,0.0,0.0,0,0.0,0.0,0.0,0.0,0.0,0.0,0.0,0.0,0.0,,,,,,,,1.0,0.0,0.0,,0.0,,0.0,1.0,0.0,0.0,2.5965467744760824,2.5965467744760824,,Stable,,,['Limited recent opportunity'],Elijah Mitchell,RB,,2.5965467744760824,2.2843168,2.5965467744760824,6.0,backup,Depth chart: RB6. Higher-ranked teammate is active; recent usage is not treated as a starting role.,healthy_backup,2.5965467744760824
00-0041125,Seth McGowan,Seth McGowan,RB,RB,"https://static.www.nfl.com/image/upload/f_auto,q_auto/league/qkwvvygwu9pan88sivzb",2026,1,REG,2026_01_BAL_IND,IND,HOU,0,0,0,0,0,0,0,0,0,0,0,0,,,0,,0,0,0,0,0,0,0,0,0,0,,0,0,0,0,0,1,1,0,0,0,0,-2,2,0,-1.7516794209793143,0,0,0,0,0,-0.0,0.034482758620689655,-0.009950248756218905,0.04475896380168125,0,0,0,0,0,0,0,0.0,0.0,0,0,0,0,0,0,0,0,0,0,0,0,0,0,0,0,0,0,0,0,0,0,0,0,0,0,0,5,164,0,0,0,0,,,0,0,0,0,0,0,0,0,0,0,0,0,,,,0,0,0,0,0,0,0,,0,0,0,0,0,0,0,,0,0,0,0,0,0,0,0,0,0,0.0,1.0,0,0,0.0,0.0,0.0,2026,1,,,,,0.0,,,0,0,0.0,0.0,0.0,0.0,0.0,1,1.0,1.0,1.0,1.0,0,0.0,0.0,0.0,0.0,0,0.0,0.0,0.0,0.0,0,0.0,0.0,0.0,0.0,1,1.0,1.0,1.0,1.0,,,,,,,,,,,0.0,0.0,0.0,0.0,0.0,0,0.0,0.0,0.0,0.0,0,0.0,0.0,0.0,0.0,0.0,0.0,0.0,0.0,0.0,,,,,,,,1.0,0.0,0.0,,0.0,,0.0,1.0,0.0,0.0,2.5965467744760824,2.5965467744760824,,Stable,,,['Limited recent opportunity'],Seth McGowan,RB,,2.5965467744760824,2.2843168,2.5965467744760824,2.0,backup,Depth chart: RB2. Higher-ranked teammate is active; recent usage is not treated as a starting role.,healthy_backup,2.5965467744760824
00-0036497,Tim Jones,Tim Jones,WR,WR,"https://static.www.nfl.com/image/upload/f_auto,q_auto/league/rgthh35tnl9dbi7jshxv",2026,-1,REG,2025_10_JAX_HOU,JAX,NE,0,0,0,0,0,0,0,0,0,0,0,0,,,0,,0,0,0,0,0,0,0,0,0,0,,0,0,0,0,0,0,0,0,0,0,0,0,0,0,,0,0,0,0,0,,0.0,0.0,0.0,0,0,0,1,0,0,0,0.0,0.0,0,0,0,0,0,0,0,0,0,0,0,0,0,0,0,0,0,0,0,0,0,0,0,0,0,0,0,0,0,0,0,0,0,,,0,0,0,0,0,0,0,0,0,0,0,0,,,,0,0,0,0,0,0,0,,0,0,0,0,0,0,0,,0,0,0,0,0,0,0,0,0,0,0.0,0.0,0,0,0.0,0.0,0.0,2025,10,,,,,,,,0,0,0.0,0.75,0.75,0.75,0.8250000000000001,0,0.5,0.5,0.5,0.55,0,0.0,0.0,0.0,0.0,0,7.5,7.5,7.5,8.25,0,0.0,0.0,0.0,0.0,0,0.5,0.5,0.5,0.55,,,,,,,,,,,0.0,0.0,0.0,0.0,0.0,0,0.0,0.0,0.0,0.0,0,0.0,0.0,0.0,0.0,0.0,0.75,0.75,0.75,0.8250000000000001,,,,,,,,0.55,0.0,1.5,0.0,0.0,,0.0,2.0,0.7950000000000002,0.30886890422961,2.23982979051716,2.950228270245263,,Stable,,,['Limited recent opportunity'],Tim Jones,WR,,2.5950290303812116,1.2967224,2.5950290303812116,7.0,backup,Depth chart: WR7. Higher-ranked teammate is active; recent usage is not treated as a starting role.,healthy_backup,2.5950290303812116
00-0040205,Kalel Mullings,Kalel Mullings,RB,RB,"https://static.www.nfl.com/image/upload/f_auto,q_auto/league/jv2phcl7aihai00wkqgb",2026,-1,REG,2025_17_NO_TEN,TEN,NYG,0,0,0,0,0,0,0,0,0,0,0,0,,,0,,0,0,0,0,1,4,0,0,0,1,0.5724427765235305,0,0,0,0,0,0,0,0,0,0,0,0,0,0,,0,0,0,0,0,,0.0,0.0,0.0,0,1,0,0,0,0,0,0.0,0.0,0,0,0,0,0,0,0,0,0,0,0,0,0,0,0,0,0,0,0,0,0,0,0,0,0,0,0,0,0,0,0,0,0,,,0,0,0,0,0,0,0,0,0,0,0,0,,,,0,0,0,0,0,0,0,,0,0,0,0,0,0,0,,0,0,0,0,0,0,0,0,0,0,0.4,0.4,0,0,0.4,0.0,0.4,2025,17,,,,,,0.4,0.0,0,0,0.4,0.2,0.23333333333333336,0.23333333333333336,0.27075000000000005,0,0.0,0.0,0.0,0.0,1,1.0,1.0,1.0,1.0,0,0.0,0.0,0.0,0.0,4,2.0,2.3333333333333335,2.3333333333333335,2.7075,0,0.0,0.0,0.0,0.0,,,,,,,,,,,0.0,0.0,0.0,0.0,0.0,0,0.0,0.0,0.0,0.0,0,0.0,0.0,0.0,0.0,0.4,0.2,0.23333333333333336,0.23333333333333336,0.27075000000000005,-0.10000000000000003,0.0,0.0,,,0.0,0.0,0.55,0.0,0.4922727272727273,0.0,0.0,-0.10000000000000003,0.10000000000000003,3.0,0.25578333333333336,0.0699396644735065,2.407921679456501,2.5687829077455655,60.55,Stable,,,['Limited recent opportunity'],Kalel Mullings,RB,,2.488352293601033,2.145629,2.488352293601033,5.0,backup,Depth chart: RB5. Higher-ranked teammate is active; recent usage is not treated as a starting role.,healthy_backup,2.5883522936010332
00-0041395,Eli Raridon,Eli Raridon,TE,TE,"https://static.www.nfl.com/image/upload/f_auto,q_auto/league/tglrg0yek3kwrt8rqz5t",2026,1,REG,2026_01_NE_SEA,NE,JAX,0,0,0,0,0,0,0,0,0,0,0,0,,,0,,0,0,0,0,0,0,0,0,0,0,,0,0,0,0,0,1,1,2,1,0,0,2,0,1,0.8406261451600585,0,0,0,0,0,1.0,0.03225806451612903,0.00904977375565611,0.05472193840315282,0,0,0,0,0,0,0,0.0,0.0,0,0,0,0,0,0,0,0,0,0,0,0,0,0,0,0,0,0,0,0,0,0,0,0,0,0,0,0,0,0,0,0,0,,,0,0,0,0,0,0,0,0,0,0,0,0,,,,0,0,0,0,0,0,0,,0,0,0,0,0,0,0,,0,0,0,0,0,0,0,0,0,0,6.2,7.2,0,0,6.2,6.0,0.20000000000000018,2026,1,,,,,6.2,,0.9677419354838709,0,0,6.2,6.2,6.2,6.2,6.2,1,1.0,1.0,1.0,1.0,0,0.0,0.0,0.0,0.0,2,2.0,2.0,2.0,2.0,0,0.0,0.0,0.0,0.0,1,1.0,1.0,1.0,1.0,,,,,,,,,,,6.0,6.0,6.0,6.0,6.0,0,0.0,0.0,0.0,0.0,0,0.0,0.0,0.0,0.0,6.2,6.2,6.2,6.2,6.2,,,,,,,,1.0,0.0,6.2,0.9677419354838709,0.6290322580645161,,0.0,1.0,5.164516129032258,0.0,2.586336720628066,2.586336720628066,,Stable,,,"['Limited recent opportunity', 'Production has significant TD dependence']",Eli Raridon,TE,,2.586336720628066,1.8034743,2.586336720628066,2.0,backup,Depth chart: TE2. Higher-ranked teammate is active; recent usage is not treated as a starting role.,healthy_backup,2.586336720628066
00-0036980,Elijah Moore,Elijah Moore,WR,WR,"https://static.www.nfl.com/image/upload/f_auto,q_auto/league/wax90oyx9vs0x9j4nt5n",2026,-1,POST,2025_21_NE_DEN,DEN,LAR,0,0,0,0,0,0,0,0,0,0,0,0,,,0,,0,0,0,0,0,0,0,0,0,0,,0,0,0,0,0,1,1,4,0,0,0,4,0,0,-1.0829598640557379,0,0,0,0,0,1.0,0.037037037037037035,0.02197802197802198,0.07094017094017094,0,0,0,0,0,0,0,0.0,0.0,0,0,0,0,0,0,0,0,0,0,0,0,0,0,0,0,0,0,0,0,0,0,0,0,0,0,0,0,0,0,0,0,0,,,0,0,0,0,0,0,0,0,0,0,0,0,,,,0,0,0,0,0,0,0,,0,0,0,0,0,0,0,,0,0,0,0,0,0,0,0,0,0,0.4,1.4,0,0,0.4,0.0,0.4,2025,21,,,,,0.4,,0.0,0,0,0.4,0.04999999999999999,0.3,0.3,0.34775,1,2.0,2.0,2.0,1.7975,0,0.0,0.3333333333333333,0.3333333333333333,0.30250000000000005,4,0.5,3.3333333333333335,3.3333333333333335,3.7800000000000002,0,0.0,-0.3333333333333333,-0.3333333333333333,-0.30250000000000005,1,1.0,1.3333333333333333,1.3333333333333333,1.3025000000000002,,,,,,,,,,,0.0,0.0,0.0,0.0,0.0,0,0.0,0.0,0.0,0.0,0,0.0,0.0,0.0,0.0,0.4,0.04999999999999999,0.3,0.3,0.34775,-0.75,0.0,-1.0,,,0.0,0.0,1.9638750000000003,-0.55,0.17707338807205142,0.0,0.0,-0.75,0.19999999999999996,3.0,0.13615,0.12057284105469192,2.7829080646294333,3.060225599055225,61.963875,Stable,,,['Limited recent opportunity'],Elijah Moore,WR,,2.921566831842329,2.6095529,2.921566831842329,6.0,backup,Depth chart: WR6. Higher-ranked teammate is active; recent usage is not treated as a starting role.,healthy_backup,2.571566831842329
00-0036425,DeeJay Dallas,DeeJay Dallas,RB,RB,"https://static.www.nfl.com/image/upload/f_auto,q_auto/league/qrvemj4m3g2mqlbgy352",2026,1,REG,2026_01_GB_MIN,MIN,TB,0,0,0,0,0,0,0,0,0,0,0,0,,,0,,0,0,0,0,0,0,0,0,0,0,,0,0,0,0,0,1,1,1,0,0,0,1,0,0,-1.6254725616890937,0,0,0,0,0,1.0,0.043478260869565216,0.005681818181818182,0.06919466403162056,0,1,0,0,0,0,0,0.0,0.0,0,0,0,0,0,0,0,0,0,0,0,0,0,0,0,0,0,0,0,0,0,0,0,0,0,0,0,0,0,0,0,0,0,,,0,0,0,0,0,0,0,0,0,0,0,0,,,,0,0,0,0,0,0,0,,0,0,0,0,0,0,0,,0,0,0,0,0,0,0,0,0,0,0.1,1.1,0,0,0.1,0.0,0.1,2026,1,,,,,0.1,,0.0,0,0,0.1,0.05,0.7333333333333334,0.55,0.33086250000000006,1,0.5,0.6666666666666666,0.5,0.586125,0,0.0,0.6666666666666666,0.5,0.27225,1,0.5,0.3333333333333333,0.25,0.44999999999999996,0,0.0,7.0,5.25,2.858625,1,0.5,0.3333333333333333,0.25,0.44999999999999996,,,,,,,,,,,0.0,0.0,0.0,0.0,0.0,0,0.0,0.0,0.0,0.0,0,0.0,0.0,0.0,0.0,0.1,0.05,0.7333333333333334,0.55,0.33086250000000006,-1.0,0.0,-1.0,,,0.0,0.0,0.7358625,-0.55,0.44962543953523937,0.0,0.0,-1.0,0.44999999999999996,4.0,0.27185083333333343,0.2606800276253971,2.3642879420343426,2.963852005572756,60.7358625,Stable,,,['Limited recent opportunity'],DeeJay Dallas,RB,,2.6640699738035494,1.8468145,2.6640699738035494,3.0,backup,Depth chart: RB3. Higher-ranked teammate is active; recent usage is not treated as a starting role.,healthy_backup,2.5640699738035497
00-0040208,Tahj Brooks,Tahj Brooks,RB,RB,"https://static.www.nfl.com/image/upload/f_auto,q_auto/league/s89clgkij0ytcmrkdydt",2026,1,REG,2026_01_TB_CIN,CIN,PIT,0,0,0,0,0,0,0,0,0,0,0,0,,,0,,0,0,0,0,0,0,0,0,0,0,,0,0,0,0,0,0,0,0,0,0,0,0,0,0,,0,0,0,0,0,,0.0,0.0,0.0,0,0,0,0,0,0,0,0.0,0.0,0,0,0,0,0,0,0,0,0,0,0,0,0,0,0,0,0,0,0,0,0,0,0,0,0,0,0,2,49,0,0,0,0,,,0,0,0,0,0,0,0,0,0,0,0,0,,,,0,0,0,0,0,0,0,,0,0,0,0,0,0,0,,0,0,0,0,0,0,0,0,0,0,0.0,0.0,0,0,0.0,0.0,0.0,2026,1,,,,,,,,0,0,0.0,0.95,0.8666666666666667,0.65,0.5655375,0,0.5,0.3333333333333333,0.25,0.2475,0,1.5,2.3333333333333335,1.75,1.287,0,4.5,3.0,2.25,2.2275,0,5.0,5.666666666666667,4.25,3.4278750000000002,0,0.5,0.3333333333333333,0.25,0.2475,,,,,,,,,,,0.0,0.0,0.0,0.0,0.0,0,0.0,0.0,0.0,0.0,0,0.0,0.0,0.0,0.0,0.0,0.95,0.8666666666666667,0.65,0.5655375,0.5999999999999999,0.5,-0.5,,,0.0,0.0,0.9553499999999999,0.22499999999999998,0.5919689119170986,0.0,0.0,0.5999999999999999,-0.3749999999999999,4.0,0.7322391666666668,0.33379375468909606,2.2958976661928685,3.0636233019777896,60.95535,Stable,,,['Limited recent opportunity'],Tahj Brooks,RB,,2.679760484085329,2.0419016,2.679760484085329,3.0,backup,Depth chart: RB3. Higher-ranked teammate is active; recent usage is not treated as a starting role.,healthy_backup,2.529760484085329
00-0036894,Pat Freiermuth,Pat Freiermuth,TE,TE,"https://static.www.nfl.com/image/upload/f_auto,q_auto/league/pyrdsypgggjshiaygkr7",2026,1,REG,2026_01_ATL_PIT,PIT,CIN,0,0,0,0,0,0,0,0,0,0,0,0,,,0,,0,0,0,0,0,0,0,0,0,0,,0,0,0,0,0,5,5,46,1,0,0,21,25,3,3.7361611644155346,0,2,1,0,0,2.1904761904761907,0.13513513513513514,0.051597051597051594,0.23882063882063884,0,0,0,0,0,0,0,0.0,0.0,0,0,0,0,0,0,0,0,0,0,0,0,0,0,0,0,0,0,0,0,0,0,0,0,0,0,0,0,0,0,0,0,0,,,0,0,0,0,0,0,0,0,0,0,0,0,,,,0,0,0,0,0,0,0,,0,0,0,0,0,0,0,,0,0,0,0,0,0,0,0,0,0,10.600000000000001,15.600000000000001,0,0,10.600000000000001,6.0,4.600000000000001,2026,1,,,,,2.12,,0.5660377358490565,0,0,10.600000000000001,6.200000000000001,5.833333333333333,5.950000000000001,6.9579,5,4.0,4.333333333333333,4.5,4.505,0,0.0,0.0,0.0,0.0,46,32.0,38.333333333333336,44.5,42.57900000000001,0,0.0,0.0,0.0,0.0,5,3.0,3.0,3.0,3.4050000000000002,,,,,,,,,,,6.0,3.0,2.0,1.5,2.6999999999999997,0,0.0,0.0,0.0,0.0,0,0.0,0.0,0.0,0.0,10.600000000000001,6.200000000000001,5.833333333333333,5.950000000000001,6.9579,0.5,-1.0,0.0,,,0.0,0.0,4.505,-1.0,1.5444839067702554,0.3880481179666278,0.2522312766783081,0.5,-1.5,4.0,6.175573333333334,1.7892342952720806,2.9678086098922796,7.083047489018065,64.505,Stable,,,['Projection primarily follows recent baseline'],Pat Freiermuth,TE,,5.025428049455172,5.4393806,5.025428049455172,2.0,backup,Depth chart: TE2. Higher-ranked teammate is active; recent usage is not treated as a starting role.,healthy_backup,2.525428049455172
00-0038394,Will Mallory,Will Mallory,TE,TE,"https://static.www.nfl.com/image/upload/f_auto,q_auto/league/sl1pkiox1hucg9sxttfi",2026,-1,REG,2025_17_JAX_IND,IND,HOU,0,0,0,0,0,0,0,0,0,0,0,0,,,0,,0,0,0,0,0,0,0,0,0,0,,0,0,0,0,0,1,1,16,0,0,0,16,0,1,1.5176577111706138,0,1,1,0,0,1.0,0.034482758620689655,0.05555555555555555,0.09061302681992336,0,0,0,0,0,0,0,0.0,0.0,0,0,0,0,0,0,0,0,0,0,0,0,0,0,0,0,0,0,0,0,0,0,0,0,0,0,0,0,0,0,0,0,0,,,0,0,0,0,0,0,0,0,0,0,0,0,,,,0,0,0,0,0,0,0,,0,0,0,0,0,0,0,,0,0,0,0,0,0,0,0,0,0,1.6,2.6,0,0,1.6,0.0,1.6,2025,17,,,,,1.6,,0.0,0,0,1.6,1.6,1.6,1.6,1.6,1,1.0,1.0,1.0,1.0,0,0.0,0.0,0.0,0.0,16,16.0,16.0,16.0,16.0,0,0.0,0.0,0.0,0.0,1,1.0,1.0,1.0,1.0,,,,,,,,,,,0.0,0.0,0.0,0.0,0.0,0,0.0,0.0,0.0,0.0,0,0.0,0.0,0.0,0.0,1.6,1.6,1.6,1.6,1.6,,,,,,,,1.0,0.0,1.6,0.0,0.0,,0.0,1.0,1.6,0.0,2.522557442245029,2.522557442245029,,Stable,,,['Limited recent opportunity'],Will Mallory,TE,,2.522557442245029,2.3385317,2.522557442245029,4.0,backup,Depth chart: TE4. Higher-ranked teammate is active; recent usage is not treated as a starting role.,healthy_backup,2.522557442245029
00-0041472,Marlin Klein,Marlin Klein,TE,TE,"https://static.www.nfl.com/image/upload/f_auto,q_auto/league/ek2nzhrwqxl6psbm2iic",2026,1,REG,2026_01_BUF_HOU,HOU,IND,0,0,0,0,0,0,0,0,0,0,0,0,,,0,,0,0,0,0,0,0,0,0,0,0,,0,0,0,0,0,1,1,16,0,0,0,14,2,1,1.0455206637270749,0,1,1,0,0,1.1428571428571428,0.02702702702702703,0.043478260869565216,0.07097532314923619,0,0,0,0,0,0,0,0.0,0.0,0,0,0,0,0,0,0,0,0,0,0,0,0,0,0,0,0,0,0,0,0,0,0,0,0,0,0,0,0,0,0,0,0,,,0,0,0,0,0,0,0,0,0,0,0,0,,,,0,0,0,0,0,0,0,,0,0,0,0,0,0,0,,0,0,0,0,0,0,0,0,0,0,1.6,2.6,0,0,1.6,0.0,1.6,2026,1,,,,,1.6,,0.0,0,0,1.6,1.6,1.6,1.6,1.6,1,1.0,1.0,1.0,1.0,0,0.0,0.0,0.0,0.0,16,16.0,16.0,16.0,16.0,0,0.0,0.0,0.0,0.0,1,1.0,1.0,1.0,1.0,,,,,,,,,,,0.0,0.0,0.0,0.0,0.0,0,0.0,0.0,0.0,0.0,0,0.0,0.0,0.0,0.0,1.6,1.6,1.6,1.6,1.6,,,,,,,,1.0,0.0,1.6,0.0,0.0,,0.0,1.0,1.6,0.0,2.522557442245029,2.522557442245029,,Stable,,,['Limited recent opportunity'],Marlin Klein,TE,,2.522557442245029,2.3385317,2.522557442245029,3.0,backup,Depth chart: TE3. Higher-ranked teammate is active; recent usage is not treated as a starting role.,healthy_backup,2.522557442245029
00-0040628,Drake Dabney,Drake Dabney,TE,TE,"https://static.www.nfl.com/image/upload/f_auto,q_auto/league/olsiufbauh2x6pshrygm",2026,-1,REG,2025_18_GB_MIN,GB,ATL,0,0,0,0,0,0,0,0,0,0,0,0,,,0,,0,0,0,0,0,0,0,0,0,0,,0,0,0,0,0,1,2,3,0,0,0,10,0,0,-0.8417506969999522,0,0,0,0,0,0.3,0.2,0.37037037037037035,0.5592592592592593,0,0,0,0,0,0,0,0.0,0.0,0,0,0,0,0,0,0,0,0,0,0,0,0,1,0,0,0,0,0,0,0,0,0,0,0,0,0,0,0,0,0,0,0,,,0,0,0,0,0,0,0,0,0,0,0,0,,,,0,0,0,0,0,0,0,,0,0,0,0,0,0,0,,0,0,0,0,0,0,0,0,0,0,0.30000000000000004,1.3,0,0,0.30000000000000004,0.0,0.30000000000000004,2025,18,,,,,0.15000000000000002,,0.0,0,0,0.30000000000000004,0.30000000000000004,0.30000000000000004,0.30000000000000004,0.30000000000000004,2,2.0,2.0,2.0,2.0,0,0.0,0.0,0.0,0.0,3,3.0,3.0,3.0,3.0,0,0.0,0.0,0.0,0.0,1,1.0,1.0,1.0,1.0,,,,,,,,,,,0.0,0.0,0.0,0.0,0.0,0,0.0,0.0,0.0,0.0,0,0.0,0.0,0.0,0.0,0.30000000000000004,0.30000000000000004,0.30000000000000004,0.30000000000000004,0.30000000000000004,,,,,,,,2.0,0.0,0.15000000000000002,0.0,0.0,,0.0,1.0,0.30000000000000004,0.0,2.5169567451789687,2.5169567451789687,,Stable,,,['Limited recent opportunity'],Drake Dabney,TE,,2.5169567451789687,2.1345613,2.5169567451789687,5.0,backup,Depth chart: TE5. Higher-ranked teammate is active; recent usage is not treated as a starting role.,healthy_backup,2.5169567451789687
00-0040729,Jack Bech,Jack Bech,WR,WR,"https://static.www.nfl.com/image/upload/f_auto,q_auto/league/feplgtl0x1svqen9szwv",2026,1,REG,2026_01_MIA_LV,LV,NO,0,0,0,0,0,0,0,0,0,0,0,0,,,0,,0,0,0,0,0,0,0,0,0,0,,0,0,0,0,0,3,4,23,1,0,0,32,7,1,-2.95521616213955,0,1,0,0,0,0.71875,0.13793103448275862,0.1415929203539823,0.3060115959719255,0,1,0,0,0,0,0,0.0,0.0,0,0,0,0,0,0,0,0,0,0,0,0,0,0,0,0,0,0,0,0,0,0,0,0,0,0,0,0,0,0,0,0,0,,,0,0,0,0,0,0,0,0,0,0,0,0,,,,0,0,0,0,0,0,0,,0,0,0,0,0,0,0,,0,0,0,0,0,0,0,0,0,0,8.3,11.3,0,0,8.3,6.0,2.3000000000000007,2026,1,,,,,2.075,,0.7228915662650601,0,0,8.3,4.15,4.2,3.575,4.603175,4,3.0,3.0,3.0,3.2024999999999997,0,0.0,0.0,0.0,0.0,23,11.5,22.0,20.75,19.031750000000002,0,0.0,0.0,0.0,0.0,3,1.5,1.6666666666666667,1.75,1.955,,,,,,,,,,,6.0,3.0,2.0,1.5,2.6999999999999997,0,0.0,0.0,0.0,0.0,0,0.0,0.0,0.0,0.0,8.3,4.15,4.2,3.575,4.603175,1.1500000000000004,0.0,0.0,,,0.0,0.0,3.2024999999999997,0.0,1.437369242779079,0.5865516735731315,0.3812585878225355,1.1500000000000004,-1.1500000000000004,4.0,4.0750516528537375,1.699099191601244,1.7050913952224385,5.613019535905299,63.2025,TD-dependent production,,,['Production has significant TD dependence'],Jack Bech,WR,,3.6590554655638687,3.7860334,3.6590554655638687,3.0,backup,Depth chart: WR3. Higher-ranked teammate is active; recent usage is not treated as a starting role.,healthy_backup,2.5090554655638684
00-0038589,Josh Whyle,Josh Whyle,TE,TE,"https://static.www.nfl.com/image/upload/f_auto,q_auto/league/an9hxzbzmg6kgkdai022",2026,-1,POST,2025_19_GB_CHI,GB,ATL,0,0,0,0,0,0,0,0,0,0,0,0,,,0,,0,0,0,0,0,0,0,0,0,0,,0,0,0,0,0,1,1,7,0,0,0,4,3,0,0.33441251277690753,0,0,0,0,0,1.75,0.02631578947368421,0.008528784648187633,0.045443833464257656,0,0,0,0,0,0,0,0.0,0.0,0,0,0,0,0,0,0,0,0,0,0,0,0,0,0,0,0,0,1,10,0,0,0,0,0,0,0,0,0,0,0,0,0,,,0,0,0,0,0,0,0,0,0,0,0,0,,,,0,0,0,0,0,0,0,,0,0,0,0,0,0,0,,0,0,0,0,0,0,0,0,0,0,0.7000000000000001,1.7000000000000002,0,0,0.7000000000000001,0.0,0.7000000000000001,2025,19,,,,,0.7000000000000001,,0.0,0,0,0.7000000000000001,0.55,0.6333333333333334,0.6333333333333334,0.6560000000000001,1,1.0,1.0,1.0,1.0,0,0.0,0.0,0.0,0.0,7,5.5,6.333333333333333,6.333333333333333,6.5600000000000005,0,0.0,0.0,0.0,0.0,1,1.0,1.0,1.0,1.0,,,,,,,,,,,0.0,0.0,0.0,0.0,0.0,0,0.0,0.0,0.0,0.0,0,0.0,0.0,0.0,0.0,0.7000000000000001,0.55,0.6333333333333334,0.6333333333333334,0.6560000000000001,-0.25,0.0,0.0,,,0.0,0.0,1.0,0.0,0.6560000000000001,0.0,0.0,-0.25,0.25,3.0,0.6469333333333335,0.04877595035807436,2.1559174825119154,2.2681021683354867,61.0,Stable,,,['Limited recent opportunity'],Josh Whyle,TE,,2.212009825423701,1.6408305,2.212009825423701,3.0,backup,Depth chart: TE3. Higher-ranked teammate is active; recent usage is not treated as a starting role.,healthy_backup,2.462009825423701
00-0039650,Bryce Oliver,Bryce Oliver,WR,WR,"https://static.www.nfl.com/image/upload/f_auto,q_auto/league/bdsenkkodb8gbdvtivvr",2026,-1,REG,2025_02_LA_TEN,TEN,NYG,0,0,0,0,0,0,0,0,0,0,0,0,,,0,,0,0,0,0,0,0,0,0,0,0,,0,0,0,0,0,0,0,0,0,0,0,0,0,0,,0,0,0,0,0,,0.0,0.0,0.0,0,1,0,0,0,0,0,0.0,0.0,0,0,0,0,0,0,0,0,0,0,0,0,0,0,0,0,0,0,0,0,0,0,0,0,0,0,0,0,0,0,0,0,0,,,0,0,0,0,0,0,0,0,0,0,0,0,,,,0,0,0,0,0,0,0,,0,0,0,0,0,0,0,,0,0,0,0,0,0,0,0,0,0,0.0,0.0,0,0,0.0,0.0,0.0,2025,2,,,,,,,,0,0,0.0,0.4,0.4,0.4,0.44000000000000006,0,0.5,0.5,0.5,0.55,0,0.0,0.0,0.0,0.0,0,4.0,4.0,4.0,4.4,0,0.0,0.0,0.0,0.0,0,0.5,0.5,0.5,0.55,,,,,,,,,,,0.0,0.0,0.0,0.0,0.0,0,0.0,0.0,0.0,0.0,0,0.0,0.0,0.0,0.0,0.0,0.4,0.4,0.4,0.44000000000000006,,,,,,,,0.55,0.0,0.8,0.0,0.0,,0.0,2.0,0.42400000000000004,0.164730082255792,2.269438515466615,2.648317704654936,,Stable,,,['Limited recent opportunity'],Bryce Oliver,WR,,2.4588781100607755,1.2383556,2.4588781100607755,6.0,backup,Depth chart: WR6. Higher-ranked teammate is active; recent usage is not treated as a starting role.,healthy_backup,2.4588781100607755
00-0040879,Matthew Hibner,Matthew Hibner,TE,TE,"https://static.www.nfl.com/image/upload/f_auto,q_auto/league/kkkia0wl2sqsjiwecde0",2026,1,REG,2026_01_BAL_IND,BAL,DAL,0,0,0,0,0,0,0,0,0,0,0,0,,,0,,0,0,0,0,0,0,0,0,0,0,,0,0,0,0,0,1,1,13,0,0,0,1,12,1,0.853725885564927,0,1,0,0,0,13.0,0.041666666666666664,0.0037174721189591076,0.06510223048327138,0,0,0,0,0,0,0,0.0,0.0,0,0,0,0,0,0,0,0,0,0,0,0,0,0,0,0,0,0,0,0,0,0,0,0,0,0,0,0,0,0,0,0,0,,,0,0,0,0,0,0,0,0,0,0,0,0,,,,0,0,0,0,0,0,0,,0,0,0,0,0,0,0,,0,0,0,0,0,0,0,0,0,0,1.3,2.3,0,0,1.3,0.0,1.3,2026,1,,,,,1.3,,0.0,0,0,1.3,1.3,1.3,1.3,1.3,1,1.0,1.0,1.0,1.0,0,0.0,0.0,0.0,0.0,13,13.0,13.0,13.0,13.0,0,0.0,0.0,0.0,0.0,1,1.0,1.0,1.0,1.0,,,,,,,,,,,0.0,0.0,0.0,0.0,0.0,0,0.0,0.0,0.0,0.0,0,0.0,0.0,0.0,0.0,1.3,1.3,1.3,1.3,1.3,,,,,,,,1.0,0.0,1.3,0.0,0.0,,0.0,1.0,1.3000000000000003,0.0,2.424181672568119,2.424181672568119,,Stable,,,['Limited recent opportunity'],Matthew Hibner,TE,,2.424181672568119,1.9142704,2.424181672568119,3.0,backup,Depth chart: TE3. Higher-ranked teammate is active; recent usage is not treated as a starting role.,healthy_backup,2.424181672568119
00-0038458,Owen Wright,Owen Wright,RB,RB,"https://static.www.nfl.com/image/upload/f_auto,q_auto/league/nig1vy9k1asfhkanvlki",2026,-1,REG,2025_12_TB_LA,TB,MIN,0,0,0,0,0,0,0,0,0,0,0,0,,,0,,0,0,0,0,3,6,0,0,0,0,-1.049660998629406,0,0,0,0,0,0,0,0,0,0,0,0,0,0,,0,0,0,0,0,,0.0,0.0,0.0,0,0,0,0,0,0,0,0.0,0.0,0,0,0,0,0,0,0,0,0,0,0,0,0,0,0,0,0,0,0,0,0,0,0,0,0,0,0,2,48,0,0,0,0,,,0,0,0,0,0,0,0,0,0,0,0,0,,,,0,0,0,0,0,0,0,,0,0,0,0,0,0,0,,0,0,0,0,0,0,0,0,0,0,0.6000000000000001,0.6000000000000001,0,0,0.6000000000000001,0.0,0.6000000000000001,2025,12,,,,,,0.20000000000000004,0.0,0,0,0.6000000000000001,0.30000000000000004,0.30000000000000004,0.30000000000000004,0.27,0,0.0,0.0,0.0,0.0,3,1.5,1.5,1.5,1.3499999999999999,0,0.0,0.0,0.0,0.0,6,3.0,3.0,3.0,2.6999999999999997,0,0.0,0.0,0.0,0.0,,,,,,,,,,,0.0,0.0,0.0,0.0,0.0,0,0.0,0.0,0.0,0.0,0,0.0,0.0,0.0,0.0,0.6000000000000001,0.30000000000000004,0.30000000000000004,0.30000000000000004,0.27,,,,,,,,0.7424999999999999,0.0,0.3636363636363637,0.0,0.0,,0.0,2.0,0.28200000000000003,0.12354756169184404,2.2795913371656207,2.5637507290568617,,Stable,,,['Limited recent opportunity'],Owen Wright,RB,,2.421671033111241,2.1556044,2.421671033111241,6.0,backup,Depth chart: RB6. Higher-ranked teammate is active; recent usage is not treated as a starting role.,healthy_backup,2.421671033111241
00-0039751,Jordan Whittington,Jordan Whittington,WR,WR,"https://static.www.nfl.com/image/upload/f_auto,q_auto/league/enqcg1lgjkuk0hqz3qjc",2026,1,REG,2026_01_SF_LA,LAR,DEN,0,0,0,0,0,0,0,0,0,0,0,0,,,0,,0,0,0,0,0,0,0,0,0,0,,0,0,0,0,0,1,1,8,0,0,0,8,0,0,0.3204024031292647,0,0,0,0,0,1.0,0.037037037037037035,0.03137254901960784,0.07751633986928104,0,0,0,0,0,0,0,0.0,0.0,0,0,0,0,0,0,0,0,0,0,0,0,0,1,0,0,0,0,0,0,1,0,0,1,0,0,0,4,94,0,0,0,0,,,0,0,0,0,0,0,0,0,0,0,0,0,,,,0,0,0,0,0,0,0,,0,0,0,0,0,0,0,,0,0,0,0,0,0,0,0,0,0,0.8,1.8,0,0,0.8,0.0,0.8,2026,1,,,,,0.8,,0.0,0,0,0.8,0.4,1.4333333333333333,1.075,0.8364375,1,0.5,1.0,0.75,0.72225,0,0.0,0.3333333333333333,0.25,0.136125,8,4.0,14.333333333333334,10.75,8.364374999999999,0,0.0,0.0,0.0,0.0,1,0.5,1.0,0.75,0.72225,,,,,,,,,,,0.0,0.0,0.0,0.0,0.0,0,0.0,0.0,0.0,0.0,0,0.0,0.0,0.0,0.0,0.8,0.4,1.4333333333333333,1.075,0.8364375,-1.35,-0.5,-0.5,,,0.0,0.0,0.79711875,-0.775,1.0493260884905793,0.0,0.0,-1.35,0.5750000000000001,4.0,0.7501958333333334,0.3402083921208359,2.230333781704389,3.012813083582312,60.79711875,Stable,,,['Limited recent opportunity'],Jordan Whittington,WR,,2.6215734326433506,1.458651,2.6215734326433506,3.0,backup,Depth chart: WR3. Higher-ranked teammate is active; recent usage is not treated as a starting role.,healthy_backup,2.421573432643351
00-0040890,Cyrus Allen,Cyrus Allen,WR,WR,"https://static.www.nfl.com/image/upload/f_auto,q_auto/league/qput6hanukjbatuao8ca",2026,1,REG,2026_01_DEN_KC,KC,MIA,0,0,0,0,0,0,0,0,0,0,0,0,,,0,,0,0,0,0,0,0,0,0,0,0,,0,0,0,0,0,0,1,0,0,0,0,5,0,0,-1.6027035291772336,0,0,0,0,0,0.0,0.04,0.03759398496240601,0.0863157894736842,0,0,0,0,0,0,0,0.0,0.0,0,0,0,0,0,0,0,0,0,0,0,0,0,0,0,0,0,0,1,6,0,0,0,0,0,0,0,0,0,0,0,0,0,,,0,0,0,0,0,0,0,0,0,0,0,0,,,,0,0,0,0,0,0,0,,0,0,0,0,0,0,0,,0,0,0,0,0,0,0,0,0,0,0.0,0.0,0,0,0.0,0.0,0.0,2026,1,,,,,0.0,,,0,0,0.0,0.0,0.0,0.0,0.0,1,1.0,1.0,1.0,1.0,0,0.0,0.0,0.0,0.0,0,0.0,0.0,0.0,0.0,0,0.0,0.0,0.0,0.0,0,0.0,0.0,0.0,0.0,,,,,,,,,,,0.0,0.0,0.0,0.0,0.0,0,0.0,0.0,0.0,0.0,0,0.0,0.0,0.0,0.0,0.0,0.0,0.0,0.0,0.0,,,,,,,,1.0,0.0,0.0,,0.0,,0.0,1.0,0.0,0.0,2.402034406857256,2.402034406857256,,Stable,,,['Limited recent opportunity'],Cyrus Allen,WR,,2.402034406857256,1.9177912,2.402034406857256,4.0,backup,Depth chart: WR4. Higher-ranked teammate is active; recent usage is not treated as a starting role.,healthy_backup,2.402034406857256
00-0038647,Ronnie Bell,Ronnie Bell,WR,WR,"https://static.www.nfl.com/image/upload/f_auto,q_auto/league/oc0bqykntgi6uiczr7zc",2026,-1,REG,2025_18_NO_ATL,NO,LV,0,0,0,0,0,0,0,0,0,0,0,0,,,0,,0,0,0,0,0,0,0,0,0,0,,0,0,0,0,0,2,4,23,1,0,0,78,1,1,1.188012222701218,0,1,1,0,0,0.2948717948717949,0.11764705882352941,0.2775800711743772,0.37077663805735817,0,0,0,0,0,0,0,0.0,0.0,0,0,0,0,0,0,0,0,0,0,0,0,0,0,0,0,0,0,0,0,0,0,0,0,0,0,0,0,0,0,0,0,0,,,0,0,0,0,0,0,0,0,0,0,0,0,,,,0,0,0,0,0,0,0,,0,0,0,0,0,0,0,,0,0,0,0,0,0,0,0,0,0,8.3,10.3,0,0,8.3,6.0,2.3000000000000007,2025,18,,,,,2.075,,0.7228915662650601,0,0,8.3,4.15,4.15,4.15,3.735,4,2.0,2.0,2.0,1.7999999999999998,0,0.0,0.0,0.0,0.0,23,11.5,11.5,11.5,10.35,0,0.0,0.0,0.0,0.0,2,1.0,1.0,1.0,0.8999999999999999,,,,,,,,,,,6.0,3.0,3.0,3.0,2.6999999999999997,0,0.0,0.0,0.0,0.0,0,0.0,0.0,0.0,0.0,8.3,4.15,4.15,4.15,3.735,,,,,,,,1.7999999999999998,0.0,2.075,0.7228915662650602,0.46987951807228917,,0.0,2.0,3.35521686746988,1.7090746034038424,0.43609132310881793,4.366962910937655,,Stable,,,"['Limited recent opportunity', 'Production has significant TD dependence']",Ronnie Bell,WR,,2.4015271170232366,3.0268288,2.4015271170232366,8.0,backup,Depth chart: WR8. Higher-ranked teammate is active; recent usage is not treated as a starting role.,healthy_backup,2.4015271170232366
00-0033885,David Njoku,David Njoku,TE,TE,"https://static.www.nfl.com/image/upload/f_auto,q_auto/league/y4g1iayqrbrhdvkqywpx",2026,1,REG,2026_01_ARI_LAC,LAC,BUF,0,0,0,0,0,0,0,0,0,0,0,0,,,0,,0,0,0,0,0,0,0,0,0,0,,0,0,0,0,0,5,5,58,0,0,0,28,30,3,-0.324215846543666,0,4,0,0,0,2.0714285714285716,0.18518518518518517,0.10256410256410256,0.34957264957264955,0,0,0,0,0,0,0,0.0,0.0,0,0,0,0,0,0,0,0,0,0,0,0,0,0,0,0,0,0,0,0,0,0,0,0,0,0,0,0,0,0,0,0,0,,,0,0,0,0,0,0,0,0,0,0,0,0,,,,0,0,0,0,0,0,0,,0,0,0,0,0,0,0,,0,0,0,0,0,0,0,0,0,0,5.800000000000001,10.8,0,0,5.800000000000001,0.0,5.800000000000001,2026,1,,,,,1.1600000000000001,,0.0,0,0,5.800000000000001,5.95,4.1000000000000005,3.25,4.2906625,5,3.0,2.6666666666666665,2.5,3.1025,0,0.0,0.0,0.0,0.0,58,29.5,21.0,17.5,28.056624999999997,0,0.0,0.0,0.0,0.0,5,3.0,2.6666666666666665,2.25,2.936125,,,,,,,,,,,0.0,3.0,2.0,1.5,1.4849999999999999,0,0.0,0.0,0.0,0.0,0,0.0,0.0,0.0,0.0,5.800000000000001,5.95,4.1000000000000005,3.25,4.2906625,5.4,1.0,0.0,,,0.0,0.0,3.1025,1.0,1.382969379532635,0.34610039824852223,0.22496525886153945,5.4,-4.4,4.0,4.4368975,1.0392464819401606,2.185567673941437,4.575834582403806,63.1025,Stable,,,['Recent production is improving'],David Njoku,TE,,3.3807011281726216,3.141872,3.3807011281726216,2.0,backup,Depth chart: TE2. Higher-ranked teammate is active; recent usage is not treated as a starting role.,healthy_backup,2.380701128172621
00-0040509,Ben Yurosek,Ben Yurosek,TE,TE,"https://static.www.nfl.com/image/upload/f_auto,q_auto/league/q6ea6dqd4nn27aeihiv7",2026,-1,REG,2025_18_GB_MIN,MIN,TB,0,0,0,0,0,0,0,0,0,0,0,0,,,0,,0,0,0,0,0,0,0,0,0,0,,0,0,0,0,0,1,1,9,0,0,0,5,4,1,1.0734054176136851,0,0,0,0,0,1.8,0.03333333333333333,0.025252525252525252,0.06767676767676768,0,0,0,0,0,0,0,0.0,0.0,0,0,0,0,0,0,0,0,0,0,0,0,0,0,0,0,0,0,0,0,0,0,0,0,0,0,0,0,0,0,0,0,0,,,0,0,0,0,0,0,0,0,0,0,0,0,,,,0,0,0,0,0,0,0,,0,0,0,0,0,0,0,,0,0,0,0,0,0,0,0,0,0,0.9,1.9,0,0,0.9,0.0,0.9,2025,18,,,,,0.9,,0.0,0,0,0.9,0.45,0.3,0.3,0.40499999999999997,1,0.5,0.3333333333333333,0.3333333333333333,0.44999999999999996,0,0.0,0.0,0.0,0.0,9,4.5,3.0,3.0,4.05,0,0.0,0.0,0.0,0.0,1,0.5,0.3333333333333333,0.3333333333333333,0.44999999999999996,,,,,,,,,,,0.0,0.0,0.0,0.0,0.0,0,0.0,0.0,0.0,0.0,0,0.0,0.0,0.0,0.0,0.9,0.45,0.3,0.3,0.40499999999999997,0.45,0.5,0.0,,,0.0,0.0,0.44999999999999996,0.5,0.9,0.0,0.0,0.45,0.04999999999999999,3.0,0.5379999999999999,0.22240503591420765,1.5718251160641192,2.083356698666797,60.45,Stable,,,['Limited recent opportunity'],Ben Yurosek,TE,,1.8275909073654582,1.0877426,1.8275909073654582,4.0,backup,Depth chart: TE4. Higher-ranked teammate is active; recent usage is not treated as a starting role.,healthy_backup,2.377590907365458
00-0037348,Tanner Conner,Tanner Conner,TE,TE,"https://static.www.nfl.com/image/upload/f_auto,q_auto/league/hya7vfgtuyx5k4tnhmic",2026,-1,REG,2025_09_BAL_MIA,MIA,KC,0,0,0,0,0,0,0,0,0,0,0,0,,,0,,0,0,0,0,0,0,0,0,0,0,,0,0,0,0,0,0,1,0,0,0,0,20,0,0,-0.9422545596025884,0,0,0,0,0,0.0,0.02702702702702703,0.07380073800738007,0.09220105714570659,0,0,0,0,0,0,0,0.0,0.0,0,0,0,0,0,0,0,0,0,0,0,0,0,0,0,0,0,0,1,10,0,0,0,0,0,0,0,0,0,0,0,0,0,,,0,0,0,0,0,0,0,0,0,0,0,0,,,,0,0,0,0,0,0,0,,0,0,0,0,0,0,0,,0,0,0,0,0,0,0,0,0,0,0.0,0.0,0,0,0.0,0.0,0.0,2025,9,,,,,0.0,,,0,0,0.0,0.30000000000000004,1.1333333333333335,1.1333333333333335,0.9955000000000003,1,1.5,2.0,2.0,1.8525,0,0.0,0.0,0.0,0.0,0,3.0,11.333333333333334,11.333333333333334,9.955000000000002,0,0.0,0.0,0.0,0.0,0,1.0,1.0,1.0,0.7975,,,,,,,,,,,0.0,0.0,0.0,0.0,0.0,0,0.0,0.0,0.0,0.0,0,0.0,0.0,0.0,0.0,0.0,0.30000000000000004,1.1333333333333335,1.1333333333333335,0.9955000000000003,-2.5,-1.5,0.0,,,0.0,0.0,1.8525,-1.5,0.5373819163292849,0.0,0.0,-2.5,1.0,3.0,0.5256333333333336,0.47161485698961336,2.334679143887263,3.4193933149633735,61.8525,Downtrend confirmed,,,"['Limited recent opportunity', 'Recent production is declining']",Tanner Conner,TE,,2.8770362294253182,2.2979193,2.8770362294253182,5.0,backup,Depth chart: TE5. Higher-ranked teammate is active; recent usage is not treated as a starting role.,healthy_backup,2.3770362294253182
00-0037755,Jelani Woods,Jelani Woods,TE,TE,"https://static.www.nfl.com/image/upload/f_auto,q_auto/league/bnezem4laynlarqnpyc5",2026,-1,REG,2025_17_NE_NYJ,NYJ,DET,0,0,0,0,0,0,0,0,0,0,0,0,,,0,,0,0,0,0,0,0,0,0,0,0,,0,0,0,0,0,1,1,4,0,0,0,3,1,0,0.08949725393904373,0,0,0,0,0,1.3333333333333333,0.03125,0.02,0.060875,0,0,0,0,0,0,0,0.0,0.0,0,0,0,0,0,0,0,0,0,0,0,0,0,0,0,0,0,0,0,0,0,0,0,0,0,0,0,0,0,0,0,0,0,,,0,0,0,0,0,0,0,0,0,0,0,0,,,,0,0,0,0,0,0,0,,0,0,0,0,0,0,0,,0,0,0,0,0,0,0,0,0,0,0.4,1.4,0,0,0.4,0.0,0.4,2025,17,,,,,0.4,,0.0,0,0,0.4,0.2,0.2,0.2,0.18,1,1.5,1.5,1.5,1.55,0,0.0,0.0,0.0,0.0,4,2.0,2.0,2.0,1.7999999999999998,0,0.0,0.0,0.0,0.0,1,0.5,0.5,0.5,0.44999999999999996,,,,,,,,,,,0.0,0.0,0.0,0.0,0.0,0,0.0,0.0,0.0,0.0,0,0.0,0.0,0.0,0.0,0.4,0.2,0.2,0.2,0.18,,,,,,,,1.55,0.0,0.11612903225806451,0.0,0.0,,0.0,2.0,0.188,0.08236504112789601,2.278470996618868,2.4679105912130286,,Stable,,,['Limited recent opportunity'],Jelani Woods,TE,,2.3731907939159482,1.7762475,2.3731907939159482,5.0,backup,Depth chart: TE5. Higher-ranked teammate is active; recent usage is not treated as a starting role.,healthy_backup,2.3731907939159482
00-0040476,Ulysses Bentley IV,Ulysses Bentley IV,RB,RB,"https://static.www.nfl.com/image/upload/f_auto,q_auto/league/iw8g8cngrmp4ipcrdpwi",2026,-1,REG,2025_01_MIA_IND,IND,HOU,0,0,0,0,0,0,0,0,0,0,0,0,,,0,,0,0,0,0,1,0,0,0,0,0,-0.7951695243951273,0,0,0,0,0,0,0,0,0,0,0,0,0,0,,0,0,0,0,0,,0.0,0.0,0.0,0,0,0,0,0,0,0,0.0,0.0,0,0,0,0,0,0,0,0,0,0,0,0,0,0,0,0,0,0,0,0,0,0,0,0,0,0,0,0,0,0,0,0,0,,,0,0,0,0,0,0,0,0,0,0,0,0,,,,0,0,0,0,0,0,0,,0,0,0,0,0,0,0,,0,0,0,0,0,0,0,0,0,0,0.0,0.0,0,0,0.0,0.0,0.0,2025,1,,,,,,0.0,,0,0,0.0,0.0,0.0,0.0,0.0,0,0.0,0.0,0.0,0.0,1,1.0,1.0,1.0,1.0,0,0.0,0.0,0.0,0.0,0,0.0,0.0,0.0,0.0,0,0.0,0.0,0.0,0.0,,,,,,,,,,,0.0,0.0,0.0,0.0,0.0,0,0.0,0.0,0.0,0.0,0,0.0,0.0,0.0,0.0,0.0,0.0,0.0,0.0,0.0,,,,,,,,0.55,0.0,0.0,,0.0,,0.0,1.0,0.0,0.0,2.349087772396008,2.349087772396008,,Stable,,,['Limited recent opportunity'],Ulysses Bentley IV,RB,,2.349087772396008,2.2777715,2.349087772396008,4.0,backup,Depth chart: RB4. Higher-ranked teammate is active; recent usage is not treated as a starting role.,healthy_backup,2.349087772396008
00-0036328,Antonio Gibson,Antonio Gibson,RB,RB,"https://static.www.nfl.com/image/upload/f_auto,q_auto/league/j7ixpkm7u4tdoqwzmbt4",2026,-1,REG,2025_05_NE_BUF,NE,JAX,0,0,0,0,0,0,0,0,0,0,0,0,,,0,,0,0,0,0,6,21,0,0,0,1,-0.7679916676133871,0,0,0,0,0,1,1,5,0,0,0,-6,11,0,-0.16212798934429884,0,0,0,0,0,-0.8333333333333334,0.03571428571428571,-0.028169014084507043,0.033853118712273644,0,0,0,0,0,0,0,0.0,0.0,0,0,0,0,0,0,0,0,0,0,0,0,0,0,0,0,0,0,0,0,1,0,0,1,0,0,0,2,49,0,0,0,0,,,0,0,0,0,0,0,0,0,0,0,0,0,,,,0,0,0,0,0,0,0,,0,0,0,0,0,0,0,,0,0,0,0,0,0,0,0,0,0,2.6,3.6,0,0,2.6,0.0,2.6,2025,5,,,,,2.6,0.43333333333333335,0.0,0,0,2.6,5.6499999999999995,4.033333333333333,4.033333333333333,3.56525,1,0.5,0.3333333333333333,0.3333333333333333,0.44999999999999996,6,6.0,6.333333333333333,6.333333333333333,6.3025,5,2.5,1.6666666666666667,1.6666666666666667,2.25,21,24.0,25.333333333333332,25.333333333333332,24.6025,1,0.5,0.3333333333333333,0.3333333333333333,0.44999999999999996,,,,,,,,,,,0.0,3.0,2.0,2.0,1.4849999999999999,0,0.0,0.0,0.0,0.0,0,0.0,0.0,0.0,0.0,2.6,5.6499999999999995,4.033333333333333,4.033333333333333,3.56525,4.85,0.5,-1.0,,,0.0,0.0,3.9163750000000004,-0.050000000000000044,0.9103443873479938,0.4165205806044457,0.2707383773928897,4.85,-4.8999999999999995,3.0,3.734983333333333,0.9870097314616505,3.255274260300877,5.525396642662673,63.916375,Stable,,,['Recent production is improving'],Antonio Gibson,RB,,4.390335451481775,4.125228,4.390335451481775,,,,,2.340335451481775
00-0041099,Barion Brown,Barion Brown,WR,WR,"https://static.www.nfl.com/image/upload/f_auto,q_auto/league/zakfmezzed4qotdrmbpc",2026,1,REG,2026_01_NO_DET,NO,LV,0,0,0,0,0,0,0,0,0,0,0,0,,,0,,0,0,0,0,1,3,0,0,0,0,-0.2968917079269886,0,0,0,0,0,0,0,0,0,0,0,0,0,0,,0,0,0,0,0,,0.0,0.0,0.0,0,0,0,0,0,0,0,0.0,0.0,0,0,0,0,0,0,0,0,0,0,0,0,0,0,0,0,0,0,0,0,0,0,0,0,0,4,21,3,55,0,0,0,0,,,0,0,0,0,0,0,0,0,0,0,0,0,,,,0,0,0,0,0,0,0,,0,0,0,0,0,0,0,,0,0,0,0,0,0,0,0,0,0,0.30000000000000004,0.30000000000000004,0,0,0.30000000000000004,0.0,0.30000000000000004,2026,1,,,,,,0.30000000000000004,0.0,0,0,0.30000000000000004,0.30000000000000004,0.30000000000000004,0.30000000000000004,0.30000000000000004,0,0.0,0.0,0.0,0.0,1,1.0,1.0,1.0,1.0,0,0.0,0.0,0.0,0.0,3,3.0,3.0,3.0,3.0,0,0.0,0.0,0.0,0.0,,,,,,,,,,,0.0,0.0,0.0,0.0,0.0,0,0.0,0.0,0.0,0.0,0,0.0,0.0,0.0,0.0,0.30000000000000004,0.30000000000000004,0.30000000000000004,0.30000000000000004,0.30000000000000004,,,,,,,,0.55,0.0,0.5454545454545455,0.0,0.0,,0.0,1.0,0.30000000000000004,0.0,2.317086635163535,2.317086635163535,,Stable,,,['Limited recent opportunity'],Barion Brown,WR,,2.317086635163535,1.4779763,2.317086635163535,3.0,backup,Depth chart: WR3. Higher-ranked teammate is active; recent usage is not treated as a starting role.,healthy_backup,2.317086635163535
00-0041503,Nate Boerkircher,Nate Boerkircher,TE,TE,"https://static.www.nfl.com/image/upload/f_auto,q_auto/league/bxglkvzpx2y40u25xaso",2026,1,REG,2026_01_CLE_JAX,JAX,NE,0,0,0,0,0,0,0,0,0,0,0,0,,,0,,0,0,0,0,0,0,0,0,0,0,,0,0,0,0,0,1,1,9,0,0,0,2,7,0,0.9316582360770553,0,0,0,0,0,4.5,0.047619047619047616,0.008264462809917356,0.07721369539551358,0,0,0,0,0,0,0,0.0,0.0,0,0,0,0,0,0,0,0,0,0,0,0,0,0,0,0,0,0,1,10,0,0,0,0,0,0,0,0,0,0,0,0,0,,,0,0,0,0,0,0,0,0,0,0,0,0,,,,0,0,0,0,0,0,0,,0,0,0,0,0,0,0,,0,0,0,0,0,0,0,0,0,0,0.9,1.9,0,0,0.9,0.0,0.9,2026,1,,,,,0.9,,0.0,0,0,0.9,0.9,0.9,0.9,0.9,1,1.0,1.0,1.0,1.0,0,0.0,0.0,0.0,0.0,9,9.0,9.0,9.0,9.0,0,0.0,0.0,0.0,0.0,1,1.0,1.0,1.0,1.0,,,,,,,,,,,0.0,0.0,0.0,0.0,0.0,0,0.0,0.0,0.0,0.0,0,0.0,0.0,0.0,0.0,0.9,0.9,0.9,0.9,0.9,,,,,,,,1.0,0.0,0.9,0.0,0.0,,0.0,1.0,0.9,0.0,2.293013979665573,2.293013979665573,,Stable,,,['Limited recent opportunity'],Nate Boerkircher,TE,,2.293013979665573,1.722683,2.293013979665573,2.0,backup,Depth chart: TE2. Higher-ranked teammate is active; recent usage is not treated as a starting role.,healthy_backup,2.293013979665573
00-0040081,Jake Briningstool,Jake Briningstool,TE,TE,"https://static.www.nfl.com/image/upload/f_auto,q_auto/league/q7n84oth87v1glz5a5sz",2026,1,REG,2026_01_DEN_KC,KC,MIA,0,0,0,0,0,0,0,0,0,0,0,0,,,0,,0,0,0,0,0,0,0,0,0,0,,0,0,0,0,0,1,1,9,0,0,0,4,5,0,0.7931939717673231,0,0,0,0,0,2.25,0.04,0.03007518796992481,0.08105263157894736,0,0,0,2,0,0,0,0.0,0.0,0,0,0,0,0,0,0,0,0,0,0,0,0,0,0,0,0,0,0,0,0,0,0,0,0,0,0,0,0,0,0,0,0,,,0,0,0,0,0,0,0,0,0,0,0,0,,,,0,0,0,0,0,0,0,,0,0,0,0,0,0,0,,0,0,0,0,0,0,0,0,0,0,0.9,1.9,0,0,0.9,0.0,0.9,2026,1,,,,,0.9,,0.0,0,0,0.9,0.9,0.9,0.9,0.9,1,1.0,1.0,1.0,1.0,0,0.0,0.0,0.0,0.0,9,9.0,9.0,9.0,9.0,0,0.0,0.0,0.0,0.0,1,1.0,1.0,1.0,1.0,,,,,,,,,,,0.0,0.0,0.0,0.0,0.0,0,0.0,0.0,0.0,0.0,0,0.0,0.0,0.0,0.0,0.9,0.9,0.9,0.9,0.9,,,,,,,,1.0,0.0,0.9,0.0,0.0,,0.0,1.0,0.9,0.0,2.293013979665573,2.293013979665573,,Stable,,,['Limited recent opportunity'],Jake Briningstool,TE,,2.293013979665573,1.722683,2.293013979665573,3.0,backup,Depth chart: TE3. Higher-ranked teammate is active; recent usage is not treated as a starting role.,healthy_backup,2.293013979665573
00-0040534,Ke'Shawn Williams,Ke'Shawn Williams,WR,WR,"https://static.www.nfl.com/image/upload/f_auto,q_auto/league/r7enwgccqv93feuoeurz",2026,-1,REG,2025_18_CLE_CIN,CIN,PIT,0,0,0,0,0,0,0,0,0,0,0,0,,,0,,0,0,0,0,1,9,0,0,0,0,0.6609039814793505,0,0,0,0,0,0,0,0,0,0,0,0,0,0,,0,0,0,0,0,,0.0,0.0,0.0,0,0,0,0,0,0,0,0.0,0.0,0,0,0,0,0,0,0,0,0,0,0,0,0,0,0,0,0,0,0,0,0,0,0,0,0,3,13,4,99,0,0,0,0,,,0,0,0,0,0,0,0,0,0,0,0,0,,,,0,0,0,0,0,0,0,,0,0,0,0,0,0,0,,0,0,0,0,0,0,0,0,0,0,0.9,0.9,0,0,0.9,0.0,0.9,2025,18,,,,,,0.9,0.0,0,0,0.9,0.7,0.5,0.5,0.5589999999999999,0,0.5,0.3333333333333333,0.3333333333333333,0.2475,1,0.5,0.6666666666666666,0.6666666666666666,0.7525,0,2.5,1.6666666666666667,1.6666666666666667,1.2375,9,4.5,3.3333333333333335,3.3333333333333335,4.3525,0,0.5,0.3333333333333333,0.3333333333333333,0.2475,,,,,,,,,,,0.0,0.0,0.0,0.0,0.0,0,0.0,0.0,0.0,0.0,0,0.0,0.0,0.0,0.0,0.9,0.7,0.5,0.5,0.5589999999999999,0.6,0.5,-0.5,,,0.0,0.0,0.661375,0.22499999999999998,0.8452088452088451,0.0,0.0,0.6,-0.375,3.0,0.61415,0.1527251125388356,2.264931920586752,2.616199679426074,60.661375,Stable,,,['Limited recent opportunity'],Ke'Shawn Williams,WR,,2.440565800006413,1.326188,2.440565800006413,6.0,backup,Depth chart: WR6. Higher-ranked teammate is active; recent usage is not treated as a starting role.,healthy_backup,2.290565800006413
00-0040311,Theo Wease Jr.,Theo Wease Jr.,WR,WR,"https://static.www.nfl.com/image/upload/f_auto,q_auto/league/iykujtgwn2x1ymy7jdxw",2026,-1,REG,2025_18_MIA_NE,MIA,KC,0,0,0,0,0,0,0,0,0,0,0,0,,,0,,0,0,0,0,0,0,0,0,0,0,,0,0,0,0,0,3,5,44,0,0,0,59,11,3,-1.1883787720580585,0,2,2,1,0,0.7457627118644068,0.20833333333333334,0.36875,0.5706249999999999,0,0,0,0,0,0,0,0.0,0.0,0,0,0,0,0,0,0,0,0,0,0,0,0,0,0,0,0,0,0,0,0,0,0,0,0,0,0,0,0,0,0,0,0,,,0,0,0,0,0,0,0,0,0,0,0,0,,,,0,0,0,0,0,0,0,,0,0,0,0,0,0,0,,0,0,0,0,0,0,0,0,0,0,4.4,7.4,0,0,4.4,0.0,4.4,2025,18,,,,,0.8800000000000001,,0.0,0,0,4.4,8.350000000000001,6.633333333333333,6.633333333333333,5.99225,5,3.0,3.3333333333333335,3.3333333333333335,3.7075000000000005,0,0.0,0.0,0.0,0.0,44,53.5,46.333333333333336,46.333333333333336,45.072500000000005,0,0.0,0.0,0.0,0.0,3,2.0,2.0,2.0,2.2025,,,,,,,,,,,0.0,3.0,2.0,2.0,1.4849999999999999,0,0.0,0.0,0.0,0.0,0,0.0,0.0,0.0,0.0,4.4,8.350000000000001,6.633333333333333,6.633333333333333,5.99225,5.150000000000001,-1.0,0.0,,,0.0,0.0,3.7075000000000005,-1.0,1.6162508428860416,0.2478201009637448,0.16108306562643412,5.150000000000001,-6.150000000000001,3.0,5.898683333333334,1.2710336777599562,3.817166723903024,6.740544182750923,63.7075,Stable,,,['Recent production is improving'],Theo Wease Jr.,WR,,5.278855453326973,4.8465986,5.278855453326973,10.0,backup,Depth chart: WR10. Higher-ranked teammate is active; recent usage is not treated as a starting role.,healthy_backup,2.2788554533269734
00-0033375,Tim Patrick,Tim Patrick,WR,WR,"https://static.www.nfl.com/image/upload/f_auto,q_auto/league/hw06t7n00cfpt7euljza",2026,-1,POST,2025_19_BUF_JAX,JAX,NE,0,0,0,0,0,0,0,0,0,0,0,0,,,0,,0,0,0,0,0,0,0,0,0,0,,0,0,0,0,0,0,1,0,0,0,0,21,0,0,-0.4369438961148262,0,0,0,0,0,0.0,0.03333333333333333,0.07191780821917808,0.10034246575342465,0,0,0,0,0,0,0,0.0,0.0,0,0,0,0,0,0,0,0,0,0,0,0,0,0,0,0,0,0,0,0,0,0,0,0,0,0,0,0,0,0,0,0,0,,,0,0,0,0,0,0,0,0,0,0,0,0,,,,0,0,0,0,0,0,0,,0,0,0,0,0,0,0,,0,0,0,0,0,0,0,0,0,0,0.0,0.0,0,0,0.0,0.0,0.0,2025,19,,,,,0.0,,,0,0,0.0,0.2,0.13333333333333333,0.13333333333333333,0.099,1,1.0,1.0,1.0,1.0,0,0.0,0.0,0.0,0.0,0,2.0,1.3333333333333333,1.3333333333333333,0.99,0,0.0,0.0,0.0,0.0,0,0.5,0.3333333333333333,0.3333333333333333,0.2475,,,,,,,,,,,0.0,0.0,0.0,0.0,0.0,0,0.0,0.0,0.0,0.0,0,0.0,0.0,0.0,0.0,0.0,0.2,0.13333333333333333,0.13333333333333333,0.099,0.2,0.0,0.0,,,0.0,0.0,1.0,0.0,0.099,0.0,0.0,0.2,-0.2,3.0,0.11273333333333334,0.06536176252213521,2.36412879868731,2.514460852488221,61.0,Stable,,,['Limited recent opportunity'],Tim Patrick,WR,,2.4392948255877656,1.8159318,2.4392948255877656,6.0,unavailable,Depth chart: WR6. Player is currently O.,,2.2392948255877654
00-0026158,Joe Flacco,Joe Flacco,QB,QB,"https://static.www.nfl.com/image/upload/f_auto,q_auto/league/dre1d2f2d6dxqohzn5l2",2026,-1,REG,2025_18_CLE_CIN,CIN,PIT,0,0,0,0,0,0,0,0,0,0,0,0,,,0,,0,0,0,0,1,2,0,0,0,1,0.28809704177547246,0,0,0,0,0,0,0,0,0,0,0,0,0,0,,0,0,0,0,0,,0.0,0.0,0.0,0,0,0,0,0,0,0,0.0,0.0,0,0,0,0,0,0,0,0,0,0,0,0,0,0,0,0,0,0,0,0,0,0,0,0,0,0,0,0,0,0,0,0,0,,,0,0,0,0,0,0,0,0,0,0,0,0,,,,0,0,0,0,0,0,0,,0,0,0,0,0,0,0,,0,0,0,0,0,0,0,0,0,0,0.2,0.2,0,0,0.2,0.0,0.2,2025,18,,,,,,0.2,0.0,0,0,0.2,0.6799999999999999,0.5066666666666666,0.5066666666666666,0.4255,0,0.0,0.0,0.0,0.0,1,2.5,1.6666666666666667,1.6666666666666667,1.44,0,0.0,0.0,0.0,0.0,2,2.0,1.3333333333333333,1.3333333333333333,1.395,0,0.0,0.0,0.0,0.0,,,,,,,,,,,0.0,0.0,0.0,0.0,0.0,0,0.0,0.0,0.0,0.0,0,0.0,0.0,0.0,0.0,0.2,0.6799999999999999,0.5066666666666666,0.5066666666666666,0.4255,0.5199999999999999,0.0,2.5,,,0.0,0.0,0.792,1.375,0.5372474747474747,0.0,0.0,0.5199999999999999,0.8550000000000001,3.0,0.0,0.1558684488064641,0.0,0.0,60.792,Stable,,,['Limited recent opportunity'],Joe Flacco,QB,,0.0,0.0,11.521966872066779,2.0,backup,Depth chart: QB2. Higher-ranked teammate is active; recent usage is not treated as a starting role.,healthy_backup,2.23
00-0038911,Malik Cunningham,Malik Cunningham,WR,WR,"https://static.www.nfl.com/image/upload/f_auto,q_auto/league/b1zs666er20onzjnff8h",2026,-1,REG,2025_14_DAL_DET,DET,NYJ,0,0,0,0,0,0,0,0,0,0,0,0,,,0,,0,0,0,0,1,1,0,0,0,0,-0.4975396324880421,0,0,0,0,0,0,0,0,0,0,0,0,0,0,,0,0,0,0,0,,0.0,0.0,0.0,0,0,0,0,0,0,0,0.0,0.0,0,0,0,0,0,0,0,0,0,0,0,0,0,0,0,0,0,0,0,0,0,0,0,0,0,0,0,0,0,0,0,0,0,,,0,0,0,0,0,0,0,0,0,0,0,0,,,,0,0,0,0,0,0,0,,0,0,0,0,0,0,0,,0,0,0,0,0,0,0,0,0,0,0.1,0.1,0,0,0.1,0.0,0.1,2025,14,,,,,,0.1,0.0,0,0,0.1,0.1,0.1,0.1,0.1,0,0.0,0.0,0.0,0.0,1,1.0,1.0,1.0,1.0,0,0.0,0.0,0.0,0.0,1,1.0,1.0,1.0,1.0,0,0.0,0.0,0.0,0.0,,,,,,,,,,,0.0,0.0,0.0,0.0,0.0,0,0.0,0.0,0.0,0.0,0,0.0,0.0,0.0,0.0,0.1,0.1,0.1,0.1,0.1,,,,,,,,0.55,0.0,0.18181818181818182,0.0,0.0,,0.0,1.0,0.1,0.0,2.208745814905966,2.208745814905966,,Stable,,,['Limited recent opportunity'],Malik Cunningham,WR,,2.208745814905966,1.4331357,2.208745814905966,7.0,backup,Depth chart: WR7. Higher-ranked teammate is active; recent usage is not treated as a starting role.,healthy_backup,2.208745814905966
00-0037742,Treylon Burks,Treylon Burks,WR,WR,"https://static.www.nfl.com/image/upload/f_auto,q_auto/league/bmozbzdxgnnwdniuvgnn",2026,-1,REG,2025_18_WAS_PHI,WAS,SEA,0,0,0,0,0,0,0,0,0,0,0,0,,,0,,0,0,0,0,0,0,0,0,0,0,,0,0,0,0,0,2,4,12,0,0,0,44,9,1,-0.7440108766559854,0,0,0,0,0,0.2727272727272727,0.21052631578947367,0.35772357723577236,0.5661959777492511,0,0,0,0,0,0,0,0.0,0.0,0,0,0,0,0,0,0,0,0,0,0,0,0,0,0,0,0,0,0,0,0,0,0,0,0,0,0,1,22,0,0,0,0,,,0,0,0,0,0,0,0,0,0,0,0,0,,,,0,0,0,0,0,0,0,,0,0,0,0,0,0,0,,0,0,0,0,0,0,0,0,0,0,1.2000000000000002,3.2,0,0,1.2000000000000002,0.0,1.2000000000000002,2025,18,,,,,0.30000000000000004,,0.0,0,0,1.2000000000000002,1.1500000000000001,1.7666666666666668,1.7666666666666668,1.7197500000000001,4,3.0,3.6666666666666665,3.6666666666666665,3.8075,0,0.0,0.0,0.0,0.0,12,11.5,17.666666666666668,17.666666666666668,17.1975,0,0.0,0.0,0.0,0.0,2,1.5,1.6666666666666667,1.6666666666666667,1.7525,,,,,,,,,,,0.0,0.0,0.0,0.0,0.0,0,0.0,0.0,0.0,0.0,0,0.0,0.0,0.0,0.0,1.2000000000000002,1.1500000000000001,1.7666666666666668,1.7666666666666668,1.7197500000000001,-1.8499999999999999,-2.0,0.0,,,0.0,0.0,3.8075,-2.0,0.45167432698621146,0.0,0.0,-1.8499999999999999,-0.15000000000000013,3.0,1.038516666666667,0.2831561583296397,4.021491723303661,4.672750887461832,63.8075,Downtrend confirmed,,,['Role is trending downward'],Treylon Burks,WR,,4.347121305382746,3.7851999,4.347121305382746,6.0,backup,Depth chart: WR6. Higher-ranked teammate is active; recent usage is not treated as a starting role.,healthy_backup,2.197121305382746
00-0039021,Roschon Johnson,Roschon Johnson,RB,RB,"https://static.www.nfl.com/image/upload/f_auto,q_auto/league/xbham6uvckkshpntb8oj",2026,1,REG,2026_01_CHI_CAR,CHI,PHI,0,0,0,0,0,0,0,0,0,0,0,0,,,0,,0,0,0,0,0,0,0,0,0,0,,0,0,0,0,0,0,0,0,0,0,0,0,0,0,,0,0,0,0,0,,0.0,0.0,0.0,0,0,0,4,0,0,0,0.0,0.0,0,0,0,0,0,0,0,0,0,0,0,0,0,0,0,0,0,0,0,0,0,0,0,0,0,0,0,0,0,0,0,0,0,,,0,0,0,0,0,0,0,0,0,0,0,0,,,,0,0,0,0,0,0,0,,0,0,0,0,0,0,0,,0,0,0,0,0,0,0,0,0,0,0.0,0.0,0,0,0.0,0.0,0.0,2026,1,,,,,,,,0,0,0.0,0.0,0.3666666666666667,0.42500000000000004,0.24956250000000008,0,0.0,0.0,0.0,0.0,0,0.0,0.3333333333333333,0.5,0.30250000000000005,0,0.0,0.0,0.0,0.0,0,0.0,3.6666666666666665,4.25,2.4956250000000004,0,0.0,0.0,0.0,0.0,,,,,,,,,,,0.0,0.0,0.0,0.0,0.0,0,0.0,0.0,0.0,0.0,0,0.0,0.0,0.0,0.0,0.0,0.0,0.3666666666666667,0.42500000000000004,0.24956250000000008,-0.8500000000000001,0.0,-1.0,,,0.0,0.0,0.16637500000000005,-0.55,1.5,0.0,0.0,-0.8500000000000001,0.30000000000000004,4.0,0.11265416666666672,0.17917547284560031,2.2349868609800776,2.647090448524958,60.166375,Stable,,,['Limited recent opportunity'],Roschon Johnson,RB,,2.441038654752518,1.9646199,2.441038654752518,3.0,backup,Depth chart: RB3. Higher-ranked teammate is active; recent usage is not treated as a starting role.,healthy_backup,2.191038654752518
00-0041490,Eli Heidenreich,Eli Heidenreich,RB,RB,"https://static.www.nfl.com/image/upload/f_auto,q_auto/league/jhiyjb8jmjyzehmrrjoy",2026,1,REG,2026_01_ATL_PIT,PIT,CIN,0,0,0,0,0,0,0,0,0,0,0,0,,,0,,0,0,0,0,0,0,0,0,0,0,,0,0,0,0,0,0,0,0,0,0,0,0,0,0,,0,0,0,0,0,,0.0,0.0,0.0,0,0,0,0,0,0,0,0.0,0.0,0,0,0,0,0,0,0,0,0,0,0,0,0,0,0,0,0,0,0,0,0,0,0,0,0,0,0,2,47,0,0,0,0,,,0,0,0,0,0,0,0,0,0,0,0,0,,,,0,0,0,0,0,0,0,,0,0,0,0,0,0,0,,0,0,0,0,0,0,0,0,0,0,0.0,0.0,0,0,0.0,0.0,0.0,2026,1,,,,,,,,0,0,0.0,0.0,0.0,0.0,0.0,0,0.0,0.0,0.0,0.0,0,0.0,0.0,0.0,0.0,0,0.0,0.0,0.0,0.0,0,0.0,0.0,0.0,0.0,0,0.0,0.0,0.0,0.0,,,,,,,,,,,0.0,0.0,0.0,0.0,0.0,0,0.0,0.0,0.0,0.0,0,0.0,0.0,0.0,0.0,0.0,0.0,0.0,0.0,0.0,,,,,,,,0.0,0.0,,,0.0,,0.0,1.0,0.0,0.0,2.1758524696088664,2.1758524696088664,,Stable,,,['Limited recent opportunity'],Eli Heidenreich,RB,,2.1758524696088664,3.3875148,2.1758524696088664,3.0,backup,Depth chart: RB3. Higher-ranked teammate is active; recent usage is not treated as a starting role.,healthy_backup,2.1758524696088664
00-0038396,Eric Gray,Eric Gray,RB,RB,"https://static.www.nfl.com/image/upload/f_auto,q_auto/league/ijjxwxv1ccyowzhpuw2k",2026,-1,REG,2025_12_NYG_DET,NYG,TEN,0,0,0,0,0,0,0,0,0,0,0,0,,,0,,0,0,0,0,0,0,0,0,0,0,,0,0,0,0,0,0,0,0,0,0,0,0,0,0,,0,0,0,0,0,,0.0,0.0,0.0,0,0,0,0,0,0,0,0.0,0.0,0,0,0,0,0,0,0,0,0,0,0,0,0,0,0,0,0,0,0,0,0,0,0,0,0,0,0,2,41,0,0,0,0,,,0,0,0,0,0,0,0,0,0,0,0,0,,,,0,0,0,0,0,0,0,,0,0,0,0,0,0,0,,0,0,0,0,0,0,0,0,0,0,0.0,0.0,0,0,0.0,0.0,0.0,2025,12,,,,,,,,0,0,0.0,0.0,0.0,0.0,0.0,0,0.0,0.0,0.0,0.0,0,0.0,0.0,0.0,0.0,0,0.0,0.0,0.0,0.0,0,0.0,0.0,0.0,0.0,0,0.0,0.0,0.0,0.0,,,,,,,,,,,0.0,0.0,0.0,0.0,0.0,0,0.0,0.0,0.0,0.0,0,0.0,0.0,0.0,0.0,0.0,0.0,0.0,0.0,0.0,,,,,,,,0.0,0.0,,,0.0,,0.0,1.0,0.0,0.0,2.1758524696088664,2.1758524696088664,,Stable,,,['Limited recent opportunity'],Eric Gray,RB,,2.1758524696088664,3.3875148,2.1758524696088664,5.0,backup,Depth chart: RB5. Higher-ranked teammate is active; recent usage is not treated as a starting role.,healthy_backup,2.1758524696088664
00-0038409,Lew Nichols III,Lew Nichols III,RB,RB,"https://static.www.nfl.com/image/upload/f_auto,q_auto/league/plqg1yngo8vvs8ths7aw",2026,-1,REG,2025_09_IND_PIT,PIT,CIN,0,0,0,0,0,0,0,0,0,0,0,0,,,0,,0,0,0,0,0,0,0,0,0,0,,0,0,0,0,0,0,0,0,0,0,0,0,0,0,,0,0,0,0,0,,0.0,0.0,0.0,0,0,0,1,0,0,0,0.0,0.0,0,0,0,0,0,0,0,0,0,0,0,0,0,0,0,0,0,0,0,0,0,0,0,0,0,0,0,0,0,0,0,0,0,,,0,0,0,0,0,0,0,0,0,0,0,0,,,,0,0,0,0,0,0,0,,0,0,0,0,0,0,0,,0,0,0,0,0,0,0,0,0,0,0.0,0.0,0,0,0.0,0.0,0.0,2025,9,,,,,,,,0,0,0.0,0.0,0.0,0.0,0.0,0,0.0,0.0,0.0,0.0,0,0.0,0.0,0.0,0.0,0,0.0,0.0,0.0,0.0,0,0.0,0.0,0.0,0.0,0,0.0,0.0,0.0,0.0,,,,,,,,,,,0.0,0.0,0.0,0.0,0.0,0,0.0,0.0,0.0,0.0,0,0.0,0.0,0.0,0.0,0.0,0.0,0.0,0.0,0.0,,,,,,,,0.0,0.0,,,0.0,,0.0,1.0,0.0,0.0,2.1758524696088664,2.1758524696088664,,Stable,,,['Limited recent opportunity'],Lew Nichols III,RB,,2.1758524696088664,3.3875148,2.1758524696088664,4.0,backup,Depth chart: RB4. Higher-ranked teammate is active; recent usage is not treated as a starting role.,healthy_backup,2.1758524696088664
00-0038896,Jacob Saylors,Jacob Saylors,RB,RB,"https://static.www.nfl.com/image/upload/f_auto,q_auto/league/wunm6abfmikwaewmwkp7",2026,2,REG,2026_02_DET_BUF,DET,NYJ,0,0,0,0,0,0,0,0,0,0,0,0,,,0,,0,0,0,0,0,0,0,0,0,0,,0,0,0,0,0,0,0,0,0,0,0,0,0,0,,0,0,0,0,0,,0.0,0.0,0.0,0,1,0,0,0,0,0,0.0,0.0,0,0,0,0,0,0,0,0,0,0,0,0,0,0,0,0,0,0,0,0,0,0,0,0,0,0,0,2,58,0,0,0,0,,,0,0,0,0,0,0,0,0,0,0,0,0,,,,0,0,0,0,0,0,0,,0,0,0,0,0,0,0,,0,0,0,0,0,0,0,0,0,0,0.0,0.0,0,0,0.0,0.0,0.0,2026,2,,,,,,,,0,0,0.0,0.0,0.0,0.0,0.0,0,0.0,0.0,0.0,0.0,0,0.0,0.0,0.0,0.0,0,0.0,0.0,0.0,0.0,0,0.0,0.0,0.0,0.0,0,0.0,0.0,0.0,0.0,,,,,,,,,,,0.0,0.0,0.0,0.0,0.0,0,0.0,0.0,0.0,0.0,0,0.0,0.0,0.0,0.0,0.0,0.0,0.0,0.0,0.0,0.0,0.0,0.0,,,0.0,0.0,0.0,0.0,,,0.0,0.0,0.0,5.0,0.0,0.0,2.1758524696088664,2.1758524696088664,60.0,Stable,,,['Limited recent opportunity'],Jacob Saylors,RB,,2.1758524696088664,3.3875148,2.1758524696088664,3.0,backup,Depth chart: RB3. Higher-ranked teammate is active; recent usage is not treated as a starting role.,healthy_backup,2.1758524696088664
00-0038489,Ben VanSumeren,Ben VanSumeren,RB,RB,"https://static.www.nfl.com/image/upload/f_auto,q_auto/league/ncnb1nwr2b1usus557xy",2026,1,REG,2026_01_DEN_KC,KC,MIA,0,0,0,0,0,0,0,0,0,0,0,0,,,0,,0,0,0,0,0,0,0,0,0,0,,0,0,0,0,0,0,0,0,0,0,0,0,0,0,,0,0,0,0,0,,0.0,0.0,0.0,0,1,0,1,0,0,0,0.0,0.0,0,0,0,0,0,0,0,0,0,0,0,0,0,0,0,0,0,0,0,0,0,0,0,0,0,0,0,0,0,0,0,0,0,,,0,0,0,0,0,0,0,0,0,0,0,0,,,,0,0,0,0,0,0,0,,0,0,0,0,0,0,0,,0,0,0,0,0,0,0,0,0,0,0.0,0.0,0,0,0.0,0.0,0.0,2026,1,,,,,,,,0,0,0.0,0.0,0.0,0.0,0.0,0,0.0,0.0,0.0,0.0,0,0.0,0.0,0.0,0.0,0,0.0,0.0,0.0,0.0,0,0.0,0.0,0.0,0.0,0,0.0,0.0,0.0,0.0,,,,,,,,,,,0.0,0.0,0.0,0.0,0.0,0,0.0,0.0,0.0,0.0,0,0.0,0.0,0.0,0.0,0.0,0.0,0.0,0.0,0.0,,,,,,,,0.0,0.0,,,0.0,,0.0,1.0,0.0,0.0,2.1758524696088664,2.1758524696088664,,Stable,,,['Limited recent opportunity'],Ben VanSumeren,RB,,2.1758524696088664,3.3875148,2.1758524696088664,,,,,2.1758524696088664
00-0038678,Jordan Mims,Jordan Mims,RB,RB,"https://static.www.nfl.com/image/upload/f_auto,q_auto/league/nvamfcrdqvkwtnpgmzdh",2026,-1,REG,2025_02_LA_TEN,TEN,NYG,0,0,0,0,0,0,0,0,0,0,0,0,,,0,,0,0,0,0,0,0,0,0,0,0,,0,0,0,0,0,0,0,0,0,0,0,0,0,0,,0,0,0,0,0,,0.0,0.0,0.0,0,1,0,0,0,0,0,0.0,0.0,0,0,0,0,0,0,0,0,0,0,0,0,0,0,0,0,0,0,0,0,0,0,0,0,0,0,0,0,0,0,0,0,0,,,0,0,0,0,0,0,0,0,0,0,0,0,,,,0,0,0,0,0,0,0,,0,0,0,0,0,0,0,,0,0,0,0,0,0,0,0,0,0,0.0,0.0,0,0,0.0,0.0,0.0,2025,2,,,,,,,,0,0,0.0,0.0,0.0,0.0,0.0,0,0.0,0.0,0.0,0.0,0,0.0,0.0,0.0,0.0,0,0.0,0.0,0.0,0.0,0,0.0,0.0,0.0,0.0,0,0.0,0.0,0.0,0.0,,,,,,,,,,,0.0,0.0,0.0,0.0,0.0,0,0.0,0.0,0.0,0.0,0,0.0,0.0,0.0,0.0,0.0,0.0,0.0,0.0,0.0,,,,,,,,0.0,0.0,,,0.0,,0.0,1.0,0.0,0.0,2.1758524696088664,2.1758524696088664,,Stable,,,['Limited recent opportunity'],Jordan Mims,RB,,2.1758524696088664,3.3875148,2.1758524696088664,4.0,backup,Depth chart: RB4. Higher-ranked teammate is active; recent usage is not treated as a starting role.,healthy_backup,2.1758524696088664
00-0035567,Craig Reynolds,Craig Reynolds,RB,RB,"https://static.www.nfl.com/image/upload/f_auto,q_auto/league/f5zuttg3hinfqgronrsg",2026,-1,REG,2025_06_DET_KC,DET,NYJ,0,0,0,0,0,0,0,0,0,0,0,0,,,0,,0,0,0,0,0,0,0,0,0,0,,0,0,0,0,0,0,0,0,0,0,0,0,0,0,,0,0,0,0,0,,0.0,0.0,0.0,0,1,0,0,0,0,0,0.0,0.0,0,0,0,0,0,0,0,0,0,0,0,0,0,0,0,0,0,0,0,0,0,0,0,0,0,0,0,5,118,0,0,0,0,,,0,0,0,0,0,0,0,0,0,0,0,0,,,,0,0,0,0,0,0,0,,0,0,0,0,0,0,0,,0,0,0,0,0,0,0,0,0,0,0.0,0.0,0,0,0.0,0.0,0.0,2025,6,,,,,,,,0,0,0.0,0.0,0.0,0.0,0.0,0,0.0,0.0,0.0,0.0,0,0.0,0.0,0.0,0.0,0,0.0,0.0,0.0,0.0,0,0.0,0.0,0.0,0.0,0,0.0,0.0,0.0,0.0,,,,,,,,,,,0.0,0.0,0.0,0.0,0.0,0,0.0,0.0,0.0,0.0,0,0.0,0.0,0.0,0.0,0.0,0.0,0.0,0.0,0.0,0.0,0.0,0.0,,,0.0,0.0,0.0,0.0,,,0.0,0.0,0.0,3.0,0.0,0.0,2.1758524696088664,2.1758524696088664,60.0,Stable,,,['Limited recent opportunity'],Craig Reynolds,RB,,2.1758524696088664,3.3875148,2.1758524696088664,6.0,backup,Depth chart: RB6. Higher-ranked teammate is active; recent usage is not treated as a starting role.,healthy_backup,2.1758524696088664
00-0035628,D'Ernest Johnson,D'Ernest Johnson,RB,RB,"https://static.www.nfl.com/image/upload/f_auto,q_auto/league/gbe2eojaxid4n3pmo0rj",2026,-1,POST,2025_22_SEA_NE,NE,JAX,0,0,0,0,0,0,0,0,0,0,0,0,,,0,,0,0,0,0,0,0,0,0,0,0,,0,0,0,0,0,0,0,0,0,0,0,0,0,0,,0,0,0,0,0,,0.0,0.0,0.0,0,0,0,0,0,0,0,0.0,0.0,0,0,0,0,0,0,0,0,0,0,0,0,0,0,0,0,0,0,0,0,0,0,0,0,0,0,0,4,103,0,0,0,0,,,0,0,0,0,0,0,0,0,0,0,0,0,,,,0,0,0,0,0,0,0,,0,0,0,0,0,0,0,,0,0,0,0,0,0,0,0,0,0,0.0,0.0,0,0,0.0,0.0,0.0,2025,22,,,,,,,,0,0,0.0,0.0,0.0,0.0,0.0,0,0.0,0.0,0.0,0.0,0,0.0,0.0,0.0,0.0,0,0.0,0.0,0.0,0.0,0,0.0,0.0,0.0,0.0,0,0.0,0.0,0.0,0.0,,,,,,,,,,,0.0,0.0,0.0,0.0,0.0,0,0.0,0.0,0.0,0.0,0,0.0,0.0,0.0,0.0,0.0,0.0,0.0,0.0,0.0,0.0,0.0,0.0,,,0.0,0.0,0.0,0.0,,,0.0,0.0,0.0,3.0,0.0,0.0,2.1758524696088664,2.1758524696088664,60.0,Stable,,,['Limited recent opportunity'],D'Ernest Johnson,RB,,2.1758524696088664,3.3875148,2.1758524696088664,7.0,backup,Depth chart: RB7. Higher-ranked teammate is active; recent usage is not treated as a starting role.,healthy_backup,2.1758524696088664
00-0035594,Travis Homer,Travis Homer,RB,RB,"https://static.www.nfl.com/image/upload/f_auto,q_auto/league/dyyclvfaagspov2ydf3i",2026,-1,REG,2025_18_DET_CHI,CHI,PHI,0,0,0,0,0,0,0,0,0,0,0,0,,,0,,0,0,0,0,0,0,0,0,0,0,,0,0,0,0,0,0,0,0,0,0,0,0,0,0,,0,0,0,0,0,,0.0,0.0,0.0,0,1,0,0,0,0,0,0.0,0.0,0,0,0,0,0,0,0,0,0,0,0,0,0,0,0,0,0,0,0,0,0,0,0,0,0,0,0,0,0,0,0,0,0,,,0,0,0,0,0,0,0,0,0,0,0,0,,,,0,0,0,0,0,0,0,,0,0,0,0,0,0,0,,0,0,0,0,0,0,0,0,0,0,0.0,0.0,0,0,0.0,0.0,0.0,2025,18,,,,,,,,0,0,0.0,0.0,0.0,0.0,0.0,0,0.0,0.0,0.0,0.0,0,0.0,0.0,0.0,0.0,0,0.0,0.0,0.0,0.0,0,0.0,0.0,0.0,0.0,0,0.0,0.0,0.0,0.0,,,,,,,,,,,0.0,0.0,0.0,0.0,0.0,0,0.0,0.0,0.0,0.0,0,0.0,0.0,0.0,0.0,0.0,0.0,0.0,0.0,0.0,0.0,0.0,0.0,,,0.0,0.0,0.0,0.0,,,0.0,0.0,0.0,3.0,0.0,0.0,2.1758524696088664,2.1758524696088664,60.0,Stable,,,['Limited recent opportunity'],Travis Homer,RB,,2.1758524696088664,3.3875148,2.1758524696088664,3.0,backup,Depth chart: RB3. Higher-ranked teammate is active; recent usage is not treated as a starting role.,healthy_backup,2.1758524696088664
00-0039363,Isaac Guerendo,Isaac Guerendo,RB,RB,"https://static.www.nfl.com/image/upload/f_auto,q_auto/league/uy1bdu0dokosyzl4ohmi",2026,-1,REG,2025_13_SF_CLE,SF,ARI,0,0,0,0,0,0,0,0,0,0,0,0,,,0,,0,0,0,0,0,0,0,0,0,0,,0,0,0,0,0,0,0,0,0,0,0,0,0,0,,0,0,0,0,0,,0.0,0.0,0.0,0,0,0,1,0,0,1,0.0,0.0,0,0,0,0,0,0,0,0,0,0,0,0,0,0,0,0,0,0,0,0,0,0,0,0,0,0,0,0,0,0,0,0,0,,,0,0,0,0,0,0,0,0,0,0,0,0,,,,0,0,0,0,0,0,0,,0,0,0,0,0,0,0,,0,0,0,0,0,0,0,0,0,0,0.0,0.0,0,0,0.0,0.0,0.0,2025,13,,,,,,,,0,0,0.0,0.0,0.0,0.0,0.0,0,0.0,0.0,0.0,0.0,0,0.0,0.0,0.0,0.0,0,0.0,0.0,0.0,0.0,0,0.0,0.0,0.0,0.0,0,0.0,0.0,0.0,0.0,,,,,,,,,,,0.0,0.0,0.0,0.0,0.0,0,0.0,0.0,0.0,0.0,0,0.0,0.0,0.0,0.0,0.0,0.0,0.0,0.0,0.0,0.0,0.0,0.0,,,0.0,0.0,0.0,0.0,,,0.0,0.0,0.0,3.0,0.0,0.0,2.1758524696088664,2.1758524696088664,60.0,Stable,,,['Limited recent opportunity'],Isaac Guerendo,RB,,2.1758524696088664,3.3875148,2.1758524696088664,4.0,backup,Depth chart: RB4. Higher-ranked teammate is active; recent usage is not treated as a starting role.,healthy_backup,2.1758524696088664
00-0036984,Trey Sermon,Trey Sermon,RB,RB,"https://static.www.nfl.com/image/upload/f_auto,q_auto/league/eqhl3xiczodsyqlmsxvr",2026,-1,REG,2025_10_PIT_LAC,PIT,CIN,0,0,0,0,0,0,0,0,0,0,0,0,,,0,,0,0,0,0,0,0,0,0,0,0,,0,0,0,0,0,0,0,0,0,0,0,0,0,0,,0,0,0,0,0,,0.0,0.0,0.0,0,0,0,0,0,0,0,0.0,0.0,0,0,0,0,0,0,0,0,0,0,0,0,0,0,0,0,0,0,1,10,0,0,0,0,0,0,0,0,0,0,0,0,0,,,0,0,0,0,0,0,0,0,0,0,0,0,,,,0,0,0,0,0,0,0,,0,0,0,0,0,0,0,,0,0,0,0,0,0,0,0,0,0,0.0,0.0,0,0,0.0,0.0,0.0,2025,10,,,,,,,,0,0,0.0,0.0,0.0,0.0,0.0,0,0.0,0.0,0.0,0.0,0,0.0,0.0,0.0,0.0,0,0.0,0.0,0.0,0.0,0,0.0,0.0,0.0,0.0,0,0.0,0.0,0.0,0.0,,,,,,,,,,,0.0,0.0,0.0,0.0,0.0,0,0.0,0.0,0.0,0.0,0,0.0,0.0,0.0,0.0,0.0,0.0,0.0,0.0,0.0,0.0,0.0,0.0,,,0.0,0.0,0.0,0.0,,,0.0,0.0,0.0,3.0,0.0,0.0,2.1758524696088664,2.1758524696088664,60.0,Stable,,,['Limited recent opportunity'],Trey Sermon,RB,,2.1758524696088664,3.3875148,2.1758524696088664,3.0,backup,Depth chart: RB3. Higher-ranked teammate is active; recent usage is not treated as a starting role.,healthy_backup,2.1758524696088664
00-0039407,Dylan Laube,Dylan Laube,RB,RB,"https://static.www.nfl.com/image/upload/f_auto,q_auto/league/lpizdza73bgksstymv5t",2026,1,REG,2026_01_MIA_LV,LV,NO,0,0,0,0,0,0,0,0,0,0,0,0,,,0,,0,0,0,0,0,0,0,0,0,0,,0,0,0,0,0,0,0,0,0,0,0,0,0,0,,0,0,0,0,0,,0.0,0.0,0.0,0,0,0,2,0,0,0,0.0,0.0,0,0,0,0,0,0,0,0,0,0,0,0,0,0,0,0,0,0,0,0,0,0,0,0,0,0,0,2,95,0,0,0,0,,,0,0,0,0,0,0,0,0,0,0,0,0,,,,0,0,0,0,0,0,0,,0,0,0,0,0,0,0,,0,0,0,0,0,0,0,0,0,0,0.0,0.0,0,0,0.0,0.0,0.0,2026,1,,,,,,,,0,0,0.0,0.0,0.0,0.0,0.0,0,0.0,0.0,0.0,0.0,0,0.0,0.0,0.0,0.0,0,0.0,0.0,0.0,0.0,0,0.0,0.0,0.0,0.0,0,0.0,0.0,0.0,0.0,,,,,,,,,,,0.0,0.0,0.0,0.0,0.0,0,0.0,0.0,0.0,0.0,0,0.0,0.0,0.0,0.0,0.0,0.0,0.0,0.0,0.0,0.0,0.0,0.0,,,0.0,0.0,0.0,0.0,,,0.0,0.0,0.0,4.0,0.0,0.0,2.1758524696088664,2.1758524696088664,60.0,Stable,,,['Limited recent opportunity'],Dylan Laube,RB,,2.1758524696088664,3.3875148,2.1758524696088664,3.0,backup,Depth chart: RB3. Higher-ranked teammate is active; recent usage is not treated as a starting role.,healthy_backup,2.1758524696088664
00-0035726,Jakob Johnson,Jakob Johnson,RB,RB,"https://static.www.nfl.com/image/upload/f_auto,q_auto/league/awuzhbfuubbmxzxxdtsb",2026,-1,REG,2025_03_HOU_JAX,HOU,IND,0,0,0,0,0,0,0,0,0,0,0,0,,,0,,0,0,0,0,0,0,0,0,0,0,,0,0,0,0,0,0,0,0,0,0,0,0,0,0,,0,0,0,0,0,,0.0,0.0,0.0,0,1,0,0,0,0,0,0.0,0.0,0,0,0,0,0,0,0,0,0,0,0,0,0,0,0,0,0,0,0,0,0,0,0,0,0,0,0,0,0,0,0,0,0,,,0,0,0,0,0,0,0,0,0,0,0,0,,,,0,0,0,0,0,0,0,,0,0,0,0,0,0,0,,0,0,0,0,0,0,0,0,0,0,0.0,0.0,0,0,0.0,0.0,0.0,2025,3,,,,,,,,0,0,0.0,0.0,0.0,0.0,0.0,0,0.0,0.0,0.0,0.0,0,0.0,0.0,0.0,0.0,0,0.0,0.0,0.0,0.0,0,0.0,0.0,0.0,0.0,0,0.0,0.0,0.0,0.0,,,,,,,,,,,0.0,0.0,0.0,0.0,0.0,0,0.0,0.0,0.0,0.0,0,0.0,0.0,0.0,0.0,0.0,0.0,0.0,0.0,0.0,,,,,,,,0.0,0.0,,,0.0,,0.0,2.0,0.0,0.0,2.1758524696088664,2.1758524696088664,,Stable,,,['Limited recent opportunity'],Jakob Johnson,RB,,2.1758524696088664,3.3875148,2.1758524696088664,,,,,2.1758524696088664
00-0040692,Jarquez Hunter,Jarquez Hunter,RB,RB,"https://static.www.nfl.com/image/upload/f_auto,q_auto/league/pqqxp2q7mkpnqbahu25c",2026,-1,POST,2025_19_LA_CAR,LAR,DEN,0,0,0,0,0,0,0,0,0,0,0,0,,,0,,0,0,0,0,0,0,0,0,0,0,,0,0,0,0,0,0,0,0,0,0,0,0,0,0,,0,0,0,0,0,,0.0,0.0,0.0,0,1,0,0,0,0,0,0.0,0.0,0,0,0,0,0,0,0,0,0,0,0,0,0,0,0,0,0,0,0,0,0,0,0,0,0,0,0,0,0,0,0,0,0,,,0,0,0,0,0,0,0,0,0,0,0,0,,,,0,0,0,0,0,0,0,,0,0,0,0,0,0,0,,0,0,0,0,0,0,0,0,0,0,0.0,0.0,0,0,0.0,0.0,0.0,2025,19,,,,,,,,0,0,0.0,0.0,0.0,0.0,0.0,0,0.0,0.0,0.0,0.0,0,0.0,0.0,0.0,0.0,0,0.0,0.0,0.0,0.0,0,0.0,0.0,0.0,0.0,0,0.0,0.0,0.0,0.0,,,,,,,,,,,0.0,0.0,0.0,0.0,0.0,0,0.0,0.0,0.0,0.0,0,0.0,0.0,0.0,0.0,0.0,0.0,0.0,0.0,0.0,,,,,,,,0.0,0.0,,,0.0,,0.0,1.0,0.0,0.0,2.1758524696088664,2.1758524696088664,,Stable,,,['Limited recent opportunity'],Jarquez Hunter,RB,,2.1758524696088664,3.3875148,2.1758524696088664,4.0,backup,Depth chart: RB4. Higher-ranked teammate is active; recent usage is not treated as a starting role.,healthy_backup,2.1758524696088664
00-0036950,Avery Williams,Avery Williams,RB,RB,"https://static.www.nfl.com/image/upload/f_auto,q_auto/league/udxcy5ukuuppfhemywfn",2026,-1,REG,2025_05_DAL_NYJ,NYJ,DET,0,0,0,0,0,0,0,0,0,0,0,0,,,0,,0,0,0,0,0,0,0,0,0,0,,0,0,0,0,0,0,0,0,0,0,0,0,0,0,,0,0,0,0,0,,0.0,0.0,0.0,0,0,0,0,0,0,0,0.0,0.0,0,0,0,0,0,0,0,0,0,0,0,0,0,0,0,0,0,0,0,0,0,0,0,0,0,4,41,5,133,0,0,0,0,,,0,0,0,0,0,0,0,0,0,0,0,0,,,,0,0,0,0,0,0,0,,0,0,0,0,0,0,0,,0,0,0,0,0,0,0,0,0,0,0.0,0.0,0,0,0.0,0.0,0.0,2025,5,,,,,,,,0,0,0.0,0.0,0.0,0.0,0.0,0,0.0,0.0,0.0,0.0,0,0.0,0.0,0.0,0.0,0,0.0,0.0,0.0,0.0,0,0.0,0.0,0.0,0.0,0,0.0,0.0,0.0,0.0,,,,,,,,,,,0.0,0.0,0.0,0.0,0.0,0,0.0,0.0,0.0,0.0,0,0.0,0.0,0.0,0.0,0.0,0.0,0.0,0.0,0.0,,,,,,,,0.0,0.0,,,0.0,,0.0,1.0,0.0,0.0,2.1758524696088664,2.1758524696088664,,Stable,,,['Limited recent opportunity'],Avery Williams,RB,,2.1758524696088664,3.3875148,2.1758524696088664,,,,,2.1758524696088664
00-0036569,Gary Brightwell,Gary Brightwell,RB,RB,"https://static.www.nfl.com/image/upload/f_auto,q_auto/league/cwvxh10m5jw2gkbahtck",2026,-1,REG,2025_13_CIN_BAL,CIN,PIT,0,0,0,0,0,0,0,0,0,0,0,0,,,0,,0,0,0,0,0,0,0,0,0,0,,0,0,0,0,0,0,0,0,0,0,0,0,0,0,,0,0,0,0,0,,0.0,0.0,0.0,0,0,0,0,0,0,0,0.0,0.0,0,0,0,0,0,0,0,0,0,0,0,0,0,0,0,0,0,0,0,0,0,0,0,0,0,0,0,3,59,0,0,0,0,,,0,0,0,0,0,0,0,0,0,0,0,0,,,,0,0,0,0,0,0,0,,0,0,0,0,0,0,0,,0,0,0,0,0,0,0,0,0,0,0.0,0.0,0,0,0.0,0.0,0.0,2025,13,,,,,,,,0,0,0.0,0.0,0.0,0.0,0.0,0,0.0,0.0,0.0,0.0,0,0.0,0.0,0.0,0.0,0,0.0,0.0,0.0,0.0,0,0.0,0.0,0.0,0.0,0,0.0,0.0,0.0,0.0,,,,,,,,,,,0.0,0.0,0.0,0.0,0.0,0,0.0,0.0,0.0,0.0,0,0.0,0.0,0.0,0.0,0.0,0.0,0.0,0.0,0.0,,,,,,,,0.0,0.0,,,0.0,,0.0,2.0,0.0,0.0,2.1758524696088664,2.1758524696088664,,Stable,,,['Limited recent opportunity'],Gary Brightwell,RB,,2.1758524696088664,3.3875148,2.1758524696088664,4.0,backup,Depth chart: RB4. Higher-ranked teammate is active; recent usage is not treated as a starting role.,healthy_backup,2.1758524696088664
00-0034681,Chase Edmonds,Chase Edmonds,RB,RB,"https://static.www.nfl.com/image/upload/f_auto,q_auto/league/nbnqxhjafvg2vg6lc2ls",2026,-1,REG,2025_17_DAL_WAS,WAS,SEA,0,0,0,0,0,0,0,0,0,0,0,0,,,0,,0,0,0,0,0,0,0,0,0,0,,0,0,0,0,0,0,0,0,0,0,0,0,0,0,,0,0,0,0,0,,0.0,0.0,0.0,0,0,0,0,0,0,0,0.0,0.0,0,0,0,0,0,0,0,0,0,0,0,0,0,0,0,0,0,0,0,0,0,0,0,0,0,0,0,4,90,0,0,0,0,,,0,0,0,0,0,0,0,0,0,0,0,0,,,,0,0,0,0,0,0,0,,0,0,0,0,0,0,0,,0,0,0,0,0,0,0,0,0,0,0.0,0.0,0,0,0.0,0.0,0.0,2025,17,,,,,,,,0,0,0.0,0.0,0.0,0.0,0.0,0,0.0,0.0,0.0,0.0,0,0.0,0.0,0.0,0.0,0,0.0,0.0,0.0,0.0,0,0.0,0.0,0.0,0.0,0,0.0,0.0,0.0,0.0,,,,,,,,,,,0.0,0.0,0.0,0.0,0.0,0,0.0,0.0,0.0,0.0,0,0.0,0.0,0.0,0.0,0.0,0.0,0.0,0.0,0.0,0.0,0.0,0.0,,,0.0,0.0,0.0,0.0,,,0.0,0.0,0.0,3.0,0.0,0.0,2.1758524696088664,2.1758524696088664,60.0,Stable,,,['Limited recent opportunity'],Chase Edmonds,RB,,2.1758524696088664,3.3875148,2.1758524696088664,,,,,2.1758524696088664
00-0039050,Payne Durham,Payne Durham,TE,TE,"https://static.www.nfl.com/image/upload/f_auto,q_auto/league/emibbexzjbzvopbvo1at",2026,-1,REG,2025_18_CAR_TB,TB,MIN,0,0,0,0,0,0,0,0,0,0,0,0,,,0,,0,0,0,0,0,0,0,0,0,0,,0,0,0,0,0,0,1,0,0,0,0,13,0,0,-0.46506309311371297,0,0,0,0,0,0.0,0.045454545454545456,0.09154929577464789,0.1322663252240717,0,0,0,0,0,0,0,0.0,0.0,0,0,0,0,0,0,0,0,0,0,0,0,0,0,0,0,0,0,0,0,0,0,0,0,0,0,0,0,0,0,0,0,0,,,0,0,0,0,0,0,0,0,0,0,0,0,,,,0,0,0,0,0,0,0,,0,0,0,0,0,0,0,,0,0,0,0,0,0,0,0,0,0,0.0,0.0,0,0,0.0,0.0,0.0,2025,18,,,,,0.0,,,0,0,0.0,0.0,0.3666666666666667,0.3666666666666667,0.3327500000000001,1,0.5,0.6666666666666666,0.6666666666666666,0.7525,0,0.0,0.0,0.0,0.0,0,0.0,3.6666666666666665,3.6666666666666665,3.3275000000000006,0,0.0,0.0,0.0,0.0,0,0.0,0.3333333333333333,0.3333333333333333,0.30250000000000005,,,,,,,,,,,0.0,0.0,0.0,0.0,0.0,0,0.0,0.0,0.0,0.0,0,0.0,0.0,0.0,0.0,0.0,0.0,0.3666666666666667,0.3666666666666667,0.3327500000000001,-1.1,-0.5,0.0,,,0.0,0.0,0.7525,-0.5,0.4421926910299005,0.0,0.0,-1.1,0.6000000000000001,3.0,0.17131666666666678,0.17453063723407802,1.869786114454714,2.2712065800930934,60.7525,Stable,,,['Limited recent opportunity'],Payne Durham,TE,,2.0704963472739037,1.2691401,2.0704963472739037,2.0,backup,Depth chart: TE2. Higher-ranked teammate is active; recent usage is not treated as a starting role.,healthy_backup,2.170496347273904
00-0040138,Jaylin Noel,Jaylin Noel,WR,WR,"https://static.www.nfl.com/image/upload/f_auto,q_auto/league/ehlm8w4afdqoisx1e6as",2026,1,REG,2026_01_BUF_HOU,HOU,IND,0,0,0,0,0,0,0,0,0,0,0,0,,,0,,0,0,0,0,0,0,0,0,0,0,,0,0,0,0,0,2,2,53,0,0,0,26,27,2,3.9793616333336104,0,2,2,1,0,2.0384615384615383,0.05405405405405406,0.08074534161490683,0.13760282021151587,0,0,0,0,0,0,0,0.0,0.0,0,0,0,0,0,0,0,0,0,0,0,0,0,0,0,0,0,0,0,0,0,0,0,0,0,0,0,3,70,0,0,0,0,,,0,0,0,0,0,0,0,0,0,0,0,0,,,,0,0,0,0,0,0,0,,0,0,0,0,0,0,0,,0,0,0,0,0,0,0,0,0,0,5.300000000000001,7.300000000000001,0,0,5.300000000000001,0.0,5.300000000000001,2026,1,,,,,2.6500000000000004,,0.0,0,0,5.300000000000001,2.6500000000000004,1.7666666666666668,1.6500000000000001,2.6012875,2,1.5,1.3333333333333333,1.25,1.45,0,0.0,0.0,0.0,0.0,53,26.5,17.666666666666668,16.5,26.012874999999998,0,0.0,0.0,0.0,0.0,2,1.0,0.6666666666666666,0.75,1.0663749999999999,,,,,,,,,,,0.0,0.0,0.0,0.0,0.0,0,0.0,0.0,0.0,0.0,0,0.0,0.0,0.0,0.0,5.300000000000001,2.6500000000000004,1.7666666666666668,1.6500000000000001,2.6012875,2.0000000000000004,0.5,0.0,,,0.0,0.0,1.45,0.5,1.793991379310345,0.0,0.0,2.0000000000000004,-1.5000000000000004,4.0,2.424939166666667,1.3192466826448512,1.6482943608928715,4.68256173097603,61.45,Stable,,,"['Limited recent opportunity', 'Recent production is improving']",Jaylin Noel,WR,,3.1654280459344504,2.4065993,3.1654280459344504,4.0,backup,Depth chart: WR4. Higher-ranked teammate is active; recent usage is not treated as a starting role.,healthy_backup,2.16542804593445
00-0039793,AJ Barner,AJ Barner,TE,TE,"https://static.www.nfl.com/image/upload/f_auto,q_auto/league/i0esiguve9if4ts5mm1q",2026,1,REG,2026_01_NE_SEA,SEA,WAS,0,0,0,0,0,0,0,0,0,0,0,0,,,0,,0,0,0,0,0,0,0,0,0,0,,0,0,0,0,0,2,2,13,0,0,0,-1,14,1,0.8771314942860045,0,0,0,0,0,0.0,0.08333333333333333,-0.006493506493506494,0.12045454545454545,0,0,0,0,0,0,0,0.0,0.0,0,0,0,0,0,0,0,0,0,0,0,0,0,0,0,0,0,0,1,5,0,0,0,0,0,0,0,0,0,0,0,0,0,,,0,0,0,0,0,0,0,0,0,0,0,0,,,,0,0,0,0,0,0,0,,0,0,0,0,0,0,0,,0,0,0,0,0,0,0,0,0,0,1.3,3.3,0,0,1.3,0.0,1.3,2026,1,,,,,0.65,,0.0,0,0,1.3,6.3500000000000005,4.666666666666667,3.5500000000000003,3.6167375,2,3.0,3.0,2.25,2.298375,0,0.0,0.0,0.25,0.16637500000000005,13,33.5,26.666666666666668,20.0,20.984625,0,0.0,0.0,0.5,0.3327500000000001,2,3.0,2.6666666666666665,2.0,2.1622500000000002,,,,,,,,,,,0.0,3.0,2.0,1.5,1.4849999999999999,0,0.0,0.0,0.0,0.0,0,0.0,0.0,0.0,0.0,1.3,6.3500000000000005,4.666666666666667,3.5500000000000003,3.6167375,5.6000000000000005,1.5,-0.5,,,0.0,0.0,2.38988125,1.225,1.513354481524971,0.41059103681149095,0.2668841739274691,5.6000000000000005,-4.375,4.0,4.297959166666667,1.6463875811817352,1.023730320495324,4.810421757213315,62.38988125,Momentum confirmed,,,"['Limited recent opportunity', 'Recent production is improving']",AJ Barner,TE,,2.9170760388543195,2.7328622,2.9170760388543195,1.0,starter,Depth chart: TE1.,,2.14207603885432
00-0038440,Zavier Scott,Zavier Scott,RB,RB,"https://static.www.nfl.com/image/upload/f_auto,q_auto/league/z8sqpgdoyuv5rask15vn",2026,-1,REG,2025_18_GB_MIN,MIN,TB,0,0,0,0,0,0,0,0,0,0,0,0,,,0,,0,0,0,0,3,9,0,0,0,0,-0.8383406234206632,0,0,0,0,0,1,1,8,0,0,0,0,8,1,0.9564033970818855,0,0,0,0,0,0.0,0.03333333333333333,0.0,0.05,0,0,0,0,0,0,0,0.0,0.0,0,0,0,0,0,0,0,0,0,0,0,0,0,0,0,0,0,0,0,0,0,0,0,0,0,0,0,0,0,0,0,0,0,,,0,0,0,0,0,0,0,0,0,0,0,0,,,,0,0,0,0,0,0,0,,0,0,0,0,0,0,0,,0,0,0,0,0,0,0,0,0,0,1.7000000000000002,2.7,0,0,1.7000000000000002,0.0,1.7000000000000002,2025,18,,,,,1.7000000000000002,0.5666666666666668,0.0,0,0,1.7000000000000002,0.8500000000000001,0.9666666666666668,0.9666666666666668,1.1280000000000001,1,0.5,0.6666666666666666,0.6666666666666666,0.7525,3,1.5,1.6666666666666667,1.6666666666666667,1.955,8,4.0,5.333333333333333,5.333333333333333,6.02,9,4.5,4.333333333333333,4.333333333333333,5.26,1,0.5,0.6666666666666666,0.6666666666666666,0.7525,,,,,,,,,,,0.0,0.0,0.0,0.0,0.0,0,0.0,0.0,0.0,0.0,0,0.0,0.0,0.0,0.0,1.7000000000000002,0.8500000000000001,0.9666666666666668,0.9666666666666668,1.1280000000000001,-0.3500000000000001,-0.5,-0.5,,,0.0,0.0,1.82775,-0.775,0.6171522363561757,0.0,0.0,-0.3500000000000001,-0.42499999999999993,3.0,0.7922166666666668,0.30211273833896296,2.987004296174724,3.6818635943543385,61.82775,Stable,,,['Limited recent opportunity'],Zavier Scott,RB,,3.3344339452645313,2.847935,3.3344339452645313,4.0,backup,Depth chart: RB4. Higher-ranked teammate is active; recent usage is not treated as a starting role.,healthy_backup,2.1344339452645316
00-0040154,Tai Felton,Tai Felton,WR,WR,"https://static.www.nfl.com/image/upload/f_auto,q_auto/league/pyritorbaz2enqayclln",2026,-1,REG,2025_18_GB_MIN,MIN,TB,0,0,0,0,0,0,0,0,0,0,0,0,,,0,,0,0,0,0,0,0,0,0,0,0,,0,0,0,0,0,0,0,0,0,0,0,0,0,0,,0,0,0,0,0,,0.0,0.0,0.0,0,0,0,0,0,0,0,0.0,0.0,0,0,0,0,0,0,0,0,0,0,0,0,0,0,0,0,0,0,0,0,0,0,0,0,0,0,0,1,29,0,0,0,0,,,0,0,0,0,0,0,0,0,0,0,0,0,,,,0,0,0,0,0,0,0,,0,0,0,0,0,0,0,,0,0,0,0,0,0,0,0,0,0,0.0,0.0,0,0,0.0,0.0,0.0,2025,18,,,,,,,,0,0,0.0,0.30000000000000004,0.5333333333333333,0.5333333333333333,0.45100000000000007,0,0.5,0.6666666666666666,0.6666666666666666,0.55,0,0.0,0.0,0.0,0.0,0,3.0,5.333333333333333,5.333333333333333,4.51,0,0.0,0.0,0.0,0.0,0,0.5,0.6666666666666666,0.6666666666666666,0.55,,,,,,,,,,,0.0,0.0,0.0,0.0,0.0,0,0.0,0.0,0.0,0.0,0,0.0,0.0,0.0,0.0,0.0,0.30000000000000004,0.5333333333333333,0.5333333333333333,0.45100000000000007,-0.7,-0.5,0.0,,,0.0,0.0,0.55,-0.5,0.8200000000000001,0.0,0.0,-0.7,0.19999999999999996,3.0,0.3089333333333334,0.2007523183759862,2.2004777003671716,2.6622080326319395,60.55,Stable,,,['Limited recent opportunity'],Tai Felton,WR,,2.4313428664995556,1.2102321,2.4313428664995556,4.0,backup,Depth chart: WR4. Higher-ranked teammate is active; recent usage is not treated as a starting role.,healthy_backup,2.1313428664995557
00-0039631,Cam Grandy,Cam Grandy,TE,TE,"https://static.www.nfl.com/image/upload/f_auto,q_auto/league/uay5dmniqx1baal3q3uu",2026,-1,REG,2025_16_CIN_MIA,CIN,PIT,0,0,0,0,0,0,0,0,0,0,0,0,,,0,,0,0,0,0,0,0,0,0,0,0,,0,0,0,0,0,1,1,1,0,0,0,-4,5,0,-0.5136651613283902,0,0,0,0,0,0.0,0.03225806451612903,-0.021505376344086023,0.03333333333333333,0,0,0,0,0,0,0,0.0,0.0,0,0,0,0,0,0,0,0,0,0,0,0,0,0,0,0,0,0,0,0,0,0,0,0,0,0,0,0,0,0,0,0,0,,,0,0,0,0,0,0,0,0,0,0,0,0,,,,0,0,0,0,0,0,0,,0,0,0,0,0,0,0,,0,0,0,0,0,0,0,0,0,0,0.1,1.1,0,0,0.1,0.0,0.1,2025,16,,,,,0.1,,0.0,0,0,0.1,0.35000000000000003,0.35000000000000003,0.35000000000000003,0.37500000000000006,1,1.0,1.0,1.0,1.0,0,0.0,0.0,0.0,0.0,1,3.5,3.5,3.5,3.75,0,0.0,0.0,0.0,0.0,1,1.0,1.0,1.0,1.0,,,,,,,,,,,0.0,0.0,0.0,0.0,0.0,0,0.0,0.0,0.0,0.0,0,0.0,0.0,0.0,0.0,0.1,0.35000000000000003,0.35000000000000003,0.35000000000000003,0.37500000000000006,,,,,,,,1.0,0.0,0.37500000000000006,0.0,0.0,,0.0,2.0,0.36500000000000005,0.10295630140987003,2.009529504610869,2.2463289978535705,,Stable,,,['Limited recent opportunity'],Cam Grandy,TE,,2.12792925123222,1.5992258,2.12792925123222,5.0,backup,Depth chart: TE5. Higher-ranked teammate is active; recent usage is not treated as a starting role.,healthy_backup,2.12792925123222
00-0040352,Coleman Owen,Coleman Owen,WR,WR,"https://static.www.nfl.com/image/upload/f_auto,q_auto/league/cjnhiftygnypqumwfphq",2026,-1,REG,2025_16_SF_IND,IND,HOU,0,0,0,0,0,0,0,0,0,0,0,0,,,0,,0,0,0,0,0,0,0,0,0,0,,0,0,0,0,0,0,1,0,0,0,0,2,0,0,-3.259766154224053,0,0,0,0,0,0.0,0.027777777777777776,0.005934718100890208,0.04582096933728981,0,0,0,0,0,0,0,0.0,0.0,0,0,0,0,0,0,0,0,0,0,0,0,0,0,0,0,0,0,0,0,0,0,0,0,0,0,0,3,89,0,0,0,0,,,0,0,0,0,0,0,0,0,0,0,0,0,,,,0,0,0,0,0,0,0,,0,0,0,0,0,0,0,,0,0,0,0,0,0,0,0,0,0,0.0,0.0,0,0,0.0,0.0,0.0,2025,16,,,,,0.0,,,0,0,0.0,0.0,0.0,0.0,0.0,1,0.5,0.5,0.5,0.44999999999999996,0,0.0,0.0,0.0,0.0,0,0.0,0.0,0.0,0.0,0,0.0,0.0,0.0,0.0,0,0.0,0.0,0.0,0.0,,,,,,,,,,,0.0,0.0,0.0,0.0,0.0,0,0.0,0.0,0.0,0.0,0,0.0,0.0,0.0,0.0,0.0,0.0,0.0,0.0,0.0,,,,,,,,0.44999999999999996,0.0,0.0,,0.0,,0.0,2.0,0.0,0.0,2.080097450581305,2.080097450581305,,Stable,,,['Limited recent opportunity'],Coleman Owen,WR,,2.080097450581305,1.1733954,2.080097450581305,7.0,backup,Depth chart: WR7. Higher-ranked teammate is active; recent usage is not treated as a starting role.,healthy_backup,2.080097450581305
00-0035291,Trayveon Williams,Trayveon Williams,RB,RB,"https://static.www.nfl.com/image/upload/f_auto,q_auto/league/zwei0idpruplnhlmpfkr",2026,-1,REG,2025_18_CLE_CIN,CLE,CAR,0,0,0,0,0,0,0,0,0,0,0,0,,,0,,0,0,0,0,1,7,0,0,0,0,-0.046738733217353,0,0,0,0,0,1,2,13,0,0,0,-9,16,0,-1.7235635046381503,0,1,0,0,0,-1.4444444444444444,0.09523809523809523,-0.04591836734693878,0.11071428571428571,0,0,0,0,0,0,0,0.0,0.0,0,0,0,0,0,0,0,0,0,0,0,0,0,0,0,0,0,0,0,0,0,0,0,0,0,0,0,3,73,0,0,0,0,,,0,0,0,0,0,0,0,0,0,0,0,0,,,,0,0,0,0,0,0,0,,0,0,0,0,0,0,0,,0,0,0,0,0,0,0,0,0,0,2.0,3.0,0,0,2.0,0.0,2.0,2025,18,,,,,1.0,2.0,0.0,0,0,2.0,1.5,2.8333333333333335,2.8333333333333335,2.8112500000000002,2,1.0,2.0,2.0,2.1100000000000003,1,1.5,2.0,2.0,1.8525,13,6.5,17.0,17.0,17.345000000000002,7,8.5,11.333333333333334,11.333333333333334,10.767500000000002,1,0.5,1.6666666666666667,1.6666666666666667,1.6600000000000001,,,,,,,,,,,0.0,0.0,0.0,0.0,0.0,0,0.0,0.0,0.0,0.0,0,0.0,0.0,0.0,0.0,2.0,1.5,2.8333333333333335,2.8333333333333335,2.8112500000000002,-4.0,-3.0,-1.5,,,0.0,0.0,3.1288750000000007,-3.825,0.8984858775118851,0.0,0.0,-4.0,0.17499999999999982,3.0,1.4813333333333334,0.5503788846482638,4.247570371749296,5.513441806440303,63.128875,Downtrend confirmed,,,"['Role is trending downward', 'Recent production is declining']",Trayveon Williams,RB,,4.8805060890947995,3.79701,4.8805060890947995,6.0,backup,Depth chart: RB6. Higher-ranked teammate is active; recent usage is not treated as a starting role.,healthy_backup,2.0555060890947994
00-0040164,Jaylin Lane,Jaylin Lane,WR,WR,"https://static.www.nfl.com/image/upload/f_auto,q_auto/league/fa5ufxqxs3hzioih3cfb",2026,1,REG,2026_01_WAS_PHI,WAS,SEA,0,0,0,0,0,0,0,0,0,0,0,0,,,0,,0,0,0,0,0,0,0,0,0,0,,0,0,0,0,0,1,1,4,0,0,0,4,0,0,-0.7973416387103498,0,0,0,0,0,1.0,0.034482758620689655,0.012618296529968454,0.0605569455020124,0,0,0,0,0,0,0,0.0,0.0,0,0,0,0,0,0,0,0,0,0,0,0,0,0,0,0,0,0,0,0,0,0,0,0,0,4,53,3,95,0,0,0,0,,,0,0,0,0,0,0,0,0,0,0,0,0,,,,0,0,0,0,0,0,0,,0,0,0,0,0,0,0,,0,0,0,0,0,0,0,0,0,0,0.4,1.4,0,0,0.4,0.0,0.4,2026,1,,,,,0.4,,0.0,0,0,0.4,0.2,0.13333333333333333,0.1,0.18,1,0.5,0.6666666666666666,0.5,0.586125,0,0.0,0.0,0.0,0.0,4,2.0,1.3333333333333333,1.0,1.7999999999999998,0,0.0,0.0,0.0,0.0,1,0.5,0.3333333333333333,0.25,0.44999999999999996,,,,,,,,,,,0.0,0.0,0.0,0.0,0.0,0,0.0,0.0,0.0,0.0,0,0.0,0.0,0.0,0.0,0.4,0.2,0.13333333333333333,0.1,0.18,0.2,0.0,0.0,,,0.0,0.0,0.586125,0.0,0.30710172744721687,0.0,0.0,0.2,-0.2,4.0,0.15633333333333335,0.1046985089568031,2.130519440406524,2.371326011007171,60.586125,Stable,,,['Limited recent opportunity'],Jaylin Lane,WR,,2.2509227257068476,1.2059709,2.2509227257068476,5.0,backup,Depth chart: WR5. Higher-ranked teammate is active; recent usage is not treated as a starting role.,healthy_backup,2.0509227257068474
00-0036628,John Bates,John Bates,TE,TE,"https://static.www.nfl.com/image/upload/f_auto,q_auto/league/sqaiwpind6kk4ns4acql",2026,1,REG,2026_01_WAS_PHI,WAS,SEA,0,0,0,0,0,0,0,0,0,0,0,0,,,0,,0,0,0,0,0,0,0,0,0,0,,0,0,0,0,0,2,3,13,0,0,0,6,15,0,-1.6370732371141203,0,0,0,0,0,2.1666666666666665,0.10344827586206896,0.01892744479495268,0.16842162514957032,0,0,0,0,0,0,0,0.0,0.0,0,0,0,0,0,0,0,0,0,0,0,0,0,0,0,0,0,0,0,0,0,0,0,0,0,0,0,0,0,0,0,0,0,,,0,0,0,0,0,0,0,0,0,0,0,0,,,,0,0,0,0,0,0,0,,0,0,0,0,0,0,0,,0,0,0,0,0,0,0,0,0,0,1.3,3.3,0,0,1.3,0.0,1.3,2026,1,,,,,0.43333333333333335,,0.0,0,0,1.3,4.3,2.8666666666666667,2.625,2.7078625,3,2.5,2.0,1.75,2.1475,0,0.0,0.0,0.0,0.0,13,13.0,8.666666666666666,11.25,12.228625000000001,0,0.0,0.0,0.0,0.0,2,2.0,1.3333333333333333,1.25,1.561375,,,,,,,,,,,0.0,3.0,2.0,1.5,1.4849999999999999,0,0.0,0.0,0.0,0.0,0,0.0,0.0,0.0,0.0,1.3,4.3,2.8666666666666667,2.625,2.7078625,3.3499999999999996,1.5,0.0,,,0.0,0.0,2.1475,1.5,1.2609371362048896,0.5484030300652266,0.35646196954239734,3.3499999999999996,-1.8499999999999996,4.0,3.0633281065362135,0.952420185878819,1.2961932449394573,3.486759672460741,62.1475,Momentum confirmed,,,"['Limited recent opportunity', 'Recent production is improving']",John Bates,TE,,2.391476458700099,2.539812,2.391476458700099,2.0,temporary_surge,Depth chart: TE2. Temporary starter while a higher-ranked teammate is O/IR.,,2.0414764587000995
00-0036427,Tyler Johnson,Tyler Johnson,WR,WR,"https://static.www.nfl.com/image/upload/f_auto,q_auto/league/wvdkhxotikdvohhaypee",2026,-1,REG,2025_17_NE_NYJ,NYJ,DET,0,0,0,0,0,0,0,0,0,0,0,0,,,0,,0,0,0,0,0,0,0,0,0,0,,0,0,0,0,0,1,1,3,0,0,0,3,0,0,-2.414927751990035,0,0,0,0,0,1.0,0.03125,0.02,0.060875,0,0,0,0,0,0,0,0.0,0.0,0,0,0,0,0,0,0,0,0,0,0,0,0,0,0,0,0,0,0,0,0,0,0,0,0,0,0,0,0,0,0,0,0,,,0,0,0,0,0,0,0,0,0,0,0,0,,,,0,0,0,0,0,0,0,,0,0,0,0,0,0,0,,0,0,0,0,0,0,0,0,0,0,0.30000000000000004,1.3,0,0,0.30000000000000004,0.0,0.30000000000000004,2025,17,,,,,0.30000000000000004,,0.0,0,0,0.30000000000000004,0.5,0.3333333333333333,0.3333333333333333,0.30825,1,1.0,1.0,1.0,1.0,0,0.0,0.0,0.0,0.0,3,5.0,3.3333333333333335,3.3333333333333335,3.0824999999999996,0,0.0,0.0,0.0,0.0,1,1.0,0.6666666666666666,0.6666666666666666,0.6975,,,,,,,,,,,0.0,0.0,0.0,0.0,0.0,0,0.0,0.0,0.0,0.0,0,0.0,0.0,0.0,0.0,0.30000000000000004,0.5,0.3333333333333333,0.3333333333333333,0.30825,0.5,0.0,0.0,,,0.0,0.0,1.0,0.0,0.30825,0.0,0.0,0.5,-0.5,3.0,0.3182833333333333,0.07372170643711388,2.4153156140901424,2.584875538895504,61.0,Stable,,,['Limited recent opportunity'],Tyler Johnson,WR,,2.500095576492823,1.8159318,2.500095576492823,7.0,backup,Depth chart: WR7. Higher-ranked teammate is active; recent usage is not treated as a starting role.,healthy_backup,2.000095576492823
00-0041524,Will Kacmarek,Will Kacmarek,TE,TE,"https://static.www.nfl.com/image/upload/f_auto,q_auto/league/erqascuieblamkhf2vbs",2026,1,REG,2026_01_MIA_LV,MIA,KC,0,0,0,0,0,0,0,0,0,0,0,0,,,0,,0,0,0,0,0,0,0,0,0,0,,0,0,0,0,0,0,1,0,0,0,0,6,0,0,-0.6359390472061932,0,0,0,0,0,0.0,0.037037037037037035,0.019417475728155338,0.0691477885652643,0,0,0,0,0,0,0,0.0,0.0,0,0,0,0,0,0,0,0,0,0,0,0,0,0,0,0,0,0,0,0,0,0,0,0,0,0,0,0,0,0,0,0,0,,,0,0,0,0,0,0,0,0,0,0,0,0,,,,0,0,0,0,0,0,0,,0,0,0,0,0,0,0,,0,0,0,0,0,0,0,0,0,0,0.0,0.0,0,0,0.0,0.0,0.0,2026,1,,,,,0.0,,,0,0,0.0,0.0,0.0,0.0,0.0,1,1.0,1.0,1.0,1.0,0,0.0,0.0,0.0,0.0,0,0.0,0.0,0.0,0.0,0,0.0,0.0,0.0,0.0,0,0.0,0.0,0.0,0.0,,,,,,,,,,,0.0,0.0,0.0,0.0,0.0,0,0.0,0.0,0.0,0.0,0,0.0,0.0,0.0,0.0,0.0,0.0,0.0,0.0,0.0,,,,,,,,1.0,0.0,0.0,,0.0,,0.0,1.0,0.0,0.0,1.9978866706348428,1.9978866706348428,,Stable,,,['Limited recent opportunity'],Will Kacmarek,TE,,1.9978866706348428,1.5761929,1.9978866706348428,2.0,backup,Depth chart: TE2. Higher-ranked teammate is active; recent usage is not treated as a starting role.,healthy_backup,1.9978866706348428
00-0039062,Jonathan Mingo,Jonathan Mingo,WR,WR,"https://static.www.nfl.com/image/upload/f_auto,q_auto/league/u2b8s2s0ix5hntyg3eog",2026,1,REG,2026_01_DAL_NYG,DAL,BAL,0,0,0,0,0,0,0,0,0,0,0,0,,,0,,0,0,0,0,0,0,0,0,0,0,,0,0,0,0,0,1,1,10,0,0,0,11,-1,1,1.0189214644487947,0,1,0,0,0,0.9090909090909091,0.03333333333333333,0.03559870550161812,0.07491909385113268,0,0,0,0,0,0,0,0.0,0.0,0,0,0,0,0,0,0,0,0,0,0,0,0,0,0,0,0,0,1,11,0,0,0,0,0,0,0,0,0,0,0,0,0,,,0,0,0,0,0,0,0,0,0,0,0,0,,,,0,0,0,0,0,0,0,,0,0,0,0,0,0,0,,0,0,0,0,0,0,0,0,0,0,1.0,2.0,0,0,1.0,0.0,1.0,2026,1,,,,,1.0,,0.0,0,0,1.0,0.5,0.3333333333333333,0.25,0.44999999999999996,1,1.0,1.0,1.0,1.0,0,0.0,0.0,0.0,0.0,10,5.0,3.3333333333333335,2.5,4.5,0,0.0,0.0,0.0,0.0,1,0.5,0.3333333333333333,0.25,0.44999999999999996,,,,,,,,,,,0.0,0.0,0.0,0.0,0.0,0,0.0,0.0,0.0,0.0,0,0.0,0.0,0.0,0.0,1.0,0.5,0.3333333333333333,0.25,0.44999999999999996,0.5,0.0,0.0,,,0.0,0.0,1.0,0.0,0.44999999999999996,0.0,0.0,0.5,-0.5,4.0,0.3908333333333333,0.2617462723920077,2.194038491738658,2.796054918240276,61.0,Stable,,,['Limited recent opportunity'],Jonathan Mingo,WR,,2.495046704989467,1.8820457,2.495046704989467,5.0,backup,Depth chart: WR5. Higher-ranked teammate is active; recent usage is not treated as a starting role.,healthy_backup,1.9950467049894671
00-0040506,Myles Price,Myles Price,WR,WR,"https://static.www.nfl.com/image/upload/f_auto,q_auto/league/yi2pgwujy0lv9l3m3sig",2026,1,REG,2026_01_GB_MIN,MIN,TB,0,0,0,0,0,0,0,0,0,0,0,0,,,0,,0,0,0,0,0,0,0,0,0,0,,0,0,0,0,0,0,0,0,0,0,0,0,0,0,,0,0,0,0,0,,0.0,0.0,0.0,0,0,0,0,0,0,0,0.0,0.0,0,0,0,0,0,0,0,0,0,0,0,0,0,0,0,0,0,0,0,0,0,0,0,0,0,1,13,5,179,0,0,0,0,,,0,0,0,0,0,0,0,0,0,0,0,0,,,,0,0,0,0,0,0,0,,0,0,0,0,0,0,0,,0,0,0,0,0,0,0,0,0,0,0.0,0.0,0,0,0.0,0.0,0.0,2026,1,,,,,,,,0,0,0.0,0.0,0.0,0.0,0.0,0,0.0,0.0,0.0,0.0,0,0.0,0.0,0.0,0.0,0,0.0,0.0,0.0,0.0,0,0.0,0.0,0.0,0.0,0,0.0,0.0,0.0,0.0,,,,,,,,,,,0.0,0.0,0.0,0.0,0.0,0,0.0,0.0,0.0,0.0,0,0.0,0.0,0.0,0.0,0.0,0.0,0.0,0.0,0.0,0.0,0.0,0.0,,,0.0,0.0,0.0,0.0,,,0.0,0.0,0.0,4.0,0.0,0.0,1.98134010199004,1.98134010199004,60.0,Stable,,,['Limited recent opportunity'],Myles Price,WR,,1.98134010199004,3.032883,1.98134010199004,5.0,backup,Depth chart: WR5. Higher-ranked teammate is active; recent usage is not treated as a starting role.,healthy_backup,1.98134010199004
00-0036527,DJ Turner,DJ Turner,WR,WR,"https://static.www.nfl.com/image/upload/f_auto,q_auto/league/os5eurhh1y45sixa8phl",2026,-1,REG,2025_14_DEN_LV,LV,NO,0,0,0,0,0,0,0,0,0,0,0,0,,,0,,0,0,0,0,0,0,0,0,0,0,,0,0,0,0,0,0,0,0,0,0,0,0,0,0,,0,0,0,0,0,,0.0,0.0,0.0,0,0,0,0,0,0,0,0.0,0.0,0,0,0,0,0,0,0,0,0,0,0,0,0,0,0,0,0,0,0,0,0,0,0,0,0,0,0,0,0,0,0,0,0,,,0,0,0,0,0,0,0,0,0,0,0,0,,,,0,0,0,0,0,0,0,,0,0,0,0,0,0,0,,0,0,0,0,0,0,0,0,0,0,0.0,0.0,0,0,0.0,0.0,0.0,2025,14,,,,,,,,0,0,0.0,0.0,0.0,0.0,0.0,0,0.0,0.0,0.0,0.0,0,0.0,0.0,0.0,0.0,0,0.0,0.0,0.0,0.0,0,0.0,0.0,0.0,0.0,0,0.0,0.0,0.0,0.0,,,,,,,,,,,0.0,0.0,0.0,0.0,0.0,0,0.0,0.0,0.0,0.0,0,0.0,0.0,0.0,0.0,0.0,0.0,0.0,0.0,0.0,,,,,,,,0.0,0.0,,,0.0,,0.0,1.0,0.0,0.0,1.98134010199004,1.98134010199004,,Stable,,,['Limited recent opportunity'],DJ Turner,WR,,1.98134010199004,3.032883,1.98134010199004,15.0,backup,Depth chart: WR15. Higher-ranked teammate is active; recent usage is not treated as a starting role.,healthy_backup,1.98134010199004
00-0040241,Dominic Lovett,Dominic Lovett,WR,WR,"https://static.www.nfl.com/image/upload/f_auto,q_auto/league/ccplcgivzomevih1erpl",2026,-1,REG,2025_10_DET_WAS,DET,NYJ,0,0,0,0,0,0,0,0,0,0,0,0,,,0,,0,0,0,0,0,0,0,0,0,0,,0,0,0,0,0,0,0,0,0,0,0,0,0,0,,0,0,0,0,0,,0.0,0.0,0.0,0,0,0,0,0,0,0,0.0,0.0,0,0,0,0,0,0,0,0,0,0,0,0,0,0,0,0,0,0,0,0,0,0,0,0,0,0,0,0,0,0,0,0,0,,,0,0,0,0,0,0,0,0,0,0,0,0,,,,0,0,0,0,0,0,0,,0,0,0,0,0,0,0,,0,0,0,0,0,0,0,0,0,0,0.0,0.0,0,0,0.0,0.0,0.0,2025,10,,,,,,,,0,0,0.0,0.0,0.0,0.0,0.0,0,0.0,0.0,0.0,0.0,0,0.0,0.0,0.0,0.0,0,0.0,0.0,0.0,0.0,0,0.0,0.0,0.0,0.0,0,0.0,0.0,0.0,0.0,,,,,,,,,,,0.0,0.0,0.0,0.0,0.0,0,0.0,0.0,0.0,0.0,0,0.0,0.0,0.0,0.0,0.0,0.0,0.0,0.0,0.0,,,,,,,,0.0,0.0,,,0.0,,0.0,2.0,0.0,0.0,1.98134010199004,1.98134010199004,,Stable,,,['Limited recent opportunity'],Dominic Lovett,WR,,1.98134010199004,3.032883,1.98134010199004,4.0,backup,Depth chart: WR4. Higher-ranked teammate is active; recent usage is not treated as a starting role.,healthy_backup,1.98134010199004
00-0036331,Devin Duvernay,Devin Duvernay,WR,WR,"https://static.www.nfl.com/image/upload/f_auto,q_auto/league/tj3t166iwsxbnyzxcyyl",2026,1,REG,2026_01_ARI_LAC,ARI,SF,0,0,0,0,0,0,0,0,0,0,0,0,,,0,,0,0,0,0,0,0,0,0,0,0,,0,0,0,0,0,0,0,0,0,0,0,0,0,0,,0,0,0,0,0,,0.0,0.0,0.0,0,0,0,0,0,0,0,0.0,0.0,0,0,0,0,0,0,0,0,0,0,0,0,0,0,0,0,0,0,0,0,0,0,0,0,0,0,0,3,69,0,0,0,0,,,0,0,0,0,0,0,0,0,0,0,0,0,,,,0,0,0,0,0,0,0,,0,0,0,0,0,0,0,,0,0,0,0,0,0,0,0,0,0,0.0,0.0,0,0,0.0,0.0,0.0,2026,1,,,,,,,,0,0,0.0,0.0,0.0,0.0,0.0,0,0.0,0.0,0.0,0.0,0,0.0,0.0,0.0,0.0,0,0.0,0.0,0.0,0.0,0,0.0,0.0,0.0,0.0,0,0.0,0.0,0.0,0.0,,,,,,,,,,,0.0,0.0,0.0,0.0,0.0,0,0.0,0.0,0.0,0.0,0,0.0,0.0,0.0,0.0,0.0,0.0,0.0,0.0,0.0,0.0,0.0,0.0,,,0.0,0.0,0.0,0.0,,,0.0,0.0,0.0,4.0,0.0,0.0,1.98134010199004,1.98134010199004,60.0,Stable,,,['Limited recent opportunity'],Devin Duvernay,WR,,1.98134010199004,3.032883,1.98134010199004,6.0,backup,Depth chart: WR6. Higher-ranked teammate is active; recent usage is not treated as a starting role.,healthy_backup,1.98134010199004
00-0040259,Gage Larvadain,Gage Larvadain,WR,WR,"https://static.www.nfl.com/image/upload/f_auto,q_auto/league/sivfugvzbbxrgkvxr5cb",2026,-1,REG,2025_18_CLE_CIN,CLE,CAR,0,0,0,0,0,0,0,0,0,0,0,0,,,0,,0,0,0,0,0,0,0,0,0,0,,0,0,0,0,0,0,0,0,0,0,0,0,0,0,,0,0,0,0,0,,0.0,0.0,0.0,0,0,0,0,0,0,0,0.0,0.0,0,0,0,0,0,0,0,0,0,0,0,0,0,0,0,0,0,0,0,0,0,0,0,0,0,2,6,0,0,0,0,0,0,,,0,0,0,0,0,0,0,0,0,0,0,0,,,,0,0,0,0,0,0,0,,0,0,0,0,0,0,0,,0,0,0,0,0,0,0,0,0,0,0.0,0.0,0,0,0.0,0.0,0.0,2025,18,,,,,,,,0,0,0.0,0.0,0.0,0.0,0.0,0,0.0,0.0,0.0,0.0,0,0.0,0.0,0.0,0.0,0,0.0,0.0,0.0,0.0,0,0.0,0.0,0.0,0.0,0,0.0,0.0,0.0,0.0,,,,,,,,,,,0.0,0.0,0.0,0.0,0.0,0,0.0,0.0,0.0,0.0,0,0.0,0.0,0.0,0.0,0.0,0.0,0.0,0.0,0.0,0.0,0.0,0.0,,,0.0,0.0,0.0,0.0,,,0.0,0.0,0.0,3.0,0.0,0.0,1.98134010199004,1.98134010199004,60.0,Stable,,,['Limited recent opportunity'],Gage Larvadain,WR,,1.98134010199004,3.032883,1.98134010199004,7.0,backup,Depth chart: WR7. Higher-ranked teammate is active; recent usage is not treated as a starting role.,healthy_backup,1.98134010199004
00-0034419,Braxton Berrios,Braxton Berrios,WR,WR,"https://static.www.nfl.com/image/upload/f_auto,q_auto/league/striwxmn9t0ixherw7l8",2026,1,REG,2026_01_DAL_NYG,NYG,TEN,0,0,0,0,0,0,0,0,0,0,0,0,,,0,,0,0,0,0,0,0,0,0,0,0,,0,0,0,0,0,0,0,0,0,0,0,0,0,0,,0,0,0,0,0,,0.0,0.0,0.0,0,0,0,0,0,0,0,0.0,0.0,0,0,0,0,0,0,0,0,0,0,0,0,0,0,0,0,0,0,0,0,0,0,0,0,0,0,0,1,28,0,0,0,0,,,0,0,0,0,0,0,0,0,0,0,0,0,,,,0,0,0,0,0,0,0,,0,0,0,0,0,0,0,,0,0,0,0,0,0,0,0,0,0,0.0,0.0,0,0,0.0,0.0,0.0,2026,1,,,,,,,,0,0,0.0,0.0,0.0,0.0,0.0,0,0.0,0.0,0.0,0.0,0,0.0,0.0,0.0,0.0,0,0.0,0.0,0.0,0.0,0,0.0,0.0,0.0,0.0,0,0.0,0.0,0.0,0.0,,,,,,,,,,,0.0,0.0,0.0,0.0,0.0,0,0.0,0.0,0.0,0.0,0,0.0,0.0,0.0,0.0,0.0,0.0,0.0,0.0,0.0,0.0,0.0,0.0,,,0.0,0.0,0.0,0.0,,,0.0,0.0,0.0,4.0,0.0,0.0,1.98134010199004,1.98134010199004,60.0,Stable,,,['Limited recent opportunity'],Braxton Berrios,WR,,1.98134010199004,3.032883,1.98134010199004,6.0,backup,Depth chart: WR6. Higher-ranked teammate is active; recent usage is not treated as a starting role.,healthy_backup,1.98134010199004
00-0036620,Dee Eskridge,Dee Eskridge,WR,WR,"https://static.www.nfl.com/image/upload/f_auto,q_auto/league/baasw8ia3qztewmawfnz",2026,-1,REG,2025_16_CIN_MIA,MIA,KC,0,0,0,0,0,0,0,0,0,0,0,0,,,0,,0,0,0,0,0,0,0,0,0,0,,0,0,0,0,0,0,0,0,0,0,0,0,0,0,,0,0,0,0,0,,0.0,0.0,0.0,0,0,0,0,0,0,0,0.0,0.0,0,0,0,0,0,0,0,0,0,0,0,0,0,0,0,0,0,0,0,0,0,0,0,0,0,0,0,3,86,0,0,0,0,,,0,0,0,0,0,0,0,0,0,0,0,0,,,,0,0,0,0,0,0,0,,0,0,0,0,0,0,0,,0,0,0,0,0,0,0,0,0,0,0.0,0.0,0,0,0.0,0.0,0.0,2025,16,,,,,,,,0,0,0.0,0.0,0.0,0.0,0.0,0,0.0,0.0,0.0,0.0,0,0.0,0.0,0.0,0.0,0,0.0,0.0,0.0,0.0,0,0.0,0.0,0.0,0.0,0,0.0,0.0,0.0,0.0,,,,,,,,,,,0.0,0.0,0.0,0.0,0.0,0,0.0,0.0,0.0,0.0,0,0.0,0.0,0.0,0.0,0.0,0.0,0.0,0.0,0.0,0.0,0.0,0.0,,,0.0,0.0,0.0,0.0,,,0.0,0.0,0.0,3.0,0.0,0.0,1.98134010199004,1.98134010199004,60.0,Stable,,,['Limited recent opportunity'],Dee Eskridge,WR,,1.98134010199004,3.032883,1.98134010199004,,,,,1.98134010199004
00-0039365,Jacob Cowing,Jacob Cowing,WR,WR,"https://static.www.nfl.com/image/upload/f_auto,q_auto/league/uarciagmnzmyzs102dv6",2026,1,REG,2026_01_SF_LA,SF,ARI,0,0,0,0,0,0,0,0,0,0,0,0,,,0,,0,0,0,0,0,0,0,0,0,0,,0,0,0,0,0,0,0,0,0,0,0,0,0,0,,0,0,0,0,0,,0.0,0.0,0.0,0,0,0,0,0,0,0,0.0,0.0,0,0,0,0,0,0,0,0,0,0,0,0,0,0,0,0,0,0,0,0,0,0,0,0,0,2,17,0,0,0,0,0,0,,,0,0,0,0,0,0,0,0,0,0,0,0,,,,0,0,0,0,0,0,0,,0,0,0,0,0,0,0,,0,0,0,0,0,0,0,0,0,0,0.0,0.0,0,0,0.0,0.0,0.0,2026,1,,,,,,,,0,0,0.0,0.0,0.0,0.0,0.0,0,0.0,0.0,0.0,0.0,0,0.0,0.0,0.0,0.0,0,0.0,0.0,0.0,0.0,0,0.0,0.0,0.0,0.0,0,0.0,0.0,0.0,0.0,,,,,,,,,,,0.0,0.0,0.0,0.0,0.0,0,0.0,0.0,0.0,0.0,0,0.0,0.0,0.0,0.0,0.0,0.0,0.0,0.0,0.0,,,,,,,,0.0,0.0,,,0.0,,0.0,1.0,0.0,0.0,1.98134010199004,1.98134010199004,,Stable,,,['Limited recent opportunity'],Jacob Cowing,WR,,1.98134010199004,3.032883,1.98134010199004,4.0,backup,Depth chart: WR4. Higher-ranked teammate is active; recent usage is not treated as a starting role.,healthy_backup,1.98134010199004
00-0038359,Xavier Smith,Xavier Smith,WR,WR,"https://static.www.nfl.com/image/upload/f_auto,q_auto/league/hqvwpitewijx8bjrcofe",2026,1,REG,2026_01_SF_LA,LAR,DEN,0,0,0,0,0,0,0,0,0,0,0,0,,,0,,0,0,0,0,0,0,0,0,0,0,,0,0,0,0,0,0,0,0,0,0,0,0,0,0,,0,0,0,0,0,,0.0,0.0,0.0,0,0,0,0,0,0,0,0.0,0.0,0,0,0,0,0,0,0,0,0,0,0,0,0,0,0,0,0,0,0,0,0,0,0,0,0,1,11,1,25,0,0,0,0,,,0,0,0,0,0,0,0,0,0,0,0,0,,,,0,0,0,0,0,0,0,,0,0,0,0,0,0,0,,0,0,0,0,0,0,0,0,0,0,0.0,0.0,0,0,0.0,0.0,0.0,2026,1,,,,,,,,0,0,0.0,0.0,0.0,0.0,0.0,0,0.0,0.0,0.0,0.0,0,0.0,0.0,0.0,0.0,0,0.0,0.0,0.0,0.0,0,0.0,0.0,0.0,0.0,0,0.0,0.0,0.0,0.0,,,,,,,,,,,0.0,0.0,0.0,0.0,0.0,0,0.0,0.0,0.0,0.0,0,0.0,0.0,0.0,0.0,0.0,0.0,0.0,0.0,0.0,0.0,0.0,0.0,,,0.0,0.0,0.0,0.0,,,0.0,0.0,0.0,4.0,0.0,0.0,1.98134010199004,1.98134010199004,60.0,Stable,,,['Limited recent opportunity'],Xavier Smith,WR,,1.98134010199004,3.032883,1.98134010199004,5.0,backup,Depth chart: WR5. Higher-ranked teammate is active; recent usage is not treated as a starting role.,healthy_backup,1.98134010199004
00-0038953,Dylan Drummond,Dylan Drummond,WR,WR,"https://static.www.nfl.com/image/upload/f_auto,q_auto/league/xyexcy7ur9nscytyhinx",2026,-1,REG,2025_18_NO_ATL,ATL,GB,0,0,0,0,0,0,0,0,0,0,0,0,,,0,,0,0,0,0,0,0,0,0,0,0,,0,0,0,0,0,0,0,0,0,0,0,0,0,0,,0,0,0,0,0,,0.0,0.0,0.0,0,0,0,0,0,0,0,0.0,0.0,0,0,0,0,0,0,0,0,0,0,0,0,0,0,0,0,0,0,0,0,0,0,0,0,0,0,0,1,31,0,0,0,0,,,0,0,0,0,0,0,0,0,0,0,0,0,,,,0,0,0,0,0,0,0,,0,0,0,0,0,0,0,,0,0,0,0,0,0,0,0,0,0,0.0,0.0,0,0,0.0,0.0,0.0,2025,18,,,,,,,,0,0,0.0,0.0,0.0,0.0,0.0,0,0.0,0.0,0.0,0.0,0,0.0,0.0,0.0,0.0,0,0.0,0.0,0.0,0.0,0,0.0,0.0,0.0,0.0,0,0.0,0.0,0.0,0.0,,,,,,,,,,,0.0,0.0,0.0,0.0,0.0,0,0.0,0.0,0.0,0.0,0,0.0,0.0,0.0,0.0,0.0,0.0,0.0,0.0,0.0,0.0,0.0,0.0,,,0.0,0.0,0.0,0.0,,,0.0,0.0,0.0,3.0,0.0,0.0,1.98134010199004,1.98134010199004,60.0,Stable,,,['Limited recent opportunity'],Dylan Drummond,WR,,1.98134010199004,3.032883,1.98134010199004,5.0,backup,Depth chart: WR5. Higher-ranked teammate is active; recent usage is not treated as a starting role.,healthy_backup,1.98134010199004
00-0038824,Ryan Miller,Ryan Miller,WR,WR,"https://static.www.nfl.com/image/upload/f_auto,q_auto/league/cyn2sjaozsadlvgarg6p",2026,-1,REG,2025_14_NO_TB,TB,MIN,0,0,0,0,0,0,0,0,0,0,0,0,,,0,,0,0,0,0,0,0,0,0,0,0,,0,0,0,0,0,0,0,0,0,0,0,0,0,0,,0,0,0,0,0,,0.0,0.0,0.0,0,1,0,0,0,0,0,0.0,0.0,0,0,0,0,0,0,0,0,0,0,0,0,0,0,0,0,0,0,0,0,0,0,0,0,0,0,0,0,0,0,0,0,0,,,0,0,0,0,0,0,0,0,0,0,0,0,,,,0,0,0,0,0,0,0,,0,0,0,0,0,0,0,,0,0,0,0,0,0,0,0,0,0,0.0,0.0,0,0,0.0,0.0,0.0,2025,14,,,,,,,,0,0,0.0,0.0,0.0,0.0,0.0,0,0.0,0.0,0.0,0.0,0,0.0,0.0,0.0,0.0,0,0.0,0.0,0.0,0.0,0,0.0,0.0,0.0,0.0,0,0.0,0.0,0.0,0.0,,,,,,,,,,,0.0,0.0,0.0,0.0,0.0,0,0.0,0.0,0.0,0.0,0,0.0,0.0,0.0,0.0,0.0,0.0,0.0,0.0,0.0,0.0,0.0,0.0,,,0.0,0.0,0.0,0.0,,,0.0,0.0,0.0,3.0,0.0,0.0,1.98134010199004,1.98134010199004,60.0,Stable,,,['Limited recent opportunity'],Ryan Miller,WR,,1.98134010199004,3.032883,1.98134010199004,6.0,backup,Depth chart: WR6. Higher-ranked teammate is active; recent usage is not treated as a starting role.,healthy_backup,1.98134010199004
00-0035639,Parris Campbell,Parris Campbell,WR,WR,"https://static.www.nfl.com/image/upload/f_auto,q_auto/league/pmb3ypquiy5a2qzzmio4",2026,-1,REG,2025_06_DAL_CAR,DAL,BAL,0,0,0,0,0,0,0,0,0,0,0,0,,,0,,0,0,0,0,0,0,0,0,0,0,,0,0,0,0,0,0,0,0,0,0,0,0,0,0,,0,0,0,0,0,,0.0,0.0,0.0,0,0,0,1,0,0,0,0.0,0.0,0,0,0,0,0,0,0,0,0,0,0,0,0,0,0,0,0,0,0,0,0,0,0,0,0,0,0,0,0,0,0,0,0,,,0,0,0,0,0,0,0,0,0,0,0,0,,,,0,0,0,0,0,0,0,,0,0,0,0,0,0,0,,0,0,0,0,0,0,0,0,0,0,0.0,0.0,0,0,0.0,0.0,0.0,2025,6,,,,,,,,0,0,0.0,0.0,0.0,0.0,0.0,0,0.0,0.0,0.0,0.0,0,0.0,0.0,0.0,0.0,0,0.0,0.0,0.0,0.0,0,0.0,0.0,0.0,0.0,0,0.0,0.0,0.0,0.0,,,,,,,,,,,0.0,0.0,0.0,0.0,0.0,0,0.0,0.0,0.0,0.0,0,0.0,0.0,0.0,0.0,0.0,0.0,0.0,0.0,0.0,,,,,,,,0.0,0.0,,,0.0,,0.0,1.0,0.0,0.0,1.98134010199004,1.98134010199004,,Stable,,,['Limited recent opportunity'],Parris Campbell,WR,,1.98134010199004,3.032883,1.98134010199004,8.0,backup,Depth chart: WR8. Higher-ranked teammate is active; recent usage is not treated as a starting role.,healthy_backup,1.98134010199004
00-0035544,Tom Kennedy,Tom Kennedy,WR,WR,"https://static.www.nfl.com/image/upload/f_auto,q_auto/league/cbpuzvde5zqalmkjo0dv",2026,2,REG,2026_02_DET_BUF,DET,NYJ,0,0,0,0,0,0,0,0,0,0,0,0,,,0,,0,0,0,0,0,0,0,0,0,0,,0,0,0,0,0,0,0,0,0,0,0,0,0,0,,0,0,0,0,0,,0.0,0.0,0.0,0,0,0,0,0,0,0,0.0,0.0,0,0,0,0,0,0,0,0,0,0,0,0,0,0,0,0,0,0,0,0,0,0,0,0,0,0,0,4,99,0,0,0,0,,,0,0,0,0,0,0,0,0,0,0,0,0,,,,0,0,0,0,0,0,0,,0,0,0,0,0,0,0,,0,0,0,0,0,0,0,0,0,0,0.0,0.0,0,0,0.0,0.0,0.0,2026,2,,,,,,,,0,0,0.0,0.0,0.0,0.0,0.0,0,0.0,0.0,0.0,0.0,0,0.0,0.0,0.0,0.0,0,0.0,0.0,0.0,0.0,0,0.0,0.0,0.0,0.0,0,0.0,0.0,0.0,0.0,,,,,,,,,,,0.0,0.0,0.0,0.0,0.0,0,0.0,0.0,0.0,0.0,0,0.0,0.0,0.0,0.0,0.0,0.0,0.0,0.0,0.0,0.0,0.0,0.0,,,0.0,0.0,0.0,0.0,,,0.0,0.0,0.0,5.0,0.0,0.0,1.98134010199004,1.98134010199004,60.0,Stable,,,['Limited recent opportunity'],Tom Kennedy,WR,,1.98134010199004,3.032883,1.98134010199004,4.0,backup,Depth chart: WR4. Higher-ranked teammate is active; recent usage is not treated as a starting role.,healthy_backup,1.98134010199004
00-0036463,Chris Blair,Chris Blair,WR,WR,"https://static.www.nfl.com/image/upload/f_auto,q_auto/league/gfkhv6k1wr45fnhl0p1d",2026,1,REG,2026_01_ATL_PIT,ATL,GB,0,0,0,0,0,0,0,0,0,0,0,0,,,0,,0,0,0,0,0,0,0,0,0,0,,0,0,0,0,0,0,0,0,0,0,0,0,0,0,,0,0,0,0,0,,0.0,0.0,0.0,0,0,0,1,0,0,0,0.0,0.0,0,0,0,0,0,0,0,0,0,0,0,0,0,0,0,0,0,0,0,0,0,0,0,0,0,0,0,0,0,0,0,0,0,,,0,0,0,0,0,0,0,0,0,0,0,0,,,,0,0,0,0,0,0,0,,0,0,0,0,0,0,0,,0,0,0,0,0,0,0,0,0,0,0.0,0.0,0,0,0.0,0.0,0.0,2026,1,,,,,,,,0,0,0.0,0.0,0.0,0.0,0.0,0,0.0,0.0,0.0,0.0,0,0.0,0.0,0.0,0.0,0,0.0,0.0,0.0,0.0,0,0.0,0.0,0.0,0.0,0,0.0,0.0,0.0,0.0,,,,,,,,,,,0.0,0.0,0.0,0.0,0.0,0,0.0,0.0,0.0,0.0,0,0.0,0.0,0.0,0.0,0.0,0.0,0.0,0.0,0.0,,,,,,,,0.0,0.0,,,0.0,,0.0,2.0,0.0,0.0,1.98134010199004,1.98134010199004,,Stable,,,['Limited recent opportunity'],Chris Blair,WR,,1.98134010199004,3.032883,1.98134010199004,5.0,backup,Depth chart: WR5. Higher-ranked teammate is active; recent usage is not treated as a starting role.,healthy_backup,1.98134010199004
00-0039710,Jeshaun Jones,Jeshaun Jones,WR,WR,"https://static.www.nfl.com/image/upload/f_auto,q_auto/league/pwlziiyhd7ectylkejgc",2026,-1,REG,2025_18_GB_MIN,MIN,TB,0,0,0,0,0,0,0,0,0,0,0,0,,,0,,0,0,0,0,0,0,0,0,0,0,,0,0,0,0,0,0,0,0,0,0,0,0,0,0,,0,0,0,0,0,,0.0,0.0,0.0,0,0,0,0,0,0,0,0.0,0.0,0,0,0,0,0,0,0,0,0,0,0,0,0,0,0,0,0,0,0,0,0,0,0,0,0,2,5,0,0,0,0,0,0,,,0,0,0,0,0,0,0,0,0,0,0,0,,,,0,0,0,0,0,0,0,,0,0,0,0,0,0,0,,0,0,0,0,0,0,0,0,0,0,0.0,0.0,0,0,0.0,0.0,0.0,2025,18,,,,,,,,0,0,0.0,0.0,0.0,0.0,0.0,0,0.0,0.0,0.0,0.0,0,0.0,0.0,0.0,0.0,0,0.0,0.0,0.0,0.0,0,0.0,0.0,0.0,0.0,0,0.0,0.0,0.0,0.0,,,,,,,,,,,0.0,0.0,0.0,0.0,0.0,0,0.0,0.0,0.0,0.0,0,0.0,0.0,0.0,0.0,0.0,0.0,0.0,0.0,0.0,,,,,,,,0.0,0.0,,,0.0,,0.0,1.0,0.0,0.0,1.98134010199004,1.98134010199004,,Stable,,,['Limited recent opportunity'],Jeshaun Jones,WR,,1.98134010199004,3.032883,1.98134010199004,6.0,backup,Depth chart: WR6. Higher-ranked teammate is active; recent usage is not treated as a starting role.,healthy_backup,1.98134010199004
00-0036862,Ben Skowronek,Ben Skowronek,WR,WR,"https://static.www.nfl.com/image/upload/f_auto,q_auto/league/etozk8ja4u8lpjcvvo6l",2026,-1,POST,2025_19_HOU_PIT,PIT,CIN,0,0,0,0,0,0,0,0,0,0,0,0,,,0,,0,0,0,0,0,0,0,0,0,0,,0,0,0,0,0,0,0,0,0,0,0,0,0,0,,0,0,0,0,0,,0.0,0.0,0.0,0,1,0,2,0,0,0,0.0,0.0,0,0,0,0,0,0,0,0,0,0,0,0,0,0,0,0,0,0,0,0,0,0,0,0,0,0,0,0,0,0,0,0,0,,,0,0,0,0,0,0,0,0,0,0,0,0,,,,0,0,0,0,0,0,0,,0,0,0,0,0,0,0,,0,0,0,0,0,0,0,0,0,0,0.0,0.0,0,0,0.0,0.0,0.0,2025,19,,,,,,,,0,0,0.0,0.0,0.0,0.0,0.0,0,0.0,0.0,0.0,0.0,0,0.0,0.0,0.0,0.0,0,0.0,0.0,0.0,0.0,0,0.0,0.0,0.0,0.0,0,0.0,0.0,0.0,0.0,,,,,,,,,,,0.0,0.0,0.0,0.0,0.0,0,0.0,0.0,0.0,0.0,0,0.0,0.0,0.0,0.0,0.0,0.0,0.0,0.0,0.0,0.0,0.0,0.0,,,0.0,0.0,0.0,0.0,,,0.0,0.0,0.0,3.0,0.0,0.0,1.98134010199004,1.98134010199004,60.0,Stable,,,['Limited recent opportunity'],Ben Skowronek,WR,,1.98134010199004,3.032883,1.98134010199004,5.0,backup,Depth chart: WR5. Higher-ranked teammate is active; recent usage is not treated as a starting role.,healthy_backup,1.98134010199004
00-0041397,Kaden Wetjen,Kaden Wetjen,WR,WR,"https://static.www.nfl.com/image/upload/f_auto,q_auto/league/s44clgjdvd1tuslyqimk",2026,1,REG,2026_01_ATL_PIT,PIT,CIN,0,0,0,0,0,0,0,0,0,0,0,0,,,0,,0,0,0,0,0,0,0,0,0,0,,0,0,0,0,0,0,0,0,0,0,0,0,0,0,,0,0,0,0,0,,0.0,0.0,0.0,0,0,0,0,0,0,0,0.0,0.0,0,0,0,0,0,0,0,0,0,0,0,0,0,0,0,0,0,0,0,0,0,0,0,0,0,2,13,1,27,0,0,0,0,,,0,0,0,0,0,0,0,0,0,0,0,0,,,,0,0,0,0,0,0,0,,0,0,0,0,0,0,0,,0,0,0,0,0,0,0,0,0,0,0.0,0.0,0,0,0.0,0.0,0.0,2026,1,,,,,,,,0,0,0.0,0.0,0.0,0.0,0.0,0,0.0,0.0,0.0,0.0,0,0.0,0.0,0.0,0.0,0,0.0,0.0,0.0,0.0,0,0.0,0.0,0.0,0.0,0,0.0,0.0,0.0,0.0,,,,,,,,,,,0.0,0.0,0.0,0.0,0.0,0,0.0,0.0,0.0,0.0,0,0.0,0.0,0.0,0.0,0.0,0.0,0.0,0.0,0.0,,,,,,,,0.0,0.0,,,0.0,,0.0,1.0,0.0,0.0,1.98134010199004,1.98134010199004,,Stable,,,['Limited recent opportunity'],Kaden Wetjen,WR,,1.98134010199004,3.032883,1.98134010199004,6.0,backup,Depth chart: WR6. Higher-ranked teammate is active; recent usage is not treated as a starting role.,healthy_backup,1.98134010199004
00-0041044,Zachariah Branch,Zachariah Branch,WR,WR,"https://static.www.nfl.com/image/upload/f_auto,q_auto/league/qwbo8lgyd85dlwnbznsc",2026,1,REG,2026_01_ATL_PIT,ATL,GB,0,0,0,0,0,0,0,0,0,0,0,0,,,0,,0,0,0,0,0,0,0,0,0,0,,0,0,0,0,0,0,0,0,0,0,0,0,0,0,,0,0,0,0,0,,0.0,0.0,0.0,0,0,0,0,0,0,0,0.0,0.0,0,0,0,0,0,0,0,0,0,0,0,0,0,0,0,0,0,0,0,0,0,0,0,0,0,3,33,1,30,0,0,0,0,,,0,0,0,0,0,0,0,0,0,0,0,0,,,,0,0,0,0,0,0,0,,0,0,0,0,0,0,0,,0,0,0,0,0,0,0,0,0,0,0.0,0.0,0,0,0.0,0.0,0.0,2026,1,,,,,,,,0,0,0.0,0.0,0.0,0.0,0.0,0,0.0,0.0,0.0,0.0,0,0.0,0.0,0.0,0.0,0,0.0,0.0,0.0,0.0,0,0.0,0.0,0.0,0.0,0,0.0,0.0,0.0,0.0,,,,,,,,,,,0.0,0.0,0.0,0.0,0.0,0,0.0,0.0,0.0,0.0,0,0.0,0.0,0.0,0.0,0.0,0.0,0.0,0.0,0.0,,,,,,,,0.0,0.0,,,0.0,,0.0,1.0,0.0,0.0,1.98134010199004,1.98134010199004,,Stable,,,['Limited recent opportunity'],Zachariah Branch,WR,,1.98134010199004,3.032883,1.98134010199004,4.0,backup,Depth chart: WR4. Higher-ranked teammate is active; recent usage is not treated as a starting role.,healthy_backup,1.98134010199004
00-0034054,River Cracraft,River Cracraft,WR,WR,"https://static.www.nfl.com/image/upload/f_auto,q_auto/league/y8t968ntco72t8f8ryba",2026,-1,REG,2025_18_WAS_PHI,WAS,SEA,0,0,0,0,0,0,0,0,0,0,0,0,,,0,,0,0,0,0,0,0,0,0,0,0,,0,0,0,0,0,0,0,0,0,0,0,0,0,0,,0,0,0,0,0,,0.0,0.0,0.0,0,0,0,0,0,0,0,0.0,0.0,0,0,0,0,0,0,0,0,0,0,0,0,0,0,0,0,0,0,0,0,0,0,0,0,0,1,1,0,0,0,0,0,0,,,0,0,0,0,0,0,0,0,0,0,0,0,,,,0,0,0,0,0,0,0,,0,0,0,0,0,0,0,,0,0,0,0,0,0,0,0,0,0,0.0,0.0,0,0,0.0,0.0,0.0,2025,18,,,,,,,,0,0,0.0,0.0,0.0,0.0,0.0,0,0.0,0.0,0.0,0.0,0,0.0,0.0,0.0,0.0,0,0.0,0.0,0.0,0.0,0,0.0,0.0,0.0,0.0,0,0.0,0.0,0.0,0.0,,,,,,,,,,,0.0,0.0,0.0,0.0,0.0,0,0.0,0.0,0.0,0.0,0,0.0,0.0,0.0,0.0,0.0,0.0,0.0,0.0,0.0,,,,,,,,0.0,0.0,,,0.0,,0.0,2.0,0.0,0.0,1.98134010199004,1.98134010199004,,Stable,,,['Limited recent opportunity'],River Cracraft,WR,,1.98134010199004,3.032883,1.98134010199004,12.0,backup,Depth chart: WR12. Higher-ranked teammate is active; recent usage is not treated as a starting role.,healthy_backup,1.98134010199004
00-0038519,Nikko Remigio,Nikko Remigio,WR,WR,"https://static.www.nfl.com/image/upload/f_auto,q_auto/league/n6b1tsy32fswbd0xgsim",2026,1,REG,2026_01_DEN_KC,KC,MIA,0,0,0,0,0,0,0,0,0,0,0,0,,,0,,0,0,0,0,0,0,0,0,0,0,,0,0,0,0,0,0,0,0,0,0,0,0,0,0,,0,0,0,0,0,,0.0,0.0,0.0,0,0,0,0,0,0,0,0.0,0.0,0,0,0,0,0,0,0,0,0,0,0,0,0,0,0,0,0,0,0,0,0,0,0,0,0,2,7,3,78,0,0,0,0,,,0,0,0,0,0,0,0,0,0,0,0,0,,,,0,0,0,0,0,0,0,,0,0,0,0,0,0,0,,0,0,0,0,0,0,0,0,0,0,0.0,0.0,0,0,0.0,0.0,0.0,2026,1,,,,,,,,0,0,0.0,0.0,0.0,0.0,0.0,0,0.0,0.0,0.0,0.0,0,0.0,0.0,0.0,0.0,0,0.0,0.0,0.0,0.0,0,0.0,0.0,0.0,0.0,0,0.0,0.0,0.0,0.0,,,,,,,,,,,0.0,0.0,0.0,0.0,0.0,0,0.0,0.0,0.0,0.0,0,0.0,0.0,0.0,0.0,0.0,0.0,0.0,0.0,0.0,0.0,0.0,0.0,,,0.0,0.0,0.0,0.0,,,0.0,0.0,0.0,4.0,0.0,0.0,1.98134010199004,1.98134010199004,60.0,Stable,,,['Limited recent opportunity'],Nikko Remigio,WR,,1.98134010199004,3.032883,1.98134010199004,6.0,backup,Depth chart: WR6. Higher-ranked teammate is active; recent usage is not treated as a starting role.,healthy_backup,1.98134010199004
00-0040629,Dalevon Campbell,Dalevon Campbell,WR,WR,"https://static.www.nfl.com/image/upload/f_auto,q_auto/league/dgfltlpm8wahq2trfxag",2026,-1,REG,2025_03_ATL_CAR,CAR,CLE,0,0,0,0,0,0,0,0,0,0,0,0,,,0,,0,0,0,0,0,0,0,0,0,0,,0,0,0,0,0,0,0,0,0,0,0,0,0,0,,0,0,0,0,0,,0.0,0.0,0.0,0,1,0,0,0,0,0,0.0,0.0,0,0,0,0,0,0,0,0,0,0,0,0,0,0,0,0,0,0,0,0,0,0,0,0,0,0,0,0,0,0,0,0,0,,,0,0,0,0,0,0,0,0,0,0,0,0,,,,0,0,0,0,0,0,0,,0,0,0,0,0,0,0,,0,0,0,0,0,0,0,0,0,0,0.0,0.0,0,0,0.0,0.0,0.0,2025,3,,,,,,,,0,0,0.0,0.0,0.0,0.0,0.0,0,0.0,0.0,0.0,0.0,0,0.0,0.0,0.0,0.0,0,0.0,0.0,0.0,0.0,0,0.0,0.0,0.0,0.0,0,0.0,0.0,0.0,0.0,,,,,,,,,,,0.0,0.0,0.0,0.0,0.0,0,0.0,0.0,0.0,0.0,0,0.0,0.0,0.0,0.0,0.0,0.0,0.0,0.0,0.0,,,,,,,,0.0,0.0,,,0.0,,0.0,1.0,0.0,0.0,1.98134010199004,1.98134010199004,,Stable,,,['Limited recent opportunity'],Dalevon Campbell,WR,,1.98134010199004,3.032883,1.98134010199004,7.0,backup,Depth chart: WR7. Higher-ranked teammate is active; recent usage is not treated as a starting role.,healthy_backup,1.98134010199004
00-0036646,Simi Fehoko,Simi Fehoko,WR,WR,"https://static.www.nfl.com/image/upload/f_auto,q_auto/league/eep30drknwucjdj6tivh",2026,1,REG,2026_01_ARI_LAC,ARI,SF,0,0,0,0,0,0,0,0,0,0,0,0,,,0,,0,0,0,0,0,0,0,0,0,0,,0,0,0,0,0,0,0,0,0,0,0,0,0,0,,0,0,0,0,0,,0.0,0.0,0.0,0,0,0,1,0,0,0,0.0,0.0,0,0,0,0,0,0,0,1,0,0,0,0,0,0,0,0,0,0,0,0,0,0,0,0,0,0,0,0,0,0,0,0,0,,,0,0,0,0,0,0,0,0,0,0,0,0,,,,0,0,0,0,0,0,0,,0,0,0,0,0,0,0,,0,0,0,0,0,0,0,0,0,0,0.0,0.0,0,0,0.0,0.0,0.0,2026,1,,,,,,,,0,0,0.0,0.0,0.0,0.0,0.0,0,0.0,0.0,0.0,0.0,0,0.0,0.0,0.0,0.0,0,0.0,0.0,0.0,0.0,0,0.0,0.0,0.0,0.0,0,0.0,0.0,0.0,0.0,,,,,,,,,,,0.0,0.0,0.0,0.0,0.0,0,0.0,0.0,0.0,0.0,0,0.0,0.0,0.0,0.0,0.0,0.0,0.0,0.0,0.0,0.0,0.0,0.0,,,0.0,0.0,0.0,0.0,,,0.0,0.0,0.0,4.0,0.0,0.0,1.98134010199004,1.98134010199004,60.0,Stable,,,['Limited recent opportunity'],Simi Fehoko,WR,,1.98134010199004,3.032883,1.98134010199004,5.0,backup,Depth chart: WR5. Higher-ranked teammate is active; recent usage is not treated as a starting role.,healthy_backup,1.98134010199004
00-0040431,Dalen Cambre,Dalen Cambre,WR,WR,"https://static.www.nfl.com/image/upload/f_auto,q_auto/league/cfllxq8wvrrciu7ugnyp",2026,-1,REG,2025_18_DAL_NYG,NYG,TEN,0,0,0,0,0,0,0,0,0,0,0,0,,,0,,0,0,0,0,0,0,0,0,0,0,,0,0,0,0,0,0,0,0,0,0,0,0,0,0,,0,0,0,0,0,,0.0,0.0,0.0,0,1,0,1,0,0,0,0.0,0.0,0,0,0,0,0,0,0,0,0,0,0,0,0,0,0,0,0,0,0,0,0,0,0,0,0,0,0,0,0,0,0,0,0,,,0,0,0,0,0,0,0,0,0,0,0,0,,,,0,0,0,0,0,0,0,,0,0,0,0,0,0,0,,0,0,0,0,0,0,0,0,0,0,0.0,0.0,0,0,0.0,0.0,0.0,2025,18,,,,,,,,0,0,0.0,0.0,0.0,0.0,0.0,0,0.0,0.0,0.0,0.0,0,0.0,0.0,0.0,0.0,0,0.0,0.0,0.0,0.0,0,0.0,0.0,0.0,0.0,0,0.0,0.0,0.0,0.0,,,,,,,,,,,0.0,0.0,0.0,0.0,0.0,0,0.0,0.0,0.0,0.0,0,0.0,0.0,0.0,0.0,0.0,0.0,0.0,0.0,0.0,0.0,0.0,0.0,,,0.0,0.0,0.0,0.0,,,0.0,0.0,0.0,3.0,0.0,0.0,1.98134010199004,1.98134010199004,60.0,Stable,,,['Limited recent opportunity'],Dalen Cambre,WR,,1.98134010199004,3.032883,1.98134010199004,5.0,backup,Depth chart: WR5. Higher-ranked teammate is active; recent usage is not treated as a starting role.,healthy_backup,1.98134010199004
00-0040621,Montorie Foster Jr,Montorie Foster Jr,WR,WR,"https://static.www.nfl.com/image/upload/f_auto,q_auto/league/qkyl0pfhi4pmzdtodu9k",2026,1,REG,2026_01_NE_SEA,SEA,WAS,0,0,0,0,0,0,0,0,0,0,0,0,,,0,,0,0,0,0,0,0,0,0,0,0,,0,0,0,0,0,0,0,0,0,0,0,0,0,0,,0,0,0,0,0,,0.0,0.0,0.0,0,1,0,0,0,0,0,0.0,0.0,0,0,0,0,0,0,0,0,0,0,0,0,0,0,0,0,0,0,0,0,0,0,0,0,0,0,0,0,0,0,0,0,0,,,0,0,0,0,0,0,0,0,0,0,0,0,,,,0,0,0,0,0,0,0,,0,0,0,0,0,0,0,,0,0,0,0,0,0,0,0,0,0,0.0,0.0,0,0,0.0,0.0,0.0,2026,1,,,,,,,,0,0,0.0,0.0,0.0,0.0,0.0,0,0.0,0.0,0.0,0.0,0,0.0,0.0,0.0,0.0,0,0.0,0.0,0.0,0.0,0,0.0,0.0,0.0,0.0,0,0.0,0.0,0.0,0.0,,,,,,,,,,,0.0,0.0,0.0,0.0,0.0,0,0.0,0.0,0.0,0.0,0,0.0,0.0,0.0,0.0,0.0,0.0,0.0,0.0,0.0,,,,,,,,0.0,0.0,,,0.0,,0.0,1.0,0.0,0.0,1.98134010199004,1.98134010199004,,Stable,,,['Limited recent opportunity'],Montorie Foster Jr,WR,,1.98134010199004,3.032883,1.98134010199004,5.0,backup,Depth chart: WR5. Higher-ranked teammate is active; recent usage is not treated as a starting role.,healthy_backup,1.98134010199004
00-0033572,Jamal Agnew,Jamal Agnew,WR,WR,"https://static.www.nfl.com/image/upload/f_auto,q_auto/league/buapoaxrvjzwsr4l34mq",2026,-1,REG,2025_14_SEA_ATL,ATL,GB,0,0,0,0,0,0,0,0,0,0,0,0,,,0,,0,0,0,0,0,0,0,0,0,0,,0,0,0,0,0,0,0,0,0,0,0,0,0,0,,0,0,0,0,0,,0.0,0.0,0.0,0,0,0,0,0,0,0,0.0,0.0,0,0,0,0,0,0,0,0,0,0,0,0,0,0,0,0,0,0,0,0,0,0,0,0,0,1,14,0,0,0,0,0,0,,,0,0,0,0,0,0,0,0,0,0,0,0,,,,0,0,0,0,0,0,0,,0,0,0,0,0,0,0,,0,0,0,0,0,0,0,0,0,0,0.0,0.0,0,0,0.0,0.0,0.0,2025,14,,,,,,,,0,0,0.0,0.0,0.0,0.0,0.0,0,0.0,0.0,0.0,0.0,0,0.0,0.0,0.0,0.0,0,0.0,0.0,0.0,0.0,0,0.0,0.0,0.0,0.0,0,0.0,0.0,0.0,0.0,,,,,,,,,,,0.0,0.0,0.0,0.0,0.0,0,0.0,0.0,0.0,0.0,0,0.0,0.0,0.0,0.0,0.0,0.0,0.0,0.0,0.0,0.0,0.0,0.0,,,0.0,0.0,0.0,0.0,,,0.0,0.0,0.0,3.0,0.0,0.0,1.98134010199004,1.98134010199004,60.0,Stable,,,['Limited recent opportunity'],Jamal Agnew,WR,,1.98134010199004,3.032883,1.98134010199004,,,,,1.98134010199004
00-0039589,Kameron Johnson,Kameron Johnson,WR,WR,"https://static.www.nfl.com/image/upload/f_auto,q_auto/league/ms7auybbkq1nwbd2ev0d",2026,1,REG,2026_01_TB_CIN,TB,MIN,0,0,0,0,0,0,0,0,0,0,0,0,,,0,,0,0,0,0,0,0,0,0,0,0,,0,0,0,0,0,0,0,0,0,0,0,0,0,0,,0,0,0,0,0,,0.0,0.0,0.0,0,0,0,0,0,0,0,0.0,0.0,0,0,0,0,0,0,0,0,0,0,0,0,0,0,0,0,0,0,0,0,0,0,0,0,0,0,0,5,137,0,0,0,0,,,0,0,0,0,0,0,0,0,0,0,0,0,,,,0,0,0,0,0,0,0,,0,0,0,0,0,0,0,,0,0,0,0,0,0,0,0,0,0,0.0,0.0,0,0,0.0,0.0,0.0,2026,1,,,,,,,,0,0,0.0,0.0,0.0,0.0,0.0,0,0.0,0.0,0.0,0.0,0,0.0,0.0,0.0,0.0,0,0.0,0.0,0.0,0.0,0,0.0,0.0,0.0,0.0,0,0.0,0.0,0.0,0.0,,,,,,,,,,,0.0,0.0,0.0,0.0,0.0,0,0.0,0.0,0.0,0.0,0,0.0,0.0,0.0,0.0,0.0,0.0,0.0,0.0,0.0,0.0,0.0,0.0,,,0.0,0.0,0.0,0.0,,,0.0,0.0,0.0,4.0,0.0,0.0,1.98134010199004,1.98134010199004,60.0,Stable,,,['Limited recent opportunity'],Kameron Johnson,WR,,1.98134010199004,3.032883,1.98134010199004,6.0,backup,Depth chart: WR6. Higher-ranked teammate is active; recent usage is not treated as a starting role.,healthy_backup,1.98134010199004
00-0037380,Kaden Davis,Kaden Davis,WR,WR,"https://static.www.nfl.com/image/upload/f_auto,q_auto/league/j4pxqpw02oztmctolcdr",2026,1,REG,2026_01_CHI_CAR,CHI,PHI,0,0,0,0,0,0,0,0,0,0,0,0,,,0,,0,0,0,0,0,0,0,0,0,0,,0,0,0,0,0,0,0,0,0,0,0,0,0,0,,0,0,0,0,0,,0.0,0.0,0.0,0,0,0,0,0,0,0,0.0,0.0,0,0,0,0,0,0,0,0,0,0,0,0,0,0,0,1,0,0,0,0,0,0,0,0,0,0,0,0,0,0,0,0,0,,,0,0,0,0,0,0,0,0,0,0,0,0,,,,0,0,0,0,0,0,0,,0,0,0,0,0,0,0,,0,0,0,0,0,0,0,0,0,0,0.0,0.0,0,0,0.0,0.0,0.0,2026,1,,,,,,,,0,0,0.0,0.0,0.0,0.0,0.0,0,0.0,0.0,0.0,0.0,0,0.0,0.0,0.0,0.0,0,0.0,0.0,0.0,0.0,0,0.0,0.0,0.0,0.0,0,0.0,0.0,0.0,0.0,,,,,,,,,,,0.0,0.0,0.0,0.0,0.0,0,0.0,0.0,0.0,0.0,0,0.0,0.0,0.0,0.0,0.0,0.0,0.0,0.0,0.0,,,,,,,,0.0,0.0,,,0.0,,0.0,2.0,0.0,0.0,1.98134010199004,1.98134010199004,,Stable,,,['Limited recent opportunity'],Kaden Davis,WR,,1.98134010199004,3.032883,1.98134010199004,6.0,backup,Depth chart: WR6. Higher-ranked teammate is active; recent usage is not treated as a starting role.,healthy_backup,1.98134010199004
00-0037487,Deven Thompkins,Deven Thompkins,WR,WR,"https://static.www.nfl.com/image/upload/f_auto,q_auto/league/hohgyaldfuylxqwnb8i2",2026,-1,REG,2025_18_NO_ATL,ATL,GB,0,0,0,0,0,0,0,0,0,0,0,0,,,0,,0,0,0,0,0,0,0,0,0,0,,0,0,0,0,0,0,0,0,0,0,0,0,0,0,,0,0,0,0,0,,0.0,0.0,0.0,0,0,0,0,0,0,0,0.0,0.0,0,0,0,0,0,0,0,0,0,0,0,0,0,0,0,0,0,0,0,0,0,0,0,0,0,3,26,2,42,0,0,0,0,,,0,0,0,0,0,0,0,0,0,0,0,0,,,,0,0,0,0,0,0,0,,0,0,0,0,0,0,0,,0,0,0,0,0,0,0,0,0,0,0.0,0.0,0,0,0.0,0.0,0.0,2025,18,,,,,,,,0,0,0.0,0.0,0.0,0.0,0.0,0,0.0,0.0,0.0,0.0,0,0.0,0.0,0.0,0.0,0,0.0,0.0,0.0,0.0,0,0.0,0.0,0.0,0.0,0,0.0,0.0,0.0,0.0,,,,,,,,,,,0.0,0.0,0.0,0.0,0.0,0,0.0,0.0,0.0,0.0,0,0.0,0.0,0.0,0.0,0.0,0.0,0.0,0.0,0.0,0.0,0.0,0.0,,,0.0,0.0,0.0,0.0,,,0.0,0.0,0.0,3.0,0.0,0.0,1.98134010199004,1.98134010199004,60.0,Stable,,,['Limited recent opportunity'],Deven Thompkins,WR,,1.98134010199004,3.032883,1.98134010199004,9.0,backup,Depth chart: WR9. Higher-ranked teammate is active; recent usage is not treated as a starting role.,healthy_backup,1.98134010199004
00-0037093,Dareke Young,Dareke Young,WR,WR,"https://static.www.nfl.com/image/upload/f_auto,q_auto/league/xd0585sr1fy1wpry0ued",2026,1,REG,2026_01_MIA_LV,LV,NO,0,0,0,0,0,0,0,0,0,0,0,0,,,0,,0,0,0,0,0,0,0,0,0,0,,0,0,0,0,0,0,0,0,0,0,0,0,0,0,,0,0,0,0,0,,0.0,0.0,0.0,0,0,0,0,0,0,0,0.0,0.0,0,0,0,0,0,0,0,0,0,0,0,0,0,0,0,0,0,0,1,5,0,0,0,0,0,0,0,0,0,0,0,0,0,,,0,0,0,0,0,0,0,0,0,0,0,0,,,,0,0,0,0,0,0,0,,0,0,0,0,0,0,0,,0,0,0,0,0,0,0,0,0,0,0.0,0.0,0,0,0.0,0.0,0.0,2026,1,,,,,,,,0,0,0.0,0.0,0.0,0.0,0.0,0,0.0,0.0,0.0,0.0,0,0.0,0.0,0.0,0.0,0,0.0,0.0,0.0,0.0,0,0.0,0.0,0.0,0.0,0,0.0,0.0,0.0,0.0,,,,,,,,,,,0.0,0.0,0.0,0.0,0.0,0,0.0,0.0,0.0,0.0,0,0.0,0.0,0.0,0.0,0.0,0.0,0.0,0.0,0.0,0.0,0.0,0.0,,,0.0,0.0,0.0,0.0,,,0.0,0.0,0.0,4.0,0.0,0.0,1.98134010199004,1.98134010199004,60.0,Stable,,,['Limited recent opportunity'],Dareke Young,WR,,1.98134010199004,3.032883,1.98134010199004,5.0,backup,Depth chart: WR5. Higher-ranked teammate is active; recent usage is not treated as a starting role.,healthy_backup,1.98134010199004
00-0031763,DeAndre Carter,DeAndre Carter,WR,WR,"https://static.www.nfl.com/image/upload/f_auto,q_auto/league/jx4io3owliw3l5xve6ta",2026,-1,REG,2025_04_CLE_DET,CLE,CAR,0,0,0,0,0,0,0,0,0,0,0,0,,,0,,0,0,0,0,0,0,0,0,0,0,,0,0,0,0,0,0,0,0,0,0,0,0,0,0,,0,0,0,0,0,,0.0,0.0,0.0,0,0,0,0,0,0,0,0.0,0.0,0,0,0,0,0,1,0,0,0,0,0,0,0,1,0,0,0,0,0,0,0,1,0,1,0,1,0,5,129,0,0,0,0,,,0,0,0,0,0,0,0,0,0,0,0,0,,,,0,0,0,0,0,0,0,,0,0,0,0,0,0,0,,0,0,0,0,0,0,0,0,0,0,0.0,0.0,0,0,0.0,0.0,0.0,2025,4,,,,,,,,0,0,0.0,0.0,0.0,0.0,0.0,0,0.0,0.0,0.0,0.0,0,0.0,0.0,0.0,0.0,0,0.0,0.0,0.0,0.0,0,0.0,0.0,0.0,0.0,0,0.0,0.0,0.0,0.0,,,,,,,,,,,0.0,0.0,0.0,0.0,0.0,0,0.0,0.0,0.0,0.0,0,0.0,0.0,0.0,0.0,0.0,0.0,0.0,0.0,0.0,0.0,0.0,0.0,,,0.0,0.0,0.0,0.0,,,0.0,0.0,0.0,3.0,0.0,0.0,1.98134010199004,1.98134010199004,60.0,Stable,,,['Limited recent opportunity'],DeAndre Carter,WR,,1.98134010199004,3.032883,1.98134010199004,,,,,1.98134010199004
00-0038740,Jalen Moreno-Cropper,Jalen Moreno-Cropper,WR,WR,"https://static.www.nfl.com/image/upload/f_auto,q_auto/league/key7qkukzlgva9oz7k2r",2026,-1,REG,2025_06_DAL_CAR,DAL,BAL,0,0,0,0,0,0,0,0,0,0,0,0,,,0,,0,0,0,0,0,0,0,0,0,0,,0,0,0,0,0,0,0,0,0,0,0,0,0,0,,0,0,0,0,0,,0.0,0.0,0.0,0,0,0,0,0,0,0,0.0,0.0,0,0,0,0,0,1,0,0,0,0,0,0,0,1,0,0,0,0,0,0,0,1,0,1,0,2,19,2,38,0,0,0,0,,,0,0,0,0,0,0,0,0,0,0,0,0,,,,0,0,0,0,0,0,0,,0,0,0,0,0,0,0,,0,0,0,0,0,0,0,0,0,0,0.0,0.0,0,0,0.0,0.0,0.0,2025,6,,,,,,,,0,0,0.0,0.0,0.0,0.0,0.0,0,0.0,0.0,0.0,0.0,0,0.0,0.0,0.0,0.0,0,0.0,0.0,0.0,0.0,0,0.0,0.0,0.0,0.0,0,0.0,0.0,0.0,0.0,,,,,,,,,,,0.0,0.0,0.0,0.0,0.0,0,0.0,0.0,0.0,0.0,0,0.0,0.0,0.0,0.0,0.0,0.0,0.0,0.0,0.0,,,,,,,,0.0,0.0,,,0.0,,0.0,2.0,0.0,0.0,1.98134010199004,1.98134010199004,,Stable,,,['Limited recent opportunity'],Jalen Moreno-Cropper,WR,,1.98134010199004,3.032883,1.98134010199004,9.0,backup,Depth chart: WR9. Higher-ranked teammate is active; recent usage is not treated as a starting role.,healthy_backup,1.98134010199004
00-0038576,Charlie Jones,Charlie Jones,WR,WR,"https://static.www.nfl.com/image/upload/f_auto,q_auto/league/poy4ph18jx211xbe6ajt",2026,-1,REG,2025_15_BAL_CIN,CIN,PIT,0,0,0,0,0,0,0,0,0,0,0,0,,,0,,0,0,0,0,0,0,0,0,0,0,,0,0,0,0,0,0,0,0,0,0,0,0,0,0,,0,0,0,0,0,,0.0,0.0,0.0,0,0,0,0,0,0,0,0.0,0.0,0,0,0,0,0,0,0,0,0,0,0,0,0,0,0,0,0,0,0,0,0,0,0,0,0,1,-2,1,20,0,0,0,0,,,0,0,0,0,0,0,0,0,0,0,0,0,,,,0,0,0,0,0,0,0,,0,0,0,0,0,0,0,,0,0,0,0,0,0,0,0,0,0,0.0,0.0,0,0,0.0,0.0,0.0,2025,15,,,,,,,,0,0,0.0,0.0,0.0,0.0,0.0,0,0.0,0.0,0.0,0.0,0,0.0,0.0,0.0,0.0,0,0.0,0.0,0.0,0.0,0,0.0,0.0,0.0,0.0,0,0.0,0.0,0.0,0.0,,,,,,,,,,,0.0,0.0,0.0,0.0,0.0,0,0.0,0.0,0.0,0.0,0,0.0,0.0,0.0,0.0,0.0,0.0,0.0,0.0,0.0,0.0,0.0,0.0,,,0.0,0.0,0.0,0.0,,,0.0,0.0,0.0,3.0,0.0,0.0,1.98134010199004,1.98134010199004,60.0,Stable,,,['Limited recent opportunity'],Charlie Jones,WR,,1.98134010199004,3.032883,1.98134010199004,6.0,backup,Depth chart: WR6. Higher-ranked teammate is active; recent usage is not treated as a starting role.,healthy_backup,1.98134010199004
00-0039824,Jared Wiley,Jared Wiley,TE,TE,"https://static.www.nfl.com/image/upload/f_auto,q_auto/league/qbu14rgh4wchepqsrgb0",2026,-1,REG,2025_18_KC_LV,KC,MIA,0,0,0,0,0,0,0,0,0,0,0,0,,,0,,0,0,0,0,0,0,0,0,0,0,,0,0,0,0,0,0,0,0,0,0,0,0,0,0,,0,0,0,0,0,,0.0,0.0,0.0,0,1,0,0,0,0,0,0.0,0.0,0,0,0,0,0,0,0,0,0,0,0,0,0,0,0,0,0,0,0,0,0,0,0,0,0,0,0,0,0,0,0,0,0,,,0,0,0,0,0,0,0,0,0,0,0,0,,,,0,0,0,0,0,0,0,,0,0,0,0,0,0,0,,0,0,0,0,0,0,0,0,0,0,0.0,0.0,0,0,0.0,0.0,0.0,2025,18,,,,,,,,0,0,0.0,0.2,0.2,0.2,0.22000000000000003,0,0.5,0.5,0.5,0.55,0,0.0,0.0,0.0,0.0,0,2.0,2.0,2.0,2.2,0,0.0,0.0,0.0,0.0,0,0.5,0.5,0.5,0.55,,,,,,,,,,,0.0,0.0,0.0,0.0,0.0,0,0.0,0.0,0.0,0.0,0,0.0,0.0,0.0,0.0,0.0,0.2,0.2,0.2,0.22000000000000003,,,,,,,,0.55,0.0,0.4,0.0,0.0,,0.0,2.0,0.21200000000000002,0.082365041127896,1.8822100506438897,2.0716496452380504,,Stable,,,['Limited recent opportunity'],Jared Wiley,TE,,1.97692984794097,1.0784655,1.97692984794097,4.0,backup,Depth chart: TE4. Higher-ranked teammate is active; recent usage is not treated as a starting role.,healthy_backup,1.97692984794097
00-0040194,Jackson Hawes,Jackson Hawes,TE,TE,"https://static.www.nfl.com/image/upload/f_auto,q_auto/league/gl3easmpg7rn6e5siya2",2026,-1,POST,2025_19_BUF_JAX,BUF,LAC,0,0,0,0,0,0,0,0,0,0,0,0,,,0,,0,0,0,0,0,0,0,0,0,0,,0,0,0,0,0,0,0,0,0,0,0,0,0,0,,0,0,0,0,0,,0.0,0.0,0.0,0,0,0,0,0,0,0,0.0,0.0,0,0,0,0,0,0,0,0,0,0,0,0,0,0,0,0,0,0,1,5,0,0,0,0,0,0,0,0,0,0,0,0,0,,,0,0,0,0,0,0,0,0,0,0,0,0,,,,0,0,0,0,0,0,0,,0,0,0,0,0,0,0,,0,0,0,0,0,0,0,0,0,0,0.0,0.0,0,0,0.0,0.0,0.0,2025,19,,,,,,,,0,0,0.0,0.0,0.8666666666666667,0.8666666666666667,0.7865000000000002,0,0.5,1.0,1.0,0.8525000000000001,0,0.0,0.0,0.0,0.0,0,0.0,8.666666666666666,8.666666666666666,7.865000000000001,0,0.0,0.0,0.0,0.0,0,0.5,1.0,1.0,0.8525000000000001,,,,,,,,,,,0.0,0.0,0.0,0.0,0.0,0,0.0,0.0,0.0,0.0,0,0.0,0.0,0.0,0.0,0.0,0.0,0.8666666666666667,0.8666666666666667,0.7865000000000002,-2.6,-1.5,0.0,,,0.0,0.0,0.8525000000000001,-1.5,0.9225806451612903,0.0,0.0,-2.6,1.1,3.0,0.293566666666667,0.4125269607350935,1.9009952791024114,2.8498072887931265,60.8525,Downtrend confirmed,,,"['Limited recent opportunity', 'Recent production is declining']",Jackson Hawes,TE,,2.375401283947769,1.3594183,2.375401283947769,3.0,backup,Depth chart: TE3. Higher-ranked teammate is active; recent usage is not treated as a starting role.,healthy_backup,1.975401283947769
00-0034798,Durham Smythe,Durham Smythe,TE,TE,"https://static.www.nfl.com/image/upload/f_auto,q_auto/league/pwcuy1ntmris98x8xmxi",2026,1,REG,2026_01_BAL_IND,BAL,DAL,0,0,0,0,0,0,0,0,0,0,0,0,,,0,,0,0,0,0,0,0,0,0,0,0,,0,0,0,0,0,1,1,4,0,0,0,4,0,0,0.07803668349515647,0,0,0,0,0,1.0,0.041666666666666664,0.01486988847583643,0.0729089219330855,0,0,0,0,0,0,0,0.0,0.0,0,0,0,0,0,0,0,0,0,0,0,0,0,0,0,0,0,0,0,0,0,0,0,0,0,0,0,0,0,0,0,0,0,,,0,0,0,0,0,0,0,0,0,0,0,0,,,,0,0,0,0,0,0,0,,0,0,0,0,0,0,0,,0,0,0,0,0,0,0,0,0,0,0.4,1.4,0,0,0.4,0.0,0.4,2026,1,,,,,0.4,,0.0,0,0,0.4,0.45,0.5,0.375,0.385425,1,1.0,1.3333333333333333,1.0,0.96975,0,0.0,0.0,0.0,0.0,4,4.5,5.0,3.75,3.85425,0,0.0,0.0,0.0,0.0,1,1.0,1.0,0.75,0.8336250000000001,,,,,,,,,,,0.0,0.0,0.0,0.0,0.0,0,0.0,0.0,0.0,0.0,0,0.0,0.0,0.0,0.0,0.4,0.45,0.5,0.375,0.385425,0.14999999999999997,0.0,0.0,,,0.0,0.0,0.96975,0.0,0.3974477958236659,0.0,0.0,0.14999999999999997,-0.14999999999999997,4.0,0.412505,0.04668767396219263,2.015227329891227,2.12260898000427,60.96975,Stable,,,['Limited recent opportunity'],Durham Smythe,TE,,2.0689181549477484,1.3313007,2.0689181549477484,2.0,backup,Depth chart: TE2. Higher-ranked teammate is active; recent usage is not treated as a starting role.,healthy_backup,1.9189181549477485
00-0036959,Michael Bandy,Michael Bandy,WR,WR,"https://static.www.nfl.com/image/upload/f_auto,q_auto/league/bcashgwve9ean9pq8egb",2026,-1,REG,2025_17_DEN_KC,DEN,LAR,0,0,0,0,0,0,0,0,0,0,0,0,,,0,,0,0,0,0,0,0,0,0,0,0,,0,0,0,0,0,2,2,14,0,0,0,11,3,1,1.9388104705139995,0,0,0,0,0,1.2727272727272727,0.05405405405405406,0.05339805825242718,0.11845972185778011,0,0,0,0,0,0,0,0.0,0.0,0,0,0,0,0,0,0,0,0,0,0,0,0,0,0,0,0,0,0,0,0,0,0,0,0,0,0,0,0,0,0,0,0,,,0,0,0,0,0,0,0,0,0,0,0,0,,,,0,0,0,0,0,0,0,,0,0,0,0,0,0,0,,0,0,0,0,0,0,0,0,0,0,1.4000000000000001,3.4000000000000004,0,0,1.4000000000000001,0.0,1.4000000000000001,2025,17,,,,,0.7000000000000001,,0.0,0,0,1.4000000000000001,4.7,3.1333333333333333,3.1333333333333333,2.61,2,1.5,1.0,1.0,1.1475,0,0.0,0.0,0.0,0.0,14,17.0,11.333333333333334,11.333333333333334,11.25,0,0.0,0.0,0.0,0.0,2,1.5,1.0,1.0,1.1475,,,,,,,,,,,0.0,3.0,2.0,2.0,1.4849999999999999,0,0.0,0.0,0.0,0.0,0,0.0,0.0,0.0,0.0,1.4000000000000001,4.7,3.1333333333333333,3.1333333333333333,2.61,4.7,1.5,0.0,,,0.0,0.0,1.1475,1.5,2.2745098039215685,0.5689655172413793,0.3698275862068966,4.7,-3.2,3.0,3.106402298850574,1.0618424239656905,1.1747053784212205,3.6169429535423085,61.1475,TD-dependent production,,,"['Limited recent opportunity', 'Recent production is improving', 'Production has significant TD dependence']",Michael Bandy,WR,,2.3958241659817645,2.2214472,2.3958241659817645,7.0,backup,Depth chart: WR7. Higher-ranked teammate is active; recent usage is not treated as a starting role.,healthy_backup,1.8958241659817645
00-0038090,Skyy Moore,Skyy Moore,WR,WR,"https://static.www.nfl.com/image/upload/f_auto,q_auto/league/id9k0aylvgyq8lulabe3",2026,1,REG,2026_01_GB_MIN,GB,ATL,0,0,0,0,0,0,0,0,0,0,0,0,,,0,,0,0,0,0,0,0,0,0,0,0,,0,0,0,0,0,0,1,0,0,0,0,12,0,0,-3.6607192716328427,0,0,0,0,0,0.0,0.025,0.0255863539445629,0.05541044776119403,0,0,0,0,0,0,0,0.0,0.0,0,0,0,0,0,0,0,0,0,0,0,0,0,0,0,0,0,0,0,0,0,0,0,0,0,2,17,0,0,0,0,0,0,,,0,0,0,0,0,0,0,0,0,0,0,0,,,,0,0,0,0,0,0,0,,0,0,0,0,0,0,0,,0,0,0,0,0,0,0,0,0,0,0.0,0.0,0,0,0.0,0.0,0.0,2026,1,,,,,0.0,,,0,0,0.0,0.0,0.10000000000000002,0.07500000000000001,0.040837500000000006,1,0.5,0.6666666666666666,0.5,0.586125,0,0.0,0.3333333333333333,0.25,0.136125,0,0.0,0.0,0.0,0.0,0,0.0,1.0,0.75,0.408375,0,0.0,0.0,0.0,0.0,,,,,,,,,,,0.0,0.0,0.0,0.0,0.0,0,0.0,0.0,0.0,0.0,0,0.0,0.0,0.0,0.0,0.0,0.0,0.10000000000000002,0.07500000000000001,0.040837500000000006,-0.15000000000000002,0.0,-0.5,,,0.0,0.0,0.66099375,-0.275,0.06178197600204238,0.0,0.0,-0.15000000000000002,-0.125,4.0,0.0,0.03993879348453081,2.2215942689528214,2.313453493967242,60.66099375,Stable,,,['Limited recent opportunity'],Skyy Moore,WR,,2.267523881460032,1.1459936,2.267523881460032,4.0,backup,Depth chart: WR4. Higher-ranked teammate is active; recent usage is not treated as a starting role.,healthy_backup,1.867523881460032
00-0038840,Brycen Tremayne,Brycen Tremayne,WR,WR,"https://static.www.nfl.com/image/upload/f_auto,q_auto/league/isc094ihkf69vzrlkiql",2026,1,REG,2026_01_CHI_CAR,CAR,CLE,0,0,0,0,0,0,0,0,0,0,0,0,,,0,,0,0,0,0,0,0,0,0,0,0,,0,0,0,0,0,0,0,0,0,0,0,0,0,0,,0,0,0,0,0,,0.0,0.0,0.0,0,1,0,0,0,0,0,0.0,0.0,0,0,0,0,0,0,0,0,0,0,0,0,0,0,0,0,0,0,0,0,0,0,0,0,0,0,0,0,0,0,0,0,0,,,0,0,0,0,0,0,0,0,0,0,0,0,,,,0,0,0,0,0,0,0,,0,0,0,0,0,0,0,,0,0,0,0,0,0,0,0,0,0,0.0,0.0,0,0,0.0,0.0,0.0,2026,1,,,,,,,,0,0,0.0,0.0,0.9,0.675,0.3675375,0,0.5,1.0,1.0,0.6861250000000001,0,0.0,0.0,0.0,0.0,0,0.0,9.0,6.75,3.6753750000000003,0,0.0,0.0,0.0,0.0,0,0.0,0.6666666666666666,0.5,0.27225,,,,,,,,,,,0.0,0.0,0.0,0.0,0.0,0,0.0,0.0,0.0,0.0,0,0.0,0.0,0.0,0.0,0.0,0.0,0.9,0.675,0.3675375,-1.35,-1.0,0.0,,,0.0,0.0,0.6861250000000001,-1.0,0.5356713426853706,0.0,0.0,-1.35,0.3500000000000001,4.0,0.19677250000000013,0.35944914136077716,2.098020746860263,2.92475377199005,60.686125,Stable,,,['Limited recent opportunity'],Brycen Tremayne,WR,,2.5113872594251565,1.3668334,2.5113872594251565,4.0,backup,Depth chart: WR4. Higher-ranked teammate is active; recent usage is not treated as a starting role.,healthy_backup,1.8613872594251566
00-0039356,Ja'Tavion Sanders,Ja'Tavion Sanders,TE,TE,"https://static.www.nfl.com/image/upload/f_auto,q_auto/league/le2akm1cbou170ioctxl",2026,-1,REG,2025_16_TB_CAR,CAR,CLE,0,0,0,0,0,0,0,0,0,0,0,0,,,0,,0,0,0,0,0,0,0,0,0,0,,0,0,0,0,0,2,2,9,1,0,0,6,3,1,1.3760250532650389,0,0,0,0,0,1.5,0.06451612903225806,0.0234375,0.11318044354838709,0,0,0,0,0,0,0,0.0,0.0,0,0,0,0,0,0,0,0,0,0,0,0,0,0,0,0,0,0,0,0,0,0,0,0,0,0,0,0,0,0,0,0,0,,,0,0,0,0,0,0,0,0,0,0,0,0,,,,0,0,0,0,0,0,0,,0,0,0,0,0,0,0,,0,0,0,0,0,0,0,0,0,0,6.9,8.9,0,0,6.9,6.0,0.9000000000000004,2025,16,,,,,3.45,,0.8695652173913043,0,0,6.9,3.7,2.466666666666667,2.466666666666667,3.22875,2,2.0,1.3333333333333333,1.3333333333333333,1.395,0,0.0,0.0,0.0,0.0,9,7.0,4.666666666666667,4.666666666666667,5.2875,0,0.0,0.0,0.0,0.0,2,2.0,1.3333333333333333,1.3333333333333333,1.395,,,,,,,,,,,6.0,3.0,2.0,2.0,2.6999999999999997,0,0.0,0.0,0.0,0.0,0,0.0,0.0,0.0,0.0,6.9,3.7,2.466666666666667,2.466666666666667,3.22875,3.7,2.0,0.0,,,0.0,0.0,1.395,2.0,2.314516129032258,0.8362369337979094,0.5435540069686411,3.7,-1.7000000000000002,3.0,2.851442799070848,1.6425931480436657,0.0,3.449793861464677,61.395,TD-dependent production,,,"['Limited recent opportunity', 'Role is trending upward', 'Recent production is improving', 'Production has significant TD dependence']",Ja'Tavion Sanders,TE,,1.5608117412144613,1.9192418,1.5608117412144613,5.0,backup,Depth chart: TE5. Higher-ranked teammate is active; recent usage is not treated as a starting role.,healthy_backup,1.8608117412144614
00-0033955,Jeremy McNichols,Jeremy McNichols,RB,RB,"https://static.www.nfl.com/image/upload/f_auto,q_auto/league/xcrgrtlk6ukrshtlnr5e",2026,-1,REG,2025_18_WAS_PHI,WAS,SEA,0,0,0,0,0,0,0,0,0,0,0,0,,,0,,0,0,0,0,1,3,0,0,0,0,-0.25914285029284656,0,0,0,0,0,1,1,8,0,0,0,6,2,0,0.12096192291937768,0,0,0,0,0,1.3333333333333333,0.05263157894736842,0.04878048780487805,0.11309370988446726,0,0,0,0,0,0,0,0.0,0.0,0,0,0,0,0,0,0,0,0,0,0,0,0,0,0,0,0,0,0,0,0,0,0,0,0,0,0,0,0,0,0,0,0,,,0,0,0,0,0,0,0,0,0,0,0,0,,,,0,0,0,0,0,0,0,,0,0,0,0,0,0,0,,0,0,0,0,0,0,0,0,0,0,1.1,2.1,0,0,1.1,0.0,1.1,2025,18,,,,,1.1,1.1,0.0,0,0,1.1,1.0500000000000003,1.1000000000000003,1.1000000000000003,1.1055000000000001,1,2.0,2.3333333333333335,2.3333333333333335,2.1,1,1.0,1.0,1.0,1.0,8,10.0,9.666666666666666,9.666666666666666,9.2925,3,0.5,1.3333333333333333,1.3333333333333333,1.7625,1,2.0,2.0,2.0,1.7975,,,,,,,,,,,0.0,0.0,0.0,0.0,0.0,0,0.0,0.0,0.0,0.0,0,0.0,0.0,0.0,0.0,1.1,1.0500000000000003,1.1000000000000003,1.1000000000000003,1.1055000000000001,-0.1499999999999999,-1.0,0.0,,,0.0,0.0,2.6500000000000004,-1.0,0.4171698113207547,0.0,0.0,-0.1499999999999999,-0.8500000000000001,3.0,0.7533000000000002,0.020660106485688768,3.685347742709958,3.7328659876270422,62.65,Stable,,,['Limited recent opportunity'],Jeremy McNichols,RB,,3.7091068651685,2.921641,3.7091068651685,4.0,backup,Depth chart: RB4. Higher-ranked teammate is active; recent usage is not treated as a starting role.,healthy_backup,1.8591068651685
00-0038979,Cedric Tillman,Cedric Tillman,WR,WR,"https://static.www.nfl.com/image/upload/f_auto,q_auto/league/xust9v3gob1qqwhziugh",2026,-1,REG,2025_18_CLE_CIN,CLE,CAR,0,0,0,0,0,0,0,0,0,0,0,0,,,0,,0,0,0,0,0,0,0,0,0,0,,0,0,0,0,0,1,2,23,0,0,0,26,8,1,2.2002313339617103,0,1,1,1,0,0.8846153846153846,0.09523809523809523,0.1326530612244898,0.2357142857142857,0,0,0,0,0,0,0,0.0,0.0,0,0,0,0,0,0,0,0,0,0,0,0,0,0,0,0,0,0,0,0,0,0,0,0,0,0,0,0,0,0,0,0,0,,,0,0,0,0,0,0,0,0,0,0,0,0,,,,0,0,0,0,0,0,0,,0,0,0,0,0,0,0,,0,0,0,0,0,0,0,0,0,0,2.3000000000000003,3.3000000000000003,0,0,2.3000000000000003,0.0,2.3000000000000003,2025,18,,,,,1.1500000000000001,,0.0,0,0,2.3000000000000003,3.25,2.4333333333333336,2.4333333333333336,2.3165,2,1.5,1.3333333333333333,1.3333333333333333,1.45,0,0.0,0.0,0.0,0.0,23,32.5,24.333333333333332,24.333333333333332,23.165,0,0.0,0.0,0.0,0.0,1,1.0,1.0,1.0,1.0,,,,,,,,,,,0.0,0.0,0.0,0.0,0.0,0,0.0,0.0,0.0,0.0,0,0.0,0.0,0.0,0.0,2.3000000000000003,3.25,2.4333333333333336,2.4333333333333336,2.3165,2.45,0.5,0.0,,,0.0,0.0,1.45,0.5,1.5975862068965518,0.0,0.0,2.45,-1.9500000000000002,3.0,2.5382333333333333,0.35614261188462126,2.8876287635165494,3.7067567708511784,61.45,Stable,,,"['Limited recent opportunity', 'Recent production is improving']",Cedric Tillman,WR,,3.297192767183864,2.4606209,3.297192767183864,5.0,backup,Depth chart: WR5. Higher-ranked teammate is active; recent usage is not treated as a starting role.,healthy_backup,1.8471927671838637
00-0036290,Cole Kmet,Cole Kmet,TE,TE,"https://static.www.nfl.com/image/upload/f_auto,q_auto/league/ysnui8mzlu2fo70ub0yt",2026,1,REG,2026_01_CHI_CAR,CHI,PHI,0,0,0,0,0,0,0,0,0,0,0,0,,,0,,0,0,0,0,0,0,0,0,0,0,,0,0,0,0,0,2,3,35,1,0,0,47,8,2,3.576494763372466,0,2,1,1,0,0.7446808510638298,0.11538461538461539,0.14733542319749215,0.2762117193151676,0,0,0,0,0,0,0,0.0,0.0,0,0,0,0,0,0,0,0,0,0,0,0,0,0,0,0,0,0,0,0,0,0,0,0,0,0,0,0,0,0,0,0,0,,,0,0,0,0,0,0,0,0,0,0,0,0,,,,0,0,0,0,0,0,0,,0,0,0,0,0,0,0,,0,0,0,0,0,0,0,0,0,0,9.5,11.5,0,0,9.5,6.0,3.5,2026,1,,,,,3.1666666666666665,,0.631578947368421,0,0,9.5,9.3,6.233333333333333,5.074999999999999,6.807062499999999,3,3.0,2.6666666666666665,2.75,2.863875,0,0.0,0.3333333333333333,0.25,0.136125,35,33.0,22.0,20.5,26.0845,0,0.0,0.3333333333333333,0.25,0.136125,2,2.5,1.6666666666666667,1.75,1.97525,,,,,,,,,,,6.0,6.0,4.0,3.0,4.185,0,0.0,0.0,0.0,0.0,0,0.0,0.0,0.0,0.0,9.5,9.3,6.233333333333333,5.074999999999999,6.807062499999999,8.450000000000001,0.5,-0.5,,,0.0,0.0,2.93874375,0.22499999999999998,2.3163171338093016,0.6148026406397767,0.3996217164158549,8.450000000000001,-8.225000000000001,4.0,6.15296555205378,1.7399355974870965,1.6040589044267595,5.605910778647081,62.93874375,TD-dependent production,,,"['Limited recent opportunity', 'Recent production is improving', 'Production has significant TD dependence']",Cole Kmet,TE,,3.60498484153692,3.8851352,3.60498484153692,2.0,backup,Depth chart: TE2. Higher-ranked teammate is active; recent usage is not treated as a starting role.,healthy_backup,1.8299848415369202
00-0037085,Tyler Badie,Tyler Badie,RB,RB,"https://static.www.nfl.com/image/upload/f_auto,q_auto/league/ghhul5piv9vzeih6atsj",2026,-1,POST,2025_21_NE_DEN,DEN,LAR,0,0,0,0,0,0,0,0,0,0,0,0,,,0,,0,0,0,0,1,4,0,0,0,1,0.5499112645629793,0,0,0,0,0,0,0,0,0,0,0,0,0,0,,0,0,0,0,0,,0.0,0.0,0.0,0,0,0,0,0,0,0,0.0,0.0,0,0,0,0,0,0,0,0,0,0,0,0,0,0,0,0,0,0,0,0,0,0,0,0,0,0,0,1,20,0,0,0,0,,,0,0,0,0,0,0,0,0,0,0,0,0,,,,0,0,0,0,0,0,0,,0,0,0,0,0,0,0,,0,0,0,0,0,0,0,0,0,0,0.4,0.4,0,0,0.4,0.0,0.4,2025,21,,,,,,0.4,0.0,0,0,0.4,0.55,1.2333333333333334,1.2333333333333334,1.13975,0,1.0,1.3333333333333333,1.3333333333333333,1.1,1,0.5,1.0,1.0,1.0550000000000002,0,3.5,11.666666666666666,11.666666666666666,10.2025,4,2.0,0.6666666666666666,0.6666666666666666,1.1949999999999998,0,0.5,1.0,1.0,0.8525000000000001,,,,,,,,,,,0.0,0.0,0.0,0.0,0.0,0,0.0,0.0,0.0,0.0,0,0.0,0.0,0.0,0.0,0.4,0.55,1.2333333333333334,1.2333333333333334,1.13975,-2.05,-1.0,-1.5,,,0.0,0.0,1.6802500000000002,-1.8250000000000002,0.6783216783216782,0.0,0.0,-2.05,0.22499999999999964,3.0,0.5384333333333332,0.36098911802619943,2.977903135445919,3.808178106906177,61.68025,Downtrend confirmed,,,"['Limited recent opportunity', 'Recent production is declining']",Tyler Badie,RB,,3.393040621176048,2.6570532,3.393040621176048,4.0,backup,Depth chart: RB4. Higher-ranked teammate is active; recent usage is not treated as a starting role.,healthy_backup,1.7930406211760475
00-0039868,Troy Franklin,Troy Franklin,WR,WR,"https://static.www.nfl.com/image/upload/f_auto,q_auto/league/wgfbgxjntyqzojpizgaj",2026,1,REG,2026_01_DEN_KC,DEN,LAR,0,0,0,0,0,0,0,0,0,0,0,0,,,0,,0,0,0,0,1,5,0,0,0,0,-0.15829806262627244,0,0,0,0,0,0,1,0,0,0,0,31,0,0,-2.748304065025877,0,0,0,0,0,0.0,0.037037037037037035,0.33695652173913043,0.2914251207729468,0,0,0,0,0,0,0,0.0,0.0,0,0,0,0,0,0,0,0,0,0,0,0,0,0,0,0,0,0,1,10,0,0,0,0,0,0,0,0,0,0,0,0,0,,,0,0,0,0,0,0,0,0,0,0,0,0,,,,0,0,0,0,0,0,0,,0,0,0,0,0,0,0,,0,0,0,0,0,0,0,0,0,0,0.5,0.5,0,0,0.5,0.0,0.5,2026,1,,,,,0.5,0.5,0.0,0,0,0.5,0.25,0.7333333333333334,2.2,1.5544875000000005,1,1.0,2.0,2.75,2.073875,1,0.5,0.3333333333333333,0.25,0.44999999999999996,0,0.0,5.666666666666667,20.75,13.294875000000003,5,2.5,1.6666666666666667,1.25,2.25,0,0.0,1.3333333333333333,2.0,1.2100000000000002,,,,,,,,,,,0.0,0.0,0.0,0.0,0.0,0,0.0,0.0,0.0,0.0,0,0.0,0.0,0.0,0.0,0.5,0.25,0.7333333333333334,2.2,1.5544875000000005,-3.9000000000000004,-3.5,0.5,,,0.0,0.0,2.321375,-3.225,0.6696408378654893,0.0,0.0,-3.9000000000000004,0.6750000000000003,4.0,0.31727583333333365,0.7238447000584988,3.2266006305422112,4.891443440676758,62.321375,Downtrend confirmed,,,"['Limited recent opportunity', 'Role is trending downward', 'Recent production is declining']",Troy Franklin,WR,,4.059022035609485,3.1554089,4.059022035609485,5.0,backup,Depth chart: WR5. Higher-ranked teammate is active; recent usage is not treated as a starting role.,healthy_backup,1.734022035609485
00-0040398,Brady Cook,Brady Cook,QB,QB,"https://static.www.nfl.com/image/upload/f_auto,q_auto/league/sk8u7zzg7e3t4vu7xesg",2026,-1,REG,2025_18_NYJ_BUF,NYJ,DET,11,22,60,1,0,1,-7,0,0,73,32,5,-6.332719674377469,-19.890870695764367,1,0.821917808219178,3,0,0,0,3,7,0,0,0,1,-0.4840300565119833,0,0,0,0,0,0,0,0,0,0,0,0,0,0,,0,0,0,0,0,,0.0,0.0,0.0,0,0,0,0,0,0,0,0.0,0.0,0,0,0,0,0,0,0,0,0,0,0,0,0,0,0,0,0,0,0,0,0,0,0,0,0,0,0,0,0,0,0,0,0,,,0,0,0,0,0,0,0,0,0,0,0,0,,,,0,0,0,0,0,0,0,,0,0,0,0,0,0,0,,0,0,0,0,0,0,0,0,0,0,9.100000000000001,9.100000000000001,0,0,9.1,6.0,3.0999999999999996,2025,18,,,,,,3.033333333333333,0.6593406593406593,0,0,9.1,7.64,7.666666666666667,7.666666666666667,7.95985,0,0.0,0.0,0.0,0.0,3,2.5,2.0,2.0,2.1475,0,0.0,0.0,0.0,0.0,7,4.0,3.3333333333333335,3.3333333333333335,4.0024999999999995,0,0.0,0.0,0.0,0.0,,,,,,,,,,,6.0,3.0,2.0,2.0,2.6999999999999997,0,0.0,0.0,0.0,0.0,0,0.0,0.0,0.0,0.0,9.1,7.64,7.666666666666667,7.666666666666667,7.95985,-0.08000000000000096,0.0,1.5,,,0.0,0.0,1.181125,0.8250000000000001,6.739210498465447,0.3392023719039931,0.22048154173759552,-0.08000000000000096,0.905000000000001,3.0,0.0,0.5591447072091443,0.0,0.0,61.181125,Stable,,,['Limited recent opportunity'],Brady Cook,QB,,0.0,0.0,14.74895277338408,3.0,backup,Depth chart: QB3. Higher-ranked teammate is active; recent usage is not treated as a starting role.,healthy_backup,1.730000000000001
00-0039405,Jawhar Jordan,Jawhar Jordan,RB,RB,"https://static.www.nfl.com/image/upload/f_auto,q_auto/league/mdov6nge0ui6pc3kx0l2",2026,-1,REG,2025_18_IND_HOU,HOU,IND,0,0,0,0,0,0,0,0,0,0,0,0,,,0,,0,0,0,0,5,3,0,0,0,0,-3.7385242959129923,0,0,0,0,0,0,0,0,0,0,0,0,0,0,,0,0,0,0,0,,0.0,0.0,0.0,0,0,0,0,0,0,0,0.0,0.0,0,0,0,0,0,0,0,0,0,0,0,0,0,0,0,0,0,0,0,0,0,0,0,0,0,0,0,0,0,0,0,0,0,,,0,0,0,0,0,0,0,0,0,0,0,0,,,,0,0,0,0,0,0,0,,0,0,0,0,0,0,0,,0,0,0,0,0,0,0,0,0,0,0.30000000000000004,0.30000000000000004,0,0,0.30000000000000004,0.0,0.30000000000000004,2025,18,,,,,,0.06000000000000001,0.0,0,0,0.30000000000000004,1.9500000000000002,3.6333333333333333,3.6333333333333333,3.1435000000000004,0,0.0,1.6666666666666667,1.6666666666666667,1.5125000000000002,5,6.5,9.333333333333334,9.333333333333334,8.7675,0,0.0,5.666666666666667,5.666666666666667,5.142500000000001,3,19.5,30.666666666666668,30.666666666666668,26.292500000000004,0,0.0,1.6666666666666667,1.6666666666666667,1.5125000000000002,,,,,,,,,,,0.0,0.0,0.0,0.0,0.0,0,0.0,0.0,0.0,0.0,0,0.0,0.0,0.0,0.0,0.30000000000000004,1.9500000000000002,3.6333333333333333,3.6333333333333333,3.1435000000000004,-5.050000000000001,-5.0,-8.5,,,0.0,0.0,6.334625000000001,-9.675,0.4962408982378594,0.0,0.0,-5.050000000000001,-4.625,3.0,0.8394333333333335,1.2743900867996947,5.250782067546115,8.181879267185412,66.334625,Downtrend confirmed,,,"['Role is trending downward', 'Recent production is declining']",Jawhar Jordan,RB,,6.716330667365764,5.9881897,6.716330667365764,3.0,backup,Depth chart: RB3. Higher-ranked teammate is active; recent usage is not treated as a starting role.,healthy_backup,1.7163306673657637
00-0033757,Robert Tonyan,Robert Tonyan,TE,TE,"https://static.www.nfl.com/image/upload/f_auto,q_auto/league/m8h8rzmxq4sjywitqnyb",2026,-1,REG,2025_11_KC_DEN,KC,MIA,0,0,0,0,0,0,0,0,0,0,0,0,,,0,,0,0,0,0,0,0,0,0,0,0,,0,0,0,0,0,1,1,1,0,0,0,1,0,0,-0.5185336319264024,0,0,0,0,0,1.0,0.023255813953488372,0.0030864197530864196,0.03704421475739305,0,0,0,0,0,0,0,0.0,0.0,0,0,0,0,0,0,0,0,0,0,0,0,0,0,0,0,0,0,0,0,0,0,0,0,0,0,0,0,0,0,0,0,0,,,0,0,0,0,0,0,0,0,0,0,0,0,,,,0,0,0,0,0,0,0,,0,0,0,0,0,0,0,,0,0,0,0,0,0,0,0,0,0,0.1,1.1,0,0,0.1,0.0,0.1,2025,11,,,,,0.1,,0.0,0,0,0.1,0.05,0.05,0.05,0.045,1,0.5,0.5,0.5,0.44999999999999996,0,0.0,0.0,0.0,0.0,1,0.5,0.5,0.5,0.44999999999999996,0,0.0,0.0,0.0,0.0,1,0.5,0.5,0.5,0.44999999999999996,,,,,,,,,,,0.0,0.0,0.0,0.0,0.0,0,0.0,0.0,0.0,0.0,0,0.0,0.0,0.0,0.0,0.1,0.05,0.05,0.05,0.045,,,,,,,,0.44999999999999996,0.0,0.1,0.0,0.0,,0.0,2.0,0.047,0.020591260281974003,1.66561155678591,1.7129714554344502,,Stable,,,['Limited recent opportunity'],Robert Tonyan,TE,,1.68929150611018,1.0772133,1.68929150611018,3.0,backup,Depth chart: TE3. Higher-ranked teammate is active; recent usage is not treated as a starting role.,healthy_backup,1.68929150611018
00-0035956,Giovanni Ricci,Giovanni Ricci,TE,TE,"https://static.www.nfl.com/image/upload/f_auto,q_auto/league/irj1ejjmt0nvi1hlscr7",2026,-1,REG,2025_17_DET_MIN,DET,NYJ,0,0,0,0,0,0,0,0,0,0,0,0,,,0,,0,0,0,0,0,0,0,0,0,0,,0,0,0,0,0,0,1,0,0,0,0,3,0,0,-0.9018570889020339,0,0,0,0,0,0.0,0.034482758620689655,0.01507537688442211,0.06227690175012996,0,0,0,0,0,0,0,0.0,0.0,0,0,0,0,0,0,0,0,0,0,0,0,0,0,0,0,0,0,1,5,0,0,0,0,0,0,0,0,0,0,0,0,0,,,0,0,0,0,0,0,0,0,0,0,0,0,,,,0,0,0,0,0,0,0,,0,0,0,0,0,0,0,,0,0,0,0,0,0,0,0,0,0,0.0,0.0,0,0,0.0,0.0,0.0,2025,17,,,,,0.0,,,0,0,0.0,0.0,0.0,0.0,0.0,1,0.5,0.5,0.5,0.44999999999999996,0,0.0,0.0,0.0,0.0,0,0.0,0.0,0.0,0.0,0,0.0,0.0,0.0,0.0,0,0.0,0.0,0.0,0.0,,,,,,,,,,,0.0,0.0,0.0,0.0,0.0,0,0.0,0.0,0.0,0.0,0,0.0,0.0,0.0,0.0,0.0,0.0,0.0,0.0,0.0,,,,,,,,0.44999999999999996,0.0,0.0,,0.0,,0.0,2.0,0.0,0.0,1.6759497143588917,1.6759497143588917,,Stable,,,['Limited recent opportunity'],Giovanni Ricci,TE,,1.6759497143588917,1.0772133,1.6759497143588917,,,,,1.6759497143588917
00-0037282,James Mitchell,James Mitchell,TE,TE,"https://static.www.nfl.com/image/upload/f_auto,q_auto/league/q8b9goebgmuwusl6vqdc",2026,-1,POST,2025_19_LA_CAR,CAR,CLE,0,0,0,0,0,0,0,0,0,0,0,0,,,0,,0,0,0,0,0,0,0,0,0,0,,0,0,0,0,0,0,1,0,0,0,0,3,0,0,-3.477310893125832,0,0,0,0,0,0.0,0.02702702702702703,0.00821917808219178,0.046293965198074785,0,0,0,0,0,0,0,0.0,0.0,0,0,0,0,0,0,0,0,0,0,0,0,0,0,0,0,0,0,0,0,0,0,0,0,0,0,0,0,0,0,0,0,0,,,0,0,0,0,0,0,0,0,0,0,0,0,,,,0,0,0,0,0,0,0,,0,0,0,0,0,0,0,,0,0,0,0,0,0,0,0,0,0,0.0,0.0,0,0,0.0,0.0,0.0,2025,19,,,,,0.0,,,0,0,0.0,0.55,0.9333333333333335,0.9333333333333335,0.7865000000000002,1,1.0,1.3333333333333333,1.3333333333333333,1.3025000000000002,0,0.0,0.0,0.0,0.0,0,5.5,9.333333333333334,9.333333333333334,7.865000000000001,0,0.0,0.0,0.0,0.0,0,0.5,1.0,1.0,0.8525000000000001,,,,,,,,,,,0.0,0.0,0.0,0.0,0.0,0,0.0,0.0,0.0,0.0,0,0.0,0.0,0.0,0.0,0.0,0.55,0.9333333333333335,0.9333333333333335,0.7865000000000002,-1.1500000000000001,-1.0,0.0,,,0.0,0.0,1.3025000000000002,-1.0,0.6038387715930903,0.0,0.0,-1.1500000000000001,0.15000000000000013,3.0,0.4952333333333335,0.3496424268687464,2.114885819268362,2.9190634010664787,61.3025,Stable,,,['Limited recent opportunity'],James Mitchell,TE,,2.5169746101674204,1.7552749,2.5169746101674204,6.0,backup,Depth chart: TE6. Higher-ranked teammate is active; recent usage is not treated as a starting role.,healthy_backup,1.6669746101674205
00-0036176,Mason Kinsey,Mason Kinsey,WR,WR,"https://static.www.nfl.com/image/upload/f_auto,q_auto/league/fnp9cl8jpe0mrkysfh4r",2026,-1,REG,2025_18_TEN_JAX,TEN,NYG,0,0,0,0,0,0,0,0,0,0,0,0,,,0,,0,0,0,0,0,0,0,0,0,0,,0,0,0,0,0,0,0,0,0,0,0,0,0,0,,0,0,0,0,0,,0.0,0.0,0.0,0,2,0,0,0,0,0,0.0,0.0,0,0,0,0,0,0,0,0,0,0,0,0,0,0,0,0,0,0,0,0,0,0,0,0,0,0,0,0,0,0,0,0,0,,,0,0,0,0,0,0,0,0,0,0,0,0,,,,0,0,0,0,0,0,0,,0,0,0,0,0,0,0,,0,0,0,0,0,0,0,0,0,0,0.0,0.0,0,0,0.0,0.0,0.0,2025,18,,,,,,,,0,0,0.0,1.7000000000000002,1.1333333333333335,1.1333333333333335,0.8415000000000001,0,0.5,0.3333333333333333,0.3333333333333333,0.2475,0,0.0,0.0,0.0,0.0,0,17.0,11.333333333333334,11.333333333333334,8.415000000000001,0,0.0,0.0,0.0,0.0,0,0.5,0.3333333333333333,0.3333333333333333,0.2475,,,,,,,,,,,0.0,0.0,0.0,0.0,0.0,0,0.0,0.0,0.0,0.0,0,0.0,0.0,0.0,0.0,0.0,1.7000000000000002,1.1333333333333335,1.1333333333333335,0.8415000000000001,1.7000000000000002,0.5,0.0,,,0.0,0.0,0.2475,0.5,3.400000000000001,0.0,0.0,1.7000000000000002,-1.2000000000000002,3.0,1.1332333333333335,0.5555749814381494,1.7243078247365664,3.00213028204431,60.2475,Stable,,,['Limited recent opportunity'],Mason Kinsey,WR,,2.3632190533904383,1.2644763,2.3632190533904383,7.0,backup,Depth chart: WR7. Higher-ranked teammate is active; recent usage is not treated as a starting role.,healthy_backup,1.663219053390438
00-0036988,Josh Palmer,Josh Palmer,WR,WR,"https://static.www.nfl.com/image/upload/f_auto,q_auto/league/woswdfrtxnsfgzsjvsxx",2026,2,REG,2026_02_DET_BUF,BUF,LAC,0,0,0,0,0,0,0,0,0,0,0,0,,,0,,0,0,0,0,0,0,0,0,0,0,,0,0,0,0,0,1,3,43,1,0,0,39,10,1,4.82008575508371,0,1,1,1,1,1.1025641025641026,0.10714285714285714,0.16595744680851063,0.2768844984802431,0,0,0,0,0,0,0,0.0,0.0,0,0,0,0,0,0,0,0,0,0,0,0,0,0,0,0,0,0,0,0,0,0,0,0,0,0,0,0,0,0,0,0,0,,,0,0,0,0,0,0,0,0,0,0,0,0,,,,0,0,0,0,0,0,0,,0,0,0,0,0,0,0,,0,0,0,0,0,0,0,0,0,0,10.3,11.3,0,0,10.3,6.0,4.300000000000001,2026,2,,,,,3.4333333333333336,,0.5825242718446602,0,0,10.3,9.850000000000001,6.6000000000000005,4.24,7.08325625,3,2.5,2.6666666666666665,2.2,2.49461875,0,0.0,0.0,0.0,0.0,43,38.5,26.0,18.4,28.9825625,0,0.0,0.0,0.0,0.0,1,1.0,1.0,1.0,1.0,,,,,,,,,,,6.0,6.0,4.0,2.4,4.185,0,0.0,0.0,0.0,0.0,0,0.0,0.0,0.0,0.0,10.3,9.850000000000001,6.6000000000000005,4.24,7.08325625,9.200000000000001,0.0,0.0,,,0.0,0.0,2.49461875,0.0,2.8394143393654843,0.590829959031907,0.38403947337073957,9.200000000000001,-9.200000000000001,5.0,6.254293831936186,2.2319520965975617,1.072136104970538,6.205625927144929,62.26266665340244,TD-dependent production,,,"['Limited recent opportunity', 'Recent production is improving', 'Production has significant TD dependence']",Josh Palmer,WR,,3.638881016057734,3.5764704,3.638881016057734,4.0,backup,Depth chart: WR4. Higher-ranked teammate is active; recent usage is not treated as a starting role.,healthy_backup,1.6388810160577338
00-0038465,Malik Heath,Malik Heath,WR,WR,"https://static.www.nfl.com/image/upload/f_auto,q_auto/league/gtvkkadrxfzlj1qxshhx",2026,-1,REG,2025_13_GB_DET,GB,ATL,0,0,0,0,0,0,0,0,0,0,0,0,,,0,,0,0,0,0,0,0,0,0,0,0,,0,0,0,0,0,0,1,0,0,0,0,8,0,0,-0.787984412163496,0,0,0,0,0,0.0,0.034482758620689655,0.023323615160349854,0.06805066854327937,0,0,0,0,0,0,0,0.0,0.0,0,0,0,0,0,0,0,0,0,0,0,0,0,0,0,0,0,0,0,0,0,0,0,0,0,0,0,0,0,0,0,0,0,,,0,0,0,0,0,0,0,0,0,0,0,0,,,,0,0,0,0,0,0,0,,0,0,0,0,0,0,0,,0,0,0,0,0,0,0,0,0,0,0.0,0.0,0,0,0.0,0.0,0.0,2025,13,,,,,0.0,,,0,0,0.0,0.55,1.3333333333333333,1.3333333333333333,1.1495000000000002,1,1.0,1.6666666666666667,1.6666666666666667,1.6050000000000002,0,0.0,0.0,0.0,0.0,0,5.5,13.333333333333334,13.333333333333334,11.495000000000001,0,0.0,0.0,0.0,0.0,0,0.5,1.3333333333333333,1.3333333333333333,1.1550000000000002,,,,,,,,,,,0.0,0.0,0.0,0.0,0.0,0,0.0,0.0,0.0,0.0,0,0.0,0.0,0.0,0.0,0.0,0.55,1.3333333333333333,1.3333333333333333,1.1495000000000002,-2.3500000000000005,-2.0,0.0,,,0.0,0.0,1.6050000000000002,-2.0,0.7161993769470405,0.0,0.0,-2.3500000000000005,0.35000000000000053,3.0,0.5230333333333335,0.5228237816575166,2.6738717542209436,3.8763664520332313,61.605,Downtrend confirmed,,,"['Limited recent opportunity', 'Role is trending downward', 'Recent production is declining']",Malik Heath,WR,,3.2751191031270874,2.6259325,3.2751191031270874,,,,,1.625119103127088
00-0039471,Frank Gore Jr.,Frank Gore Jr.,RB,RB,"https://static.www.nfl.com/image/upload/f_auto,q_auto/league/qzf7faowlqoh5nengpq5",2026,1,REG,2026_01_BUF_HOU,BUF,LAC,0,0,0,0,0,0,0,0,0,0,0,0,,,0,,0,0,0,0,1,3,0,0,0,0,-0.05922734137857333,0,0,0,0,0,0,0,0,0,0,0,0,0,0,,0,0,0,0,0,,0.0,0.0,0.0,0,0,0,0,0,0,0,0.0,0.0,0,0,0,0,0,0,0,0,0,0,0,0,0,0,0,0,0,0,0,0,0,0,0,0,0,0,0,0,0,0,0,0,0,,,0,0,0,0,0,0,0,0,0,0,0,0,,,,0,0,0,0,0,0,0,,0,0,0,0,0,0,0,,0,0,0,0,0,0,0,0,0,0,0.30000000000000004,0.30000000000000004,0,0,0.30000000000000004,0.0,0.30000000000000004,2026,1,,,,,,0.30000000000000004,0.0,0,0,0.30000000000000004,0.15000000000000002,0.30000000000000004,0.30000000000000004,0.31650000000000006,0,0.0,0.3333333333333333,0.3333333333333333,0.30250000000000005,1,0.5,0.3333333333333333,0.3333333333333333,0.44999999999999996,0,0.0,2.0,2.0,1.8150000000000004,3,1.5,1.0,1.0,1.3499999999999999,0,0.0,0.3333333333333333,0.3333333333333333,0.30250000000000005,,,,,,,,,,,0.0,0.0,0.0,0.0,0.0,0,0.0,0.0,0.0,0.0,0,0.0,0.0,0.0,0.0,0.30000000000000004,0.15000000000000002,0.30000000000000004,0.30000000000000004,0.31650000000000006,-0.45000000000000007,-1.0,0.5,,,0.0,0.0,0.55,-0.725,0.5754545454545456,0.0,0.0,-0.45000000000000007,-0.2749999999999999,3.0,0.05615000000000003,0.061980319457066384,2.512571850852614,2.6551265856038664,60.55,Stable,,,['Limited recent opportunity'],Frank Gore Jr.,RB,,2.58384921822824,1.9253488,2.58384921822824,4.0,backup,Depth chart: RB4. Higher-ranked teammate is active; recent usage is not treated as a starting role.,healthy_backup,1.5838492182282402
00-0038564,Cameron Latu,Cameron Latu,TE,TE,"https://static.www.nfl.com/image/upload/f_auto,q_auto/league/hquihmithkmhoncvkqwt",2026,-1,REG,2025_18_WAS_PHI,PHI,CHI,0,0,0,0,0,0,0,0,0,0,0,0,,,0,,0,0,0,0,0,0,0,0,0,0,,0,0,0,0,0,0,0,0,0,0,0,0,0,0,,0,0,0,0,0,,0.0,0.0,0.0,0,0,0,1,0,0,0,0.0,0.0,0,0,0,0,0,0,0,0,0,0,0,0,0,0,0,0,0,0,1,5,0,0,0,0,0,0,0,0,0,0,0,0,0,,,0,0,0,0,0,0,0,0,0,0,0,0,,,,0,0,0,0,0,0,0,,0,0,0,0,0,0,0,,0,0,0,0,0,0,0,0,0,0,0.0,0.0,0,0,0.0,0.0,0.0,2025,18,,,,,,,,0,0,0.0,0.0,0.0,0.0,0.0,0,0.0,0.0,0.0,0.0,0,0.0,0.0,0.0,0.0,0,0.0,0.0,0.0,0.0,0,0.0,0.0,0.0,0.0,0,0.0,0.0,0.0,0.0,,,,,,,,,,,0.0,0.0,0.0,0.0,0.0,0,0.0,0.0,0.0,0.0,0,0.0,0.0,0.0,0.0,0.0,0.0,0.0,0.0,0.0,0.0,0.0,0.0,,,0.0,0.0,0.0,0.0,,,0.0,0.0,0.0,3.0,0.0,0.0,1.577192365767627,1.577192365767627,60.0,Stable,,,['Limited recent opportunity'],Cameron Latu,TE,,1.577192365767627,1.7697353,1.577192365767627,4.0,backup,Depth chart: TE4. Higher-ranked teammate is active; recent usage is not treated as a starting role.,healthy_backup,1.577192365767627
00-0038590,Justin Shorter,Justin Shorter,TE,TE,"https://static.www.nfl.com/image/upload/f_auto,q_auto/league/htymyxoyw1hh52zoo3lb",2026,-1,REG,2025_06_TEN_LV,LV,NO,0,0,0,0,0,0,0,0,0,0,0,0,,,0,,0,0,0,0,0,0,0,0,0,0,,0,0,0,0,0,0,0,0,0,0,0,0,0,0,,0,0,0,0,0,,0.0,0.0,0.0,0,0,0,1,0,0,0,0.0,0.0,0,0,0,0,0,0,0,0,0,0,0,0,0,0,0,0,0,0,0,0,0,0,0,0,0,0,0,0,0,0,0,0,0,,,0,0,0,0,0,0,0,0,0,0,0,0,,,,0,0,0,0,0,0,0,,0,0,0,0,0,0,0,,0,0,0,0,0,0,0,0,0,0,0.0,0.0,0,0,0.0,0.0,0.0,2025,6,,,,,,,,0,0,0.0,0.0,0.0,0.0,0.0,0,0.0,0.0,0.0,0.0,0,0.0,0.0,0.0,0.0,0,0.0,0.0,0.0,0.0,0,0.0,0.0,0.0,0.0,0,0.0,0.0,0.0,0.0,,,,,,,,,,,0.0,0.0,0.0,0.0,0.0,0,0.0,0.0,0.0,0.0,0,0.0,0.0,0.0,0.0,0.0,0.0,0.0,0.0,0.0,0.0,0.0,0.0,,,0.0,0.0,0.0,0.0,,,0.0,0.0,0.0,3.0,0.0,0.0,1.577192365767627,1.577192365767627,60.0,Stable,,,['Limited recent opportunity'],Justin Shorter,TE,,1.577192365767627,1.7697353,1.577192365767627,7.0,backup,Depth chart: WR7. Higher-ranked teammate is active; recent usage is not treated as a starting role.,healthy_backup,1.577192365767627
00-0038498,E.J. Jenkins,E.J. Jenkins,TE,TE,"https://static.www.nfl.com/image/upload/f_auto,q_auto/league/jmhuk0gcnyotcjhdxo6v",2026,-1,REG,2025_07_PHI_MIN,PHI,CHI,0,0,0,0,0,0,0,0,0,0,0,0,,,0,,0,0,0,0,0,0,0,0,0,0,,0,0,0,0,0,0,0,0,0,0,0,0,0,0,,0,0,0,0,0,,0.0,0.0,0.0,0,0,0,0,0,0,0,0.0,0.0,0,0,0,0,0,0,0,0,0,0,0,0,0,0,0,0,0,0,1,5,0,0,0,0,0,0,0,0,0,0,0,0,0,,,0,0,0,0,0,0,0,0,0,0,0,0,,,,0,0,0,0,0,0,0,,0,0,0,0,0,0,0,,0,0,0,0,0,0,0,0,0,0,0.0,0.0,0,0,0.0,0.0,0.0,2025,7,,,,,,,,0,0,0.0,0.0,0.0,0.0,0.0,0,0.0,0.0,0.0,0.0,0,0.0,0.0,0.0,0.0,0,0.0,0.0,0.0,0.0,0,0.0,0.0,0.0,0.0,0,0.0,0.0,0.0,0.0,,,,,,,,,,,0.0,0.0,0.0,0.0,0.0,0,0.0,0.0,0.0,0.0,0,0.0,0.0,0.0,0.0,0.0,0.0,0.0,0.0,0.0,,,,,,,,0.0,0.0,,,0.0,,0.0,1.0,0.0,0.0,1.577192365767627,1.577192365767627,,Stable,,,['Limited recent opportunity'],E.J. Jenkins,TE,,1.577192365767627,1.7697353,1.577192365767627,3.0,backup,Depth chart: TE3. Higher-ranked teammate is active; recent usage is not treated as a starting role.,healthy_backup,1.577192365767627
00-0039489,Hayden Rucci,Hayden Rucci,TE,TE,"https://static.www.nfl.com/image/upload/f_auto,q_auto/league/vkscrzclmd0tboxpi8lk",2026,-1,REG,2025_08_MIA_ATL,MIA,KC,0,0,0,0,0,0,0,0,0,0,0,0,,,0,,0,0,0,0,0,0,0,0,0,0,,0,0,0,0,0,0,0,0,0,0,0,0,0,0,,0,0,0,0,0,,0.0,0.0,0.0,0,0,0,1,0,0,0,0.0,0.0,0,0,0,0,0,0,0,0,0,0,0,0,0,0,0,0,0,0,0,0,0,0,0,0,0,0,0,0,0,0,0,0,0,,,0,0,0,0,0,0,0,0,0,0,0,0,,,,0,0,0,0,0,0,0,,0,0,0,0,0,0,0,,0,0,0,0,0,0,0,0,0,0,0.0,0.0,0,0,0.0,0.0,0.0,2025,8,,,,,,,,0,0,0.0,0.0,0.0,0.0,0.0,0,0.0,0.0,0.0,0.0,0,0.0,0.0,0.0,0.0,0,0.0,0.0,0.0,0.0,0,0.0,0.0,0.0,0.0,0,0.0,0.0,0.0,0.0,,,,,,,,,,,0.0,0.0,0.0,0.0,0.0,0,0.0,0.0,0.0,0.0,0,0.0,0.0,0.0,0.0,0.0,0.0,0.0,0.0,0.0,,,,,,,,0.0,0.0,,,0.0,,0.0,1.0,0.0,0.0,1.577192365767627,1.577192365767627,,Stable,,,['Limited recent opportunity'],Hayden Rucci,TE,,1.577192365767627,1.7697353,1.577192365767627,5.0,backup,Depth chart: TE5. Higher-ranked teammate is active; recent usage is not treated as a starting role.,healthy_backup,1.577192365767627
00-0037031,Nikola Kalinic,Nikola Kalinic,TE,TE,"https://static.www.nfl.com/image/upload/f_auto,q_auto/league/monk9ruop1ec5bfysiwl",2026,-1,REG,2025_18_DET_CHI,CHI,PHI,0,0,0,0,0,0,0,0,0,0,0,0,,,0,,0,0,0,0,0,0,0,0,0,0,,0,0,0,0,0,0,0,0,0,0,0,0,0,0,,0,0,0,0,0,,0.0,0.0,0.0,0,0,0,1,0,0,0,0.0,0.0,0,0,0,0,0,0,0,0,0,0,0,0,0,0,0,0,0,0,0,0,0,0,0,0,0,0,0,0,0,0,0,0,0,,,0,0,0,0,0,0,0,0,0,0,0,0,,,,0,0,0,0,0,0,0,,0,0,0,0,0,0,0,,0,0,0,0,0,0,0,0,0,0,0.0,0.0,0,0,0.0,0.0,0.0,2025,18,,,,,,,,0,0,0.0,0.0,0.0,0.0,0.0,0,0.0,0.0,0.0,0.0,0,0.0,0.0,0.0,0.0,0,0.0,0.0,0.0,0.0,0,0.0,0.0,0.0,0.0,0,0.0,0.0,0.0,0.0,,,,,,,,,,,0.0,0.0,0.0,0.0,0.0,0,0.0,0.0,0.0,0.0,0,0.0,0.0,0.0,0.0,0.0,0.0,0.0,0.0,0.0,,,,,,,,0.0,0.0,,,0.0,,0.0,2.0,0.0,0.0,1.577192365767627,1.577192365767627,,Stable,,,['Limited recent opportunity'],Nikola Kalinic,TE,,1.577192365767627,1.7697353,1.577192365767627,4.0,backup,Depth chart: TE4. Higher-ranked teammate is active; recent usage is not treated as a starting role.,healthy_backup,1.577192365767627
00-0024243,Marcedes Lewis,Marcedes Lewis,TE,TE,"https://static.www.nfl.com/image/private/f_auto,q_auto/league/ppq07tipygpftz5csipx",2026,-1,REG,2025_10_LV_DEN,DEN,LAR,0,0,0,0,0,0,0,0,0,0,0,0,,,0,,0,0,0,0,0,0,0,0,0,0,,0,0,0,0,0,0,0,0,0,0,0,0,0,0,,0,0,0,0,0,,0.0,0.0,0.0,0,0,0,0,0,0,0,0.0,0.0,0,0,0,0,0,0,0,0,0,0,0,0,0,0,0,0,0,0,2,15,0,0,0,0,0,0,0,0,0,0,0,0,0,,,0,0,0,0,0,0,0,0,0,0,0,0,,,,0,0,0,0,0,0,0,,0,0,0,0,0,0,0,,0,0,0,0,0,0,0,0,0,0,0.0,0.0,0,0,0.0,0.0,0.0,2025,10,,,,,,,,0,0,0.0,0.0,0.0,0.0,0.0,0,0.0,0.0,0.0,0.0,0,0.0,0.0,0.0,0.0,0,0.0,0.0,0.0,0.0,0,0.0,0.0,0.0,0.0,0,0.0,0.0,0.0,0.0,,,,,,,,,,,0.0,0.0,0.0,0.0,0.0,0,0.0,0.0,0.0,0.0,0,0.0,0.0,0.0,0.0,0.0,0.0,0.0,0.0,0.0,,,,,,,,0.0,0.0,,,0.0,,0.0,1.0,0.0,0.0,1.577192365767627,1.577192365767627,,Stable,,,['Limited recent opportunity'],Marcedes Lewis,TE,,1.577192365767627,1.7697353,1.577192365767627,,,,,1.577192365767627
00-0041094,Bauer Sharp,Bauer Sharp,TE,TE,"https://static.www.nfl.com/image/upload/f_auto,q_auto/league/xqj8rk6okp7eobbv5hps",2026,1,REG,2026_01_TB_CIN,TB,MIN,0,0,0,0,0,0,0,0,0,0,0,0,,,0,,0,0,0,0,0,0,0,0,0,0,,0,0,0,0,0,0,0,0,0,0,0,0,0,0,,0,0,0,0,0,,0.0,0.0,0.0,0,1,0,0,0,0,0,0.0,0.0,0,0,0,0,0,0,0,0,0,0,0,0,0,0,0,0,0,0,0,0,0,0,0,0,0,0,0,0,0,0,0,0,0,,,0,0,0,0,0,0,0,0,0,0,0,0,,,,0,0,0,0,0,0,0,,0,0,0,0,0,0,0,,0,0,0,0,0,0,0,0,0,0,0.0,0.0,0,0,0.0,0.0,0.0,2026,1,,,,,,,,0,0,0.0,0.0,0.0,0.0,0.0,0,0.0,0.0,0.0,0.0,0,0.0,0.0,0.0,0.0,0,0.0,0.0,0.0,0.0,0,0.0,0.0,0.0,0.0,0,0.0,0.0,0.0,0.0,,,,,,,,,,,0.0,0.0,0.0,0.0,0.0,0,0.0,0.0,0.0,0.0,0,0.0,0.0,0.0,0.0,0.0,0.0,0.0,0.0,0.0,,,,,,,,0.0,0.0,,,0.0,,0.0,1.0,0.0,0.0,1.577192365767627,1.577192365767627,,Stable,,,['Limited recent opportunity'],Bauer Sharp,TE,,1.577192365767627,1.7697353,1.577192365767627,4.0,backup,Depth chart: TE4. Higher-ranked teammate is active; recent usage is not treated as a starting role.,healthy_backup,1.577192365767627
00-0037317,Nick Muse,Nick Muse,TE,TE,"https://static.www.nfl.com/image/upload/f_auto,q_auto/league/cdidnsvt1we5d7ffnjbo",2026,1,REG,2026_01_ATL_PIT,ATL,GB,0,0,0,0,0,0,0,0,0,0,0,0,,,0,,0,0,0,0,0,0,0,0,0,0,,0,0,0,0,0,0,0,0,0,0,0,0,0,0,,0,0,0,0,0,,0.0,0.0,0.0,0,0,0,1,0,0,0,0.0,0.0,0,0,0,0,0,0,0,0,0,0,0,0,0,0,0,0,0,0,0,0,0,0,0,0,0,0,0,0,0,0,0,0,0,,,0,0,0,0,0,0,0,0,0,0,0,0,,,,0,0,0,0,0,0,0,,0,0,0,0,0,0,0,,0,0,0,0,0,0,0,0,0,0,0.0,0.0,0,0,0.0,0.0,0.0,2026,1,,,,,,,,0,0,0.0,0.0,0.0,0.0,0.0,0,0.0,0.0,0.0,0.0,0,0.0,0.0,0.0,0.0,0,0.0,0.0,0.0,0.0,0,0.0,0.0,0.0,0.0,0,0.0,0.0,0.0,0.0,,,,,,,,,,,0.0,0.0,0.0,0.0,0.0,0,0.0,0.0,0.0,0.0,0,0.0,0.0,0.0,0.0,0.0,0.0,0.0,0.0,0.0,,,,,,,,0.0,0.0,,,0.0,,0.0,1.0,0.0,0.0,1.577192365767627,1.577192365767627,,Stable,,,['Limited recent opportunity'],Nick Muse,TE,,1.577192365767627,1.7697353,1.577192365767627,4.0,backup,Depth chart: TE4. Higher-ranked teammate is active; recent usage is not treated as a starting role.,healthy_backup,1.577192365767627
00-0040225,Thomas Fidone II,Thomas Fidone II,TE,TE,"https://static.www.nfl.com/image/upload/f_auto,q_auto/league/vbaqpkcxcfwh9dhzescy",2026,-1,REG,2025_07_NYG_DEN,NYG,TEN,0,0,0,0,0,0,0,0,0,0,0,0,,,0,,0,0,0,0,0,0,0,0,0,0,,0,0,0,0,0,0,0,0,0,0,0,0,0,0,,0,0,0,0,0,,0.0,0.0,0.0,0,1,0,0,0,0,0,0.0,0.0,0,0,0,0,0,0,0,0,0,0,0,0,0,0,0,0,0,0,0,0,0,0,0,0,0,0,0,0,0,0,0,0,0,,,0,0,0,0,0,0,0,0,0,0,0,0,,,,0,0,0,0,0,0,0,,0,0,0,0,0,0,0,,0,0,0,0,0,0,0,0,0,0,0.0,0.0,0,0,0.0,0.0,0.0,2025,7,,,,,,,,0,0,0.0,0.0,0.0,0.0,0.0,0,0.0,0.0,0.0,0.0,0,0.0,0.0,0.0,0.0,0,0.0,0.0,0.0,0.0,0,0.0,0.0,0.0,0.0,0,0.0,0.0,0.0,0.0,,,,,,,,,,,0.0,0.0,0.0,0.0,0.0,0,0.0,0.0,0.0,0.0,0,0.0,0.0,0.0,0.0,0.0,0.0,0.0,0.0,0.0,,,,,,,,0.0,0.0,,,0.0,,0.0,1.0,0.0,0.0,1.577192365767627,1.577192365767627,,Stable,,,['Limited recent opportunity'],Thomas Fidone II,TE,,1.577192365767627,1.7697353,1.577192365767627,4.0,backup,Depth chart: TE4. Higher-ranked teammate is active; recent usage is not treated as a starting role.,healthy_backup,1.577192365767627
00-0040058,Nick Kallerup,Nick Kallerup,TE,TE,"https://static.www.nfl.com/image/upload/f_auto,q_auto/league/eetx8ba2ztsmk9wabbzp",2026,-1,REG,2025_15_IND_SEA,SEA,WAS,0,0,0,0,0,0,0,0,0,0,0,0,,,0,,0,0,0,0,0,0,0,0,0,0,,0,0,0,0,0,0,0,0,0,0,0,0,0,0,,0,0,0,0,0,,0.0,0.0,0.0,0,1,0,0,0,0,0,0.0,0.0,0,0,0,0,0,0,0,0,0,0,0,0,0,0,0,0,0,0,0,0,0,0,0,0,0,0,0,0,0,0,0,0,0,,,0,0,0,0,0,0,0,0,0,0,0,0,,,,0,0,0,0,0,0,0,,0,0,0,0,0,0,0,,0,0,0,0,0,0,0,0,0,0,0.0,0.0,0,0,0.0,0.0,0.0,2025,15,,,,,,,,0,0,0.0,0.0,0.0,0.0,0.0,0,0.0,0.0,0.0,0.0,0,0.0,0.0,0.0,0.0,0,0.0,0.0,0.0,0.0,0,0.0,0.0,0.0,0.0,0,0.0,0.0,0.0,0.0,,,,,,,,,,,0.0,0.0,0.0,0.0,0.0,0,0.0,0.0,0.0,0.0,0,0.0,0.0,0.0,0.0,0.0,0.0,0.0,0.0,0.0,0.0,0.0,0.0,,,0.0,0.0,0.0,0.0,,,0.0,0.0,0.0,3.0,0.0,0.0,1.577192365767627,1.577192365767627,60.0,Stable,,,['Limited recent opportunity'],Nick Kallerup,TE,,1.577192365767627,1.7697353,1.577192365767627,4.0,backup,Depth chart: TE4. Higher-ranked teammate is active; recent usage is not treated as a starting role.,healthy_backup,1.577192365767627
00-0037277,Teagan Quitoriano,Teagan Quitoriano,TE,TE,"https://static.www.nfl.com/image/upload/f_auto,q_auto/league/adwepaexueevxdcqjhyf",2026,-1,REG,2025_17_LA_ATL,ATL,GB,0,0,0,0,0,0,0,0,0,0,0,0,,,0,,0,0,0,0,0,0,0,0,0,0,,0,0,0,0,0,0,0,0,0,0,0,0,0,0,,0,0,0,0,0,,0.0,0.0,0.0,0,1,0,0,0,0,0,0.0,0.0,0,0,0,0,0,0,0,0,0,0,0,0,0,0,0,0,0,0,0,0,0,0,0,0,0,0,0,0,0,0,0,0,0,,,0,0,0,0,0,0,0,0,0,0,0,0,,,,0,0,0,0,0,0,0,,0,0,0,0,0,0,0,,0,0,0,0,0,0,0,0,0,0,0.0,0.0,0,0,0.0,0.0,0.0,2025,17,,,,,,,,0,0,0.0,0.0,0.0,0.0,0.0,0,0.0,0.0,0.0,0.0,0,0.0,0.0,0.0,0.0,0,0.0,0.0,0.0,0.0,0,0.0,0.0,0.0,0.0,0,0.0,0.0,0.0,0.0,,,,,,,,,,,0.0,0.0,0.0,0.0,0.0,0,0.0,0.0,0.0,0.0,0,0.0,0.0,0.0,0.0,0.0,0.0,0.0,0.0,0.0,,,,,,,,0.0,0.0,,,0.0,,0.0,2.0,0.0,0.0,1.577192365767627,1.577192365767627,,Stable,,,['Limited recent opportunity'],Teagan Quitoriano,TE,,1.577192365767627,1.7697353,1.577192365767627,4.0,backup,Depth chart: TE4. Higher-ranked teammate is active; recent usage is not treated as a starting role.,healthy_backup,1.577192365767627
00-0037311,Ko Kieft,Ko Kieft,TE,TE,"https://static.www.nfl.com/image/upload/f_auto,q_auto/league/whd4f9mav6qqckqltqwu",2026,-1,REG,2025_03_NYJ_TB,TB,MIN,0,0,0,0,0,0,0,0,0,0,0,0,,,0,,0,0,0,0,0,0,0,0,0,0,,0,0,0,0,0,0,0,0,0,0,0,0,0,0,,0,0,0,0,0,,0.0,0.0,0.0,0,0,0,2,0,0,0,0.0,0.0,0,0,0,0,0,0,0,0,0,0,0,0,0,0,0,0,0,0,0,0,0,0,0,0,0,0,0,0,0,0,0,0,0,,,0,0,0,0,0,0,0,0,0,0,0,0,,,,0,0,0,0,0,0,0,,0,0,0,0,0,0,0,,0,0,0,0,0,0,0,0,0,0,0.0,0.0,0,0,0.0,0.0,0.0,2025,3,,,,,,,,0,0,0.0,0.0,0.0,0.0,0.0,0,0.0,0.0,0.0,0.0,0,0.0,0.0,0.0,0.0,0,0.0,0.0,0.0,0.0,0,0.0,0.0,0.0,0.0,0,0.0,0.0,0.0,0.0,,,,,,,,,,,0.0,0.0,0.0,0.0,0.0,0,0.0,0.0,0.0,0.0,0,0.0,0.0,0.0,0.0,0.0,0.0,0.0,0.0,0.0,,,,,,,,0.0,0.0,,,0.0,,0.0,2.0,0.0,0.0,1.577192365767627,1.577192365767627,,Stable,,,['Limited recent opportunity'],Ko Kieft,TE,,1.577192365767627,1.7697353,1.577192365767627,3.0,backup,Depth chart: TE3. Higher-ranked teammate is active; recent usage is not treated as a starting role.,healthy_backup,1.577192365767627
00-0039518,Treyton Welch,Treyton Welch,TE,TE,"https://static.www.nfl.com/image/upload/f_auto,q_auto/league/rutsetwerjfsym9ohqrs",2026,1,REG,2026_01_NO_DET,NO,LV,0,0,0,0,0,0,0,0,0,0,0,0,,,0,,0,0,0,0,0,0,0,0,0,0,,0,0,0,0,0,0,0,0,0,0,0,0,0,0,,0,0,0,0,0,,0.0,0.0,0.0,0,1,0,0,0,0,0,0.0,0.0,0,0,0,0,0,0,0,0,0,0,0,0,0,0,0,0,0,0,0,0,0,0,0,0,0,0,0,0,0,0,0,0,0,,,0,0,0,0,0,0,0,0,0,0,0,0,,,,0,0,0,0,0,0,0,,0,0,0,0,0,0,0,,0,0,0,0,0,0,0,0,0,0,0.0,0.0,0,0,0.0,0.0,0.0,2026,1,,,,,,,,0,0,0.0,0.0,0.0,0.0,0.0,0,0.0,0.0,0.0,0.0,0,0.0,0.0,0.0,0.0,0,0.0,0.0,0.0,0.0,0,0.0,0.0,0.0,0.0,0,0.0,0.0,0.0,0.0,,,,,,,,,,,0.0,0.0,0.0,0.0,0.0,0,0.0,0.0,0.0,0.0,0,0.0,0.0,0.0,0.0,0.0,0.0,0.0,0.0,0.0,,,,,,,,0.0,0.0,,,0.0,,0.0,1.0,0.0,0.0,1.577192365767627,1.577192365767627,,Stable,,,['Limited recent opportunity'],Treyton Welch,TE,,1.577192365767627,1.7697353,1.577192365767627,4.0,backup,Depth chart: TE4. Higher-ranked teammate is active; recent usage is not treated as a starting role.,healthy_backup,1.577192365767627
00-0041131,Carsen Ryan,Carsen Ryan,TE,TE,"https://static.www.nfl.com/image/upload/f_auto,q_auto/league/qiqiqjw4vyhv2xpxt2np",2026,1,REG,2026_01_CLE_JAX,CLE,CAR,0,0,0,0,0,0,0,0,0,0,0,0,,,0,,0,0,0,0,0,0,0,0,0,0,,0,0,0,0,0,0,0,0,0,0,0,0,0,0,,0,0,0,0,0,,0.0,0.0,0.0,0,0,0,1,0,0,0,0.0,0.0,0,0,0,0,0,0,0,0,0,0,0,0,0,0,0,0,0,0,0,0,0,0,0,0,0,0,0,0,0,0,0,0,0,,,0,0,0,0,0,0,0,0,0,0,0,0,,,,0,0,0,0,0,0,0,,0,0,0,0,0,0,0,,0,0,0,0,0,0,0,0,0,0,0.0,0.0,0,0,0.0,0.0,0.0,2026,1,,,,,,,,0,0,0.0,0.0,0.0,0.0,0.0,0,0.0,0.0,0.0,0.0,0,0.0,0.0,0.0,0.0,0,0.0,0.0,0.0,0.0,0,0.0,0.0,0.0,0.0,0,0.0,0.0,0.0,0.0,,,,,,,,,,,0.0,0.0,0.0,0.0,0.0,0,0.0,0.0,0.0,0.0,0,0.0,0.0,0.0,0.0,0.0,0.0,0.0,0.0,0.0,,,,,,,,0.0,0.0,,,0.0,,0.0,1.0,0.0,0.0,1.577192365767627,1.577192365767627,,Stable,,,['Limited recent opportunity'],Carsen Ryan,TE,,1.577192365767627,1.7697353,1.577192365767627,3.0,backup,Depth chart: TE3. Higher-ranked teammate is active; recent usage is not treated as a starting role.,healthy_backup,1.577192365767627
00-0038643,Brayden Willis,Brayden Willis,TE,TE,"https://static.www.nfl.com/image/upload/f_auto,q_auto/league/sdifjifrgrvunhiigdub",2026,-1,REG,2025_17_CHI_SF,SF,ARI,0,0,0,0,0,0,0,0,0,0,0,0,,,0,,0,0,0,0,0,0,0,0,0,0,,0,0,0,0,0,0,0,0,0,0,0,0,0,0,,0,0,0,0,0,,0.0,0.0,0.0,0,0,0,1,0,0,0,0.0,0.0,0,0,0,0,0,0,0,0,0,0,0,0,0,0,0,0,0,0,0,0,0,0,0,0,0,0,0,0,0,0,0,0,0,,,0,0,0,0,0,0,0,0,0,0,0,0,,,,0,0,0,0,0,0,0,,0,0,0,0,0,0,0,,0,0,0,0,0,0,0,0,0,0,0.0,0.0,0,0,0.0,0.0,0.0,2025,17,,,,,,,,0,0,0.0,0.0,0.0,0.0,0.0,0,0.0,0.0,0.0,0.0,0,0.0,0.0,0.0,0.0,0,0.0,0.0,0.0,0.0,0,0.0,0.0,0.0,0.0,0,0.0,0.0,0.0,0.0,,,,,,,,,,,0.0,0.0,0.0,0.0,0.0,0,0.0,0.0,0.0,0.0,0,0.0,0.0,0.0,0.0,0.0,0.0,0.0,0.0,0.0,0.0,0.0,0.0,,,0.0,0.0,0.0,0.0,,,0.0,0.0,0.0,3.0,0.0,0.0,1.577192365767627,1.577192365767627,60.0,Stable,,,['Limited recent opportunity'],Brayden Willis,TE,,1.577192365767627,1.7697353,1.577192365767627,3.0,backup,Depth chart: TE3. Higher-ranked teammate is active; recent usage is not treated as a starting role.,healthy_backup,1.577192365767627
00-0038735,Princeton Fant,Princeton Fant,TE,TE,"https://static.www.nfl.com/image/upload/f_auto,q_auto/league/dh67wj7xhek86nhyucig",2026,-1,REG,2025_09_ARI_DAL,DAL,BAL,0,0,0,0,0,0,0,0,0,0,0,0,,,0,,0,0,0,0,0,0,0,0,0,0,,0,0,0,0,0,0,0,0,0,0,0,0,0,0,,0,0,0,0,0,,0.0,0.0,0.0,0,0,0,1,0,0,0,0.0,0.0,0,0,0,0,0,0,0,0,0,0,0,0,0,0,0,0,0,0,0,0,0,0,0,0,0,0,0,0,0,0,0,0,0,,,0,0,0,0,0,0,0,0,0,0,0,0,,,,0,0,0,0,0,0,0,,0,0,0,0,0,0,0,,0,0,0,0,0,0,0,0,0,0,0.0,0.0,0,0,0.0,0.0,0.0,2025,9,,,,,,,,0,0,0.0,0.0,0.0,0.0,0.0,0,0.0,0.0,0.0,0.0,0,0.0,0.0,0.0,0.0,0,0.0,0.0,0.0,0.0,0,0.0,0.0,0.0,0.0,0,0.0,0.0,0.0,0.0,,,,,,,,,,,0.0,0.0,0.0,0.0,0.0,0,0.0,0.0,0.0,0.0,0,0.0,0.0,0.0,0.0,0.0,0.0,0.0,0.0,0.0,,,,,,,,0.0,0.0,,,0.0,,0.0,1.0,0.0,0.0,1.577192365767627,1.577192365767627,,Stable,,,['Limited recent opportunity'],Princeton Fant,TE,,1.577192365767627,1.7697353,1.577192365767627,4.0,backup,Depth chart: TE4. Higher-ranked teammate is active; recent usage is not treated as a starting role.,healthy_backup,1.577192365767627
00-0038456,Travis Vokolek,Travis Vokolek,TE,TE,"https://static.www.nfl.com/image/upload/f_auto,q_auto/league/mghciy5zhnaxa6v097yj",2026,-1,REG,2025_05_TEN_ARI,ARI,SF,0,0,0,0,0,0,0,0,0,0,0,0,,,0,,0,0,0,0,0,0,0,0,0,0,,0,0,0,0,0,0,0,0,0,0,0,0,0,0,,0,0,0,0,0,,0.0,0.0,0.0,0,2,0,0,0,0,0,0.0,0.0,0,0,0,0,0,0,0,0,0,0,0,0,0,0,0,0,0,0,0,0,0,0,0,0,0,0,0,0,0,0,0,0,0,,,0,0,0,0,0,0,0,0,0,0,0,0,,,,0,0,0,0,0,0,0,,0,0,0,0,0,0,0,,0,0,0,0,0,0,0,0,0,0,0.0,0.0,0,0,0.0,0.0,0.0,2025,5,,,,,,,,0,0,0.0,0.0,0.0,0.0,0.0,0,0.0,0.0,0.0,0.0,0,0.0,0.0,0.0,0.0,0,0.0,0.0,0.0,0.0,0,0.0,0.0,0.0,0.0,0,0.0,0.0,0.0,0.0,,,,,,,,,,,0.0,0.0,0.0,0.0,0.0,0,0.0,0.0,0.0,0.0,0,0.0,0.0,0.0,0.0,0.0,0.0,0.0,0.0,0.0,,,,,,,,0.0,0.0,,,0.0,,0.0,1.0,0.0,0.0,1.577192365767627,1.577192365767627,,Stable,,,['Limited recent opportunity'],Travis Vokolek,TE,,1.577192365767627,1.7697353,1.577192365767627,,,,,1.577192365767627
00-0040142,Kaleb Johnson,Kaleb Johnson,RB,RB,"https://static.www.nfl.com/image/upload/f_auto,q_auto/league/zpzc4oobxi8nr5dyonob",2026,1,REG,2026_01_GB_MIN,GB,ATL,0,0,0,0,0,0,0,0,0,0,0,0,,,0,,0,0,0,0,0,0,0,0,0,0,,0,0,0,0,0,0,0,0,0,0,0,0,0,0,,0,0,0,0,0,,0.0,0.0,0.0,0,0,0,0,0,0,0,0.0,0.0,0,0,0,0,0,0,0,0,0,0,0,0,0,0,0,0,0,0,0,0,0,0,0,0,0,0,0,2,52,0,0,0,0,,,0,0,0,0,0,0,0,0,0,0,0,0,,,,0,0,0,0,0,0,0,,0,0,0,0,0,0,0,,0,0,0,0,0,0,0,0,0,0,0.0,0.0,0,0,0.0,0.0,0.0,2026,1,,,,,,,,0,0,0.0,0.2,0.26666666666666666,0.275,0.20336250000000003,0,0.0,0.0,0.0,0.0,0,1.0,1.3333333333333333,1.5,1.1,0,0.0,0.0,0.0,0.0,0,2.0,2.6666666666666665,2.75,2.0336250000000002,0,0.0,0.0,0.0,0.0,,,,,,,,,,,0.0,0.0,0.0,0.0,0.0,0,0.0,0.0,0.0,0.0,0,0.0,0.0,0.0,0.0,0.0,0.2,0.26666666666666666,0.275,0.20336250000000003,-0.15000000000000002,0.0,-1.0,,,0.0,0.0,0.6050000000000001,-0.55,0.3361363636363636,0.0,0.0,-0.15000000000000002,-0.4,4.0,0.037434166666666685,0.09947501429728192,2.4102320123931382,2.6390245452768863,60.605,Stable,,,['Limited recent opportunity'],Kaleb Johnson,RB,,2.5246282788350123,2.001472,2.5246282788350123,3.0,backup,Depth chart: RB3. Higher-ranked teammate is active; recent usage is not treated as a starting role.,healthy_backup,1.574628278835012
00-0030035,Adam Thielen,Adam Thielen,WR,WR,"https://static.www.nfl.com/image/upload/f_auto,q_auto/league/pv6gajxtt6zhum2unnsl",2026,-1,POST,2025_19_HOU_PIT,PIT,CIN,0,0,0,0,0,0,0,0,0,0,0,0,,,0,,0,0,0,0,0,0,0,0,0,0,,0,0,0,0,0,2,2,25,0,0,0,16,9,2,3.6441890884307213,0,1,1,1,0,1.5625,0.06451612903225806,0.05517241379310345,0.1353948832035595,0,0,0,0,0,0,0,0.0,0.0,0,0,0,0,0,0,0,0,0,0,0,0,0,0,0,0,0,0,0,0,0,0,0,0,0,0,0,0,0,0,0,0,0,,,0,0,0,0,0,0,0,0,0,0,0,0,,,,0,0,0,0,0,0,0,,0,0,0,0,0,0,0,,0,0,0,0,0,0,0,0,0,0,2.5,4.5,0,0,2.5,0.0,2.5,2025,19,,,,,1.25,,0.0,0,0,2.5,3.4,2.733333333333333,2.733333333333333,2.61275,2,4.0,4.333333333333333,4.333333333333333,3.8975,0,0.0,0.0,0.0,0.0,25,34.0,27.333333333333332,27.333333333333332,26.127499999999998,0,0.0,0.0,0.0,0.0,2,2.5,2.3333333333333335,2.3333333333333335,2.2475,,,,,,,,,,,0.0,0.0,0.0,0.0,0.0,0,0.0,0.0,0.0,0.0,0,0.0,0.0,0.0,0.0,2.5,3.4,2.733333333333333,2.733333333333333,2.61275,1.9999999999999998,-1.0,0.0,,,0.0,0.0,3.8975,-1.0,0.6703656189865299,0.0,0.0,1.9999999999999998,-3.0,3.0,2.310983333333333,0.31428226697243566,4.182750614518047,4.9055998285546485,63.8975,Stable,,,['Projection primarily follows recent baseline'],Adam Thielen,WR,,4.544175221536348,4.336774,4.544175221536348,,,,,1.5441752215363476
00-0037524,Tay Martin,Tay Martin,WR,WR,"https://static.www.nfl.com/image/upload/f_auto,q_auto/league/ttdp5v9tl0zqmb0dmmuv",2026,2,REG,2026_02_DET_BUF,DET,NYJ,0,0,0,0,0,0,0,0,0,0,0,0,,,0,,0,0,0,0,0,0,0,0,0,0,,0,0,0,0,0,0,0,0,0,0,0,0,0,0,,0,0,0,0,0,,0.0,0.0,0.0,0,0,0,1,0,0,0,0.0,0.0,0,0,0,0,0,0,0,0,0,0,0,0,0,0,0,0,0,0,0,0,0,0,0,0,0,0,0,0,0,0,0,0,0,,,0,0,0,0,0,0,0,0,0,0,0,0,,,,0,0,0,0,0,0,0,,0,0,0,0,0,0,0,,0,0,0,0,0,0,0,0,0,0,0.0,0.0,0,0,0.0,0.0,0.0,2026,2,,,,,,,,0,0,0.0,0.0,0.3,0.5750000000000001,0.3554375000000001,0,0.0,0.3333333333333333,0.5,0.30250000000000005,0,0.0,0.0,0.0,0.0,0,0.0,3.0,5.75,3.5543750000000003,0,0.0,0.0,0.0,0.0,0,0.0,0.3333333333333333,0.5,0.30250000000000005,,,,,,,,,,,0.0,0.0,0.0,0.0,0.0,0,0.0,0.0,0.0,0.0,0,0.0,0.0,0.0,0.0,0.0,0.0,0.3,0.5750000000000001,0.3554375000000001,-1.1500000000000001,-1.0,0.0,,,0.0,0.0,0.30250000000000005,-1.0,1.175,0.0,0.0,-1.1500000000000001,0.15000000000000013,4.0,0.024512500000000104,0.22098213870129868,2.1298616576073237,2.638120576620311,60.3025,Stable,,,['Limited recent opportunity'],Tay Martin,WR,,2.3839911171138173,1.1735232,2.3839911171138173,5.0,backup,Depth chart: WR5. Higher-ranked teammate is active; recent usage is not treated as a starting role.,healthy_backup,1.5339911171138174
00-0039746,Will Shipley,Will Shipley,RB,RB,"https://static.www.nfl.com/image/upload/f_auto,q_auto/league/pvpaepncsdfgzdubkuhg",2026,1,REG,2026_01_WAS_PHI,PHI,CHI,0,0,0,0,0,0,0,0,0,0,0,0,,,0,,0,0,0,0,2,4,0,0,0,0,-0.8686447269283235,0,0,0,0,0,1,1,8,0,0,0,6,2,0,0.3782890639267862,0,0,0,0,0,1.3333333333333333,0.045454545454545456,0.02666666666666667,0.08684848484848484,0,0,0,1,0,0,0,0.0,0.0,0,0,0,0,0,0,0,0,0,0,0,0,0,0,0,0,0,0,0,0,0,0,0,0,0,0,0,1,25,0,0,0,0,,,0,0,0,0,0,0,0,0,0,0,0,0,,,,0,0,0,0,0,0,0,,0,0,0,0,0,0,0,,0,0,0,0,0,0,0,0,0,0,1.2000000000000002,2.2,0,0,1.2000000000000002,0.0,1.2000000000000002,2026,1,,,,,1.2000000000000002,0.6000000000000001,0.0,0,0,1.2000000000000002,0.9000000000000001,1.0333333333333334,0.8250000000000001,0.8987375000000001,1,1.0,1.6666666666666667,1.25,1.105875,2,1.0,1.0,1.25,1.368875,8,7.0,8.333333333333334,6.25,6.582374999999999,4,2.0,2.0,2.0,2.405,1,1.0,1.3333333333333333,1.0,0.96975,,,,,,,,,,,0.0,0.0,0.0,0.0,0.0,0,0.0,0.0,0.0,0.0,0,0.0,0.0,0.0,0.0,1.2000000000000002,0.9000000000000001,1.0333333333333334,0.8250000000000001,0.8987375000000001,0.15000000000000013,-0.5,-0.5,,,0.0,0.0,1.8587562499999999,-0.775,0.4835155228126335,0.0,0.0,0.15000000000000013,-0.9250000000000002,4.0,0.6500758333333334,0.13259295281466174,3.066989723040607,3.371953514514329,61.85875625,Stable,,,['Limited recent opportunity'],Will Shipley,RB,,3.219471618777468,2.613688,3.219471618777468,3.0,backup,Depth chart: RB3. Higher-ranked teammate is active; recent usage is not treated as a starting role.,healthy_backup,1.5194716187774677
00-0036945,Justin Fields,Justin Fields,QB,QB,"https://static.www.nfl.com/image/upload/f_auto,q_auto/league/npjrombgxkc5vjkctcgy",2026,-1,REG,2025_11_NYJ_NE,NYJ,DET,15,26,116,1,0,2,-11,0,0,205,43,5,-7.414159964653663,-4.870751619338989,0,0.5658536585365853,5,2,1,0,11,67,1,1,1,6,2.0381707825581543,0,3,2,0,0,0,1,0,0,0,0,6,0,0,-0.8187713430379517,0,0,0,0,0,0.0,0.038461538461538464,0.02843601895734597,0.07759752096244987,0,0,0,0,0,0,0,0.0,0.0,0,0,0,0,0,0,0,0,0,0,0,0,0,0,-4,0,0,0,1,10,0,1,0,1,1,0,0,0,0,0,0,0,0,,,0,0,0,0,0,0,0,0,0,0,0,0,,,,0,0,0,0,0,0,0,,0,0,0,0,0,0,0,,0,0,0,0,0,0,0,0,0,0,19.34,19.34,0,0,21.34,12.0,9.34,2025,11,,,,,21.34,1.94,0.5623242736644799,0,0,21.34,16.15,17.05333333333333,17.05333333333333,18.02075,1,0.5,0.3333333333333333,0.3333333333333333,0.44999999999999996,11,9.0,9.666666666666666,9.666666666666666,10.009999999999998,0,0.0,0.0,0.0,0.0,67,47.5,42.0,42.0,46.457499999999996,0,0.0,0.0,0.0,0.0,,,,,,,,,,,12.0,9.0,8.0,8.0,8.7,0,0.0,0.0,0.0,0.0,0,0.0,0.0,0.0,0.0,21.34,16.15,17.05333333333333,17.05333333333333,18.02075,-2.710000000000001,0.5,-2.0,,,0.0,0.0,5.9555,-0.6000000000000001,3.025900428175636,0.48277679896785647,0.3138049193291067,-2.710000000000001,2.1100000000000008,3.0,0.0,1.8078502214877579,0.0,0.0,65.9555,Stable,,,"['Opportunity rising faster than production', 'Recent production is declining']",Justin Fields,QB,,0.0,0.0,20.186110517562625,2.0,backup,Depth chart: QB2. Higher-ranked teammate is active; recent usage is not treated as a starting role.,healthy_backup,1.5100000000000007
00-0030564,DeAndre Hopkins,DeAndre Hopkins,WR,WR,"https://static.www.nfl.com/image/upload/f_auto,q_auto/league/snvo6holyfdjmrlqxqxu",2026,-1,REG,2025_18_BAL_PIT,BAL,DAL,0,0,0,0,0,0,0,0,0,0,0,0,,,0,,0,0,0,0,0,0,0,0,0,0,,0,0,0,0,0,0,2,0,0,0,0,7,0,0,-4.879961239057593,0,0,0,0,0,0.0,0.11764705882352941,0.03954802259887006,0.20415420405450313,0,0,0,0,0,0,0,0.0,0.0,0,0,0,0,0,0,0,0,0,0,0,0,0,0,0,0,0,0,0,0,0,0,0,0,0,0,0,0,0,0,0,0,0,,,0,0,0,0,0,0,0,0,0,0,0,0,,,,0,0,0,0,0,0,0,,0,0,0,0,0,0,0,,0,0,0,0,0,0,0,0,0,0,0.0,0.0,0,0,0.0,0.0,0.0,2025,18,,,,,0.0,,,0,0,0.0,0.0,1.366666666666667,1.366666666666667,1.2402500000000003,2,1.5,2.6666666666666665,2.6666666666666665,2.66,0,0.0,0.0,0.0,0.0,0,0.0,13.666666666666666,13.666666666666666,12.402500000000002,0,0.0,0.0,0.0,0.0,0,0.0,1.3333333333333333,1.3333333333333333,1.2100000000000002,,,,,,,,,,,0.0,0.0,0.0,0.0,0.0,0,0.0,0.0,0.0,0.0,0,0.0,0.0,0.0,0.0,0.0,0.0,1.366666666666667,1.366666666666667,1.2402500000000003,-4.1000000000000005,-3.5,0.0,,,0.0,0.0,2.66,-3.5,0.4662593984962407,0.0,0.0,-4.1000000000000005,0.6000000000000005,3.0,0.06581666666666708,0.6505232842361091,3.1340768441600657,4.630280397903117,62.66,Downtrend confirmed,,,"['Limited recent opportunity', 'Role is trending downward', 'Recent production is declining']",DeAndre Hopkins,WR,,3.882178621031591,2.9713566,3.882178621031591,,,,,1.4821786210315917
00-0038710,Blake Whiteheart,Blake Whiteheart,TE,TE,"https://static.www.nfl.com/image/upload/f_auto,q_auto/league/senw8edxu2ovkg1dbdxs",2026,1,REG,2026_01_CLE_JAX,CLE,CAR,0,0,0,0,0,0,0,0,0,0,0,0,,,0,,0,0,0,0,0,0,0,0,0,0,,0,0,0,0,0,1,1,14,0,0,0,6,8,1,1.0455106527078897,0,1,0,0,0,2.3333333333333335,0.045454545454545456,0.02631578947368421,0.08660287081339713,0,0,0,0,0,0,0,0.0,0.0,0,0,0,0,0,0,0,0,0,0,0,0,0,0,0,0,0,0,1,5,0,0,0,0,0,0,0,0,0,0,0,0,0,,,0,0,0,0,0,0,0,0,0,0,0,0,,,,0,0,0,0,0,0,0,,0,0,0,0,0,0,0,,0,0,0,0,0,0,0,0,0,0,1.4000000000000001,2.4000000000000004,0,0,1.4000000000000001,0.0,1.4000000000000001,2026,1,,,,,1.4000000000000001,,0.0,0,0,1.4000000000000001,0.7000000000000001,0.46666666666666673,0.35000000000000003,0.63,1,1.0,1.0,1.0,1.0,0,0.0,0.0,0.0,0.0,14,7.0,4.666666666666667,3.5,6.299999999999999,0,0.0,0.0,0.0,0.0,1,0.5,0.3333333333333333,0.25,0.44999999999999996,,,,,,,,,,,0.0,0.0,0.0,0.0,0.0,0,0.0,0.0,0.0,0.0,0,0.0,0.0,0.0,0.0,1.4000000000000001,0.7000000000000001,0.46666666666666673,0.35000000000000003,0.63,0.7000000000000001,0.0,0.0,,,0.0,0.0,1.0,0.0,0.63,0.0,0.0,0.7000000000000001,-0.7000000000000001,4.0,0.5471666666666667,0.3664447813488108,1.7066923894688064,2.549515386571071,61.0,Stable,,,['Limited recent opportunity'],Blake Whiteheart,TE,,2.1281038880199388,1.5969405,2.1281038880199388,2.0,backup,Depth chart: TE2. Higher-ranked teammate is active; recent usage is not treated as a starting role.,healthy_backup,1.4281038880199386
00-0034867,Malik Turner,Malik Turner,WR,WR,"https://static.www.nfl.com/image/upload/f_auto,q_auto/league/pwrijrdgfdsqe00naun5",2026,-1,POST,2025_19_SF_PHI,SF,ARI,0,0,0,0,0,0,0,0,0,0,0,0,,,0,,0,0,0,0,0,0,0,0,0,0,,0,0,0,0,0,0,1,0,0,0,0,8,0,0,-0.1836500508361496,0,0,0,0,0,0.0,0.03333333333333333,0.03007518796992481,0.07105263157894737,0,0,0,0,0,0,0,0.0,0.0,0,0,0,0,0,0,0,0,0,0,0,0,0,0,0,0,0,0,0,0,0,0,0,0,0,0,0,0,0,0,0,0,0,,,0,0,0,0,0,0,0,0,0,0,0,0,,,,0,0,0,0,0,0,0,,0,0,0,0,0,0,0,,0,0,0,0,0,0,0,0,0,0,0.0,0.0,0,0,0.0,0.0,0.0,2025,19,,,,,0.0,,,0,0,0.0,0.0,0.0,0.0,0.0,1,0.5,0.6666666666666666,0.6666666666666666,0.7525,0,0.0,0.0,0.0,0.0,0,0.0,0.0,0.0,0.0,0,0.0,0.0,0.0,0.0,0,0.0,0.0,0.0,0.0,,,,,,,,,,,0.0,0.0,0.0,0.0,0.0,0,0.0,0.0,0.0,0.0,0,0.0,0.0,0.0,0.0,0.0,0.0,0.0,0.0,0.0,0.0,-0.5,0.0,,,0.0,0.0,0.7525,-0.5,0.0,,0.0,0.0,-0.5,3.0,0.0,0.0,2.3368690146661906,2.3368690146661906,60.7525,Stable,,,['Limited recent opportunity'],Malik Turner,WR,,2.3368690146661906,1.3184268,2.3368690146661906,7.0,backup,Depth chart: WR7. Higher-ranked teammate is active; recent usage is not treated as a starting role.,healthy_backup,1.3368690146661906
00-0037340,Zaire Mitchell-Paden,Zaire Mitchell-Paden,TE,TE,"https://static.www.nfl.com/image/upload/f_auto,q_auto/league/kx728asxtg6ykmh1yblc",2026,-1,REG,2025_10_NO_CAR,NO,LV,0,0,0,0,0,0,0,0,0,0,0,0,,,0,,0,0,0,0,0,0,0,0,0,0,,0,0,0,0,0,1,1,14,0,0,0,9,5,1,1.5839844956062734,0,1,0,0,0,1.5555555555555556,0.038461538461538464,0.03515625,0.0823016826923077,0,0,0,0,0,0,0,0.0,0.0,0,0,0,0,0,0,0,0,0,0,0,0,0,0,0,0,0,0,0,0,0,0,0,0,0,0,0,0,0,0,0,0,0,,,0,0,0,0,0,0,0,0,0,0,0,0,,,,0,0,0,0,0,0,0,,0,0,0,0,0,0,0,,0,0,0,0,0,0,0,0,0,0,1.4000000000000001,2.4000000000000004,0,0,1.4000000000000001,0.0,1.4000000000000001,2025,10,,,,,1.4000000000000001,,0.0,0,0,1.4000000000000001,0.8500000000000001,0.5666666666666668,0.5666666666666668,0.70425,1,1.0,1.0,1.0,1.0,0,0.0,0.0,0.0,0.0,14,8.5,5.666666666666667,5.666666666666667,7.042499999999999,0,0.0,0.0,0.0,0.0,1,1.0,0.6666666666666666,0.6666666666666666,0.6975,,,,,,,,,,,0.0,0.0,0.0,0.0,0.0,0,0.0,0.0,0.0,0.0,0,0.0,0.0,0.0,0.0,1.4000000000000001,0.8500000000000001,0.5666666666666668,0.5666666666666668,0.70425,0.8500000000000001,0.0,0.0,,,0.0,0.0,1.0,0.0,0.70425,0.0,0.0,0.8500000000000001,-0.8500000000000001,3.0,0.6492166666666668,0.30952311168419505,1.8232057782460505,2.535108935119699,61.0,Stable,,,['Limited recent opportunity'],Zaire Mitchell-Paden,TE,,2.179157356682875,1.5969405,2.179157356682875,4.0,backup,Depth chart: TE4. Higher-ranked teammate is active; recent usage is not treated as a starting role.,healthy_backup,1.3291573566828747
00-0035406,Lil'Jordan Humphrey,Lil'Jordan Humphrey,WR,WR,"https://static.www.nfl.com/image/upload/f_auto,q_auto/league/otxrvkflhixz9akhmfqq",2026,-1,POST,2025_21_NE_DEN,DEN,LAR,0,0,0,0,0,0,0,0,0,0,0,0,,,0,,0,0,0,0,0,0,0,0,0,0,,0,0,0,0,0,1,3,5,0,0,0,36,1,1,-0.4890859807492234,0,0,0,0,0,0.1388888888888889,0.1111111111111111,0.1978021978021978,0.3051282051282051,0,0,0,0,0,0,0,0.0,0.0,0,0,0,0,0,0,0,0,0,0,0,0,0,0,0,0,0,0,0,0,0,0,0,0,0,0,0,0,0,0,0,0,0,,,0,0,0,0,0,0,0,0,0,0,0,0,,,,0,0,0,0,0,0,0,,0,0,0,0,0,0,0,,0,0,0,0,0,0,0,0,0,0,0.5,1.5,0,0,0.5,0.0,0.5,2025,21,,,,,0.16666666666666666,,0.0,0,0,0.5,4.9,4.033333333333334,4.033333333333334,3.2225000000000006,3,4.0,4.333333333333333,4.333333333333333,4.1,0,0.0,0.0,0.0,0.0,5,19.0,20.333333333333332,20.333333333333332,17.375,0,0.0,0.0,0.0,0.0,1,1.5,1.6666666666666667,1.6666666666666667,1.55,,,,,,,,,,,0.0,3.0,2.0,2.0,1.4849999999999999,0,0.0,0.0,0.0,0.0,0,0.0,0.0,0.0,0.0,0.5,4.9,4.033333333333334,4.033333333333334,3.2225000000000006,2.6,-1.0,0.0,,,0.0,0.0,4.1,-1.0,0.7859756097560978,0.4608223429014739,0.29953452288595805,2.6,-3.6,3.0,3.175188647530386,1.5148864643926294,2.5578809571947447,6.0421198252977915,64.1,Stable,,,['Recent production is improving'],Lil'Jordan Humphrey,WR,,4.300000391246268,4.5490036,4.300000391246268,6.0,backup,Depth chart: WR6. Higher-ranked teammate is active; recent usage is not treated as a starting role.,healthy_backup,1.300000391246268
00-0037594,Julius Chestnut,Julius Chestnut,RB,RB,"https://static.www.nfl.com/image/upload/f_auto,q_auto/league/bkhv6hpjogvs5b31wwrs",2026,-1,REG,2025_18_TEN_JAX,TEN,NYG,0,0,0,0,0,0,0,0,0,0,0,0,,,0,,0,0,0,0,0,0,0,0,0,0,,0,0,0,0,0,0,0,0,0,0,0,0,0,0,,0,0,0,0,0,,0.0,0.0,0.0,0,2,0,0,0,0,0,0.0,0.0,0,0,0,0,0,0,0,0,0,0,0,0,0,0,0,0,0,0,0,0,0,0,0,0,0,0,0,0,0,0,0,0,0,,,0,0,0,0,0,0,0,0,0,0,0,0,,,,0,0,0,0,0,0,0,,0,0,0,0,0,0,0,,0,0,0,0,0,0,0,0,0,0,0.0,0.0,0,0,0.0,0.0,0.0,2025,18,,,,,,,,0,0,0.0,0.0,0.03333333333333333,0.03333333333333333,0.030250000000000006,0,0.0,0.0,0.0,0.0,0,0.0,0.3333333333333333,0.3333333333333333,0.30250000000000005,0,0.0,0.0,0.0,0.0,0,0.0,0.3333333333333333,0.3333333333333333,0.30250000000000005,0,0.0,0.0,0.0,0.0,,,,,,,,,,,0.0,0.0,0.0,0.0,0.0,0,0.0,0.0,0.0,0.0,0,0.0,0.0,0.0,0.0,0.0,0.0,0.03333333333333333,0.03333333333333333,0.030250000000000006,-0.1,0.0,-1.0,,,0.0,0.0,0.16637500000000005,-0.55,0.1818181818181818,0.0,0.0,-0.1,-0.45000000000000007,3.0,0.0,0.015866421566734363,2.2525080494406184,2.289000819044108,60.166375,Stable,,,['Limited recent opportunity'],Julius Chestnut,RB,,2.270754434242363,1.9182676,2.270754434242363,3.0,backup,Depth chart: RB3. Higher-ranked teammate is active; recent usage is not treated as a starting role.,healthy_backup,1.2707544342423631
00-0036630,Tylan Wallace,Tylan Wallace,WR,WR,"https://static.www.nfl.com/image/upload/f_auto,q_auto/league/rifnnpeub6okv41offnd",2026,-1,REG,2025_15_BAL_CIN,BAL,DAL,0,0,0,0,0,0,0,0,0,0,0,0,,,0,,0,0,0,0,0,0,0,0,0,0,,0,0,0,0,0,0,0,0,0,0,0,0,0,0,,0,0,0,0,0,,0.0,0.0,0.0,0,0,0,1,0,0,0,0.0,0.0,0,0,0,0,0,0,0,0,0,0,0,0,0,0,0,0,0,0,0,0,0,0,0,0,0,0,0,0,0,0,0,0,0,,,0,0,0,0,0,0,0,0,0,0,0,0,,,,0,0,0,0,0,0,0,,0,0,0,0,0,0,0,,0,0,0,0,0,0,0,0,0,0,0.0,0.0,0,0,0.0,0.0,0.0,2025,15,,,,,,,,0,0,0.0,0.0,0.0,0.0,0.0,0,0.5,0.6666666666666666,0.6666666666666666,0.55,0,0.0,0.0,0.0,0.0,0,0.0,0.0,0.0,0.0,0,0.0,0.0,0.0,0.0,0,0.0,0.0,0.0,0.0,,,,,,,,,,,0.0,0.0,0.0,0.0,0.0,0,0.0,0.0,0.0,0.0,0,0.0,0.0,0.0,0.0,0.0,0.0,0.0,0.0,0.0,0.0,-0.5,0.0,,,0.0,0.0,0.55,-0.5,0.0,,0.0,0.0,-0.5,3.0,0.0,0.0,2.2502021758309487,2.2502021758309487,60.55,Stable,,,['Limited recent opportunity'],Tylan Wallace,WR,,2.2502021758309487,1.1409392,2.2502021758309487,5.0,backup,Depth chart: WR5. Higher-ranked teammate is active; recent usage is not treated as a starting role.,healthy_backup,1.2502021758309487
00-0037086,Grant Calcaterra,Grant Calcaterra,TE,TE,"https://static.www.nfl.com/image/upload/f_auto,q_auto/league/inpyxw55sxo96shrt4si",2026,-1,REG,2025_18_WAS_PHI,PHI,CHI,0,0,0,0,0,0,0,0,0,0,0,0,,,0,,0,0,0,0,0,0,0,0,0,0,,0,0,0,0,0,2,3,21,1,0,0,24,3,1,0.3360594127443619,0,1,0,0,0,0.875,0.08823529411764706,0.06266318537859007,0.17621717094148365,0,0,0,0,0,0,0,0.0,0.0,0,0,0,0,0,0,0,0,0,0,0,0,0,0,0,0,0,0,1,5,0,0,0,0,0,0,0,0,0,0,0,0,0,,,0,0,0,0,0,0,0,0,0,0,0,0,,,,0,0,0,0,0,0,0,,0,0,0,0,0,0,0,,0,0,0,0,0,0,0,0,0,0,8.1,10.1,0,0,8.1,6.0,2.0999999999999996,2025,18,,,,,2.6999999999999997,,0.7407407407407408,0,0,8.1,4.2,2.933333333333333,2.933333333333333,3.8402499999999997,3,2.0,1.6666666666666667,1.6666666666666667,1.9,0,0.0,0.0,0.0,0.0,21,12.0,9.333333333333334,9.333333333333334,11.4025,0,0.0,0.0,0.0,0.0,2,1.5,1.3333333333333333,1.3333333333333333,1.45,,,,,,,,,,,6.0,3.0,2.0,2.0,2.6999999999999997,0,0.0,0.0,0.0,0.0,0,0.0,0.0,0.0,0.0,8.1,4.2,2.933333333333333,2.933333333333333,3.8402499999999997,3.8000000000000003,1.0,0.0,,,0.0,0.0,1.9,1.0,2.021184210526316,0.7030792266128507,0.457001497298353,3.8000000000000003,-2.8000000000000003,3.0,3.321324880107632,1.915491201580768,0.01145524573368295,4.4170850093694485,61.9,TD-dependent production,,,"['Limited recent opportunity', 'Recent production is improving', 'Production has significant TD dependence']",Grant Calcaterra,TE,,2.2142701275515657,2.4189394,2.2142701275515657,4.0,backup,Depth chart: TE4. Higher-ranked teammate is active; recent usage is not treated as a starting role.,healthy_backup,1.2142701275515657
00-0036825,Feleipe Franks,Feleipe Franks,TE,TE,"https://static.www.nfl.com/image/upload/f_auto,q_auto/league/nbn1wxlh6los4y2am3ro",2026,1,REG,2026_01_CHI_CAR,CAR,CLE,0,0,0,0,0,0,0,0,0,0,0,0,,,0,,0,0,0,0,0,0,0,0,0,0,,0,0,0,0,0,0,0,0,0,0,0,0,0,0,,0,0,0,0,0,,0.0,0.0,0.0,0,0,0,1,0,0,0,0.0,0.0,0,0,0,0,0,0,0,0,0,0,0,0,0,0,0,0,0,0,0,0,0,0,0,0,0,0,0,0,0,0,0,0,0,,,0,0,0,0,0,0,0,0,0,0,0,0,,,,0,0,0,0,0,0,0,,0,0,0,0,0,0,0,,0,0,0,0,0,0,0,0,0,0,0.0,0.0,0,0,0.0,0.0,0.0,2026,1,,,,,,,,0,0,0.0,0.0,0.0,0.05,0.033275000000000006,0,0.0,0.0,0.0,0.0,0,0.0,0.0,0.25,0.16637500000000005,0,0.0,0.0,0.0,0.0,0,0.0,0.0,0.5,0.3327500000000001,0,0.0,0.0,0.0,0.0,,,,,,,,,,,0.0,0.0,0.0,0.0,0.0,0,0.0,0.0,0.0,0.0,0,0.0,0.0,0.0,0.0,0.0,0.0,0.0,0.05,0.033275000000000006,-0.1,0.0,-0.5,,,0.0,0.0,0.09150625000000004,-0.275,0.36363636363636354,0.0,0.0,-0.1,-0.17500000000000002,4.0,0.0,0.021072638657747635,1.6381192421787163,1.6865863110915358,60.09150625,Stable,,,['Limited recent opportunity'],Feleipe Franks,TE,,1.662352776635126,1.4643841,1.662352776635126,4.0,backup,Depth chart: TE4. Higher-ranked teammate is active; recent usage is not treated as a starting role.,healthy_backup,1.2123527766351259
00-0039920,Malachi Corley,Malachi Corley,WR,WR,"https://static.www.nfl.com/image/upload/f_auto,q_auto/league/lay1p8pvwrglmqorc6ev",2026,1,REG,2026_01_CLE_JAX,CLE,CAR,0,0,0,0,0,0,0,0,0,0,0,0,,,0,,0,0,0,0,0,0,0,0,0,0,,0,0,0,0,0,0,0,0,0,0,0,0,0,0,,0,0,0,0,0,,0.0,0.0,0.0,0,1,0,0,0,0,0,0.0,0.0,0,0,0,0,0,0,0,0,0,0,0,0,0,0,0,0,0,0,0,0,0,0,0,0,0,0,0,1,34,0,0,0,0,,,0,0,0,0,0,0,0,0,0,0,0,0,,,,0,0,0,0,0,0,0,,0,0,0,0,0,0,0,,0,0,0,0,0,0,0,0,0,0,0.0,0.0,0,0,0.0,0.0,0.0,2026,1,,,,,,,,0,0,0.0,1.9,1.3999999999999997,2.0749999999999997,1.6770875,0,1.0,1.0,1.75,1.2966250000000001,0,1.5,1.0,1.5,1.2416250000000002,0,10.0,8.0,8.75,7.324625000000001,0,9.0,6.0,12.0,9.446250000000001,0,1.0,1.0,1.25,0.963875,,,,,,,,,,,0.0,0.0,0.0,0.0,0.0,0,0.0,0.0,0.0,0.0,0,0.0,0.0,0.0,0.0,0.0,1.9,1.3999999999999997,2.0749999999999997,1.6770875,-0.3500000000000001,-1.5,0.0,,,0.0,0.0,1.9795187500000004,-1.5,0.847219810370576,0.0,0.0,-0.3500000000000001,-1.15,4.0,1.1425025,0.7405214191534232,3.007157501015726,4.7103567650686,61.97951875,Stable,,,['Limited recent opportunity'],Malachi Corley,WR,,3.858757133042163,2.9088645,3.858757133042163,6.0,backup,Depth chart: WR6. Higher-ranked teammate is active; recent usage is not treated as a starting role.,healthy_backup,1.208757133042163
00-0037013,Zach Wilson,Zach Wilson,QB,QB,"https://static.www.nfl.com/image/upload/f_auto,q_auto/league/i17xpbsar7evcypbhtel",2026,-1,REG,2025_18_MIA_NE,MIA,KC,0,2,0,0,0,0,0,0,0,-4,0,0,-1.462400975637138,-49.2366760969162,0,0.0,0,0,0,0,0,0,0,0,0,0,,0,0,0,0,0,0,0,0,0,0,0,0,0,0,,0,0,0,0,0,,0.0,0.0,0.0,0,0,0,0,0,0,0,0.0,0.0,0,0,0,0,0,0,0,0,0,0,0,0,0,0,0,0,0,0,0,0,0,0,0,0,0,0,0,0,0,0,0,0,0,,,0,0,0,0,0,0,0,0,0,0,0,0,,,,0,0,0,0,0,0,0,,0,0,0,0,0,0,0,,0,0,0,0,0,0,0,0,0,0,0.0,0.0,0,0,0.0,0.0,0.0,2025,18,,,,,,,,0,0,0.0,-0.1,-0.06666666666666667,-0.06666666666666667,-0.0495,0,0.0,0.0,0.0,0.0,0,1.0,0.6666666666666666,0.6666666666666666,0.495,0,0.0,0.0,0.0,0.0,0,-1.0,-0.6666666666666666,-0.6666666666666666,-0.495,0,0.0,0.0,0.0,0.0,,,,,,,,,,,0.0,0.0,0.0,0.0,0.0,0,0.0,0.0,0.0,0.0,0,0.0,0.0,0.0,0.0,0.0,-0.1,-0.06666666666666667,-0.06666666666666667,-0.0495,-0.1,0.0,1.0,,,0.0,0.0,0.27225,0.55,-0.18181818181818182,0.0,0.0,-0.1,0.65,3.0,0.0,0.03268088126106761,0.0,0.0,60.27225,Stable,,,['Limited recent opportunity'],Zach Wilson,QB,,0.0,0.0,11.114655663529312,3.0,backup,Depth chart: QB3. Higher-ranked teammate is active; recent usage is not treated as a starting role.,healthy_backup,1.2000000000000002
00-0039849,Marvin Harrison Jr.,Marvin Harrison Jr.,WR,WR,"https://static.www.nfl.com/image/upload/f_auto,q_auto/league/hwpoo1icpnh8emjvqaii",2026,1,REG,2026_01_ARI_LAC,ARI,SF,0,0,0,0,0,0,0,0,0,0,0,0,,,0,,0,0,0,0,0,0,0,0,0,0,,0,0,0,0,0,1,3,33,0,0,0,71,5,1,0.8523143185302615,0,1,1,1,0,0.4647887323943662,0.08108108108108109,0.2508833922261484,0.29723999617992547,0,0,0,0,0,0,0,0.0,0.0,0,0,0,0,0,0,0,0,0,0,0,0,0,0,0,0,0,0,0,0,0,0,0,0,0,0,0,0,0,0,0,0,0,,,0,0,0,0,0,0,0,0,0,0,0,0,,,,0,0,0,0,0,0,0,,0,0,0,0,0,0,0,,0,0,0,0,0,0,0,0,0,0,3.3000000000000003,4.300000000000001,0,0,3.3000000000000003,0.0,3.3000000000000003,2026,1,,,,,1.1,,0.0,0,0,3.3000000000000003,1.6500000000000001,1.5666666666666667,2.9000000000000004,2.8235625000000004,3,2.0,2.3333333333333335,3.5,3.1705000000000005,0,0.0,0.0,0.0,0.0,33,16.5,15.666666666666666,29.0,28.235625,0,0.0,0.0,0.0,0.0,1,0.5,0.6666666666666666,2.0,1.584375,,,,,,,,,,,0.0,0.0,0.0,0.0,0.0,0,0.0,0.0,0.0,0.0,0,0.0,0.0,0.0,0.0,3.3000000000000003,1.6500000000000001,1.5666666666666667,2.9000000000000004,2.8235625000000004,-2.5,-3.0,0.0,,,0.0,0.0,3.1705000000000005,-3.0,0.8905732534300583,0.0,0.0,-2.5,-0.5,4.0,1.4708041666666674,0.7049549808813642,3.872044451871448,5.493440907898586,63.170500000000004,Downtrend confirmed,,,"['Role is trending downward', 'Recent production is declining']",Marvin Harrison Jr.,WR,,4.682742679885017,3.814902,4.682742679885017,2.0,backup,Depth chart: WR2. Higher-ranked teammate is active; recent usage is not treated as a starting role.,healthy_backup,1.182742679885017
00-0040162,Dylan Sampson,Dylan Sampson,RB,RB,"https://static.www.nfl.com/image/upload/f_auto,q_auto/league/den1hzzomdxfcsgk88o5",2026,1,REG,2026_01_CLE_JAX,CLE,CAR,0,0,0,0,0,0,0,0,0,0,0,0,,,0,,0,0,0,0,0,0,0,0,0,0,,0,0,0,0,0,0,0,0,0,0,0,0,0,0,,0,0,0,0,0,,0.0,0.0,0.0,0,0,0,0,0,0,0,0.0,0.0,0,0,0,0,0,0,0,0,0,0,0,0,0,0,0,0,0,0,0,0,0,0,0,0,0,0,0,2,64,0,0,0,0,,,0,0,0,0,0,0,0,0,0,0,0,0,,,,0,0,0,0,0,0,0,,0,0,0,0,0,0,0,,0,0,0,0,0,0,0,0,0,0,0.0,0.0,0,0,0.0,0.0,0.0,2026,1,,,,,,,,0,0,0.0,2.2,2.3666666666666667,3.4750000000000005,2.5878875000000003,0,1.5,2.0,3.0,2.1491250000000006,0,5.0,7.0,5.75,4.305125,0,6.0,4.0,19.0,13.618000000000002,0,16.0,19.666666666666668,15.75,12.260874999999999,0,1.0,1.6666666666666667,2.5,1.73525,,,,,,,,,,,0.0,0.0,0.0,0.0,0.0,0,0.0,0.0,0.0,0.0,0,0.0,0.0,0.0,0.0,0.0,2.2,2.3666666666666667,3.4750000000000005,2.5878875000000003,-2.55,-3.0,-1.5,,,0.0,0.0,4.516943750000001,-3.825,0.5729288747507647,0.0,0.0,-2.55,-1.2750000000000004,4.0,1.326899166666667,1.1503402511732974,4.128859198189318,6.7746417758879005,64.51694375,Downtrend confirmed,,,"['Role is trending downward', 'Recent production is declining']",Dylan Sampson,RB,,5.451750487038609,4.432078,5.451750487038609,4.0,backup,Depth chart: RB4. Higher-ranked teammate is active; recent usage is not treated as a starting role.,healthy_backup,1.1767504870386087
00-0037004,Hunter Long,Hunter Long,TE,TE,"https://static.www.nfl.com/image/upload/f_auto,q_auto/league/wlj6sdfj5qcy8bt2qyxb",2026,1,REG,2026_01_ARI_LAC,ARI,SF,0,0,0,0,0,0,0,0,0,0,0,0,,,0,,0,0,0,0,0,0,0,0,0,0,,0,0,0,0,0,0,0,0,0,0,0,0,0,0,,0,0,0,0,0,,0.0,0.0,0.0,0,0,0,0,0,0,0,0.0,0.0,0,0,0,0,0,0,0,0,0,0,0,0,0,0,0,0,0,0,1,4,0,0,0,0,0,0,0,0,0,0,0,0,0,,,0,0,0,0,0,0,0,0,0,0,0,0,,,,0,0,0,0,0,0,0,,0,0,0,0,0,0,0,,0,0,0,0,0,0,0,0,0,0,0.0,0.0,0,0,0.0,0.0,0.0,2026,1,,,,,,,,0,0,0.0,0.30000000000000004,0.7333333333333334,1.0250000000000001,0.6824125000000002,0,1.5,2.0,2.25,1.6500000000000001,0,0.0,0.0,0.0,0.0,0,3.0,7.333333333333333,10.25,6.8241249999999996,0,0.0,0.0,0.0,0.0,0,0.5,1.0,1.25,0.8525000000000001,,,,,,,,,,,0.0,0.0,0.0,0.0,0.0,0,0.0,0.0,0.0,0.0,0,0.0,0.0,0.0,0.0,0.0,0.30000000000000004,0.7333333333333334,1.0250000000000001,0.6824125000000002,-1.45,-1.5,0.0,,,0.0,0.0,1.6500000000000001,-1.5,0.4135833333333334,0.0,0.0,-1.45,-0.050000000000000044,4.0,0.22153083333333357,0.35826025549793333,2.3131278511227995,3.137126438768046,61.65,Downtrend confirmed,,,['Limited recent opportunity'],Hunter Long,TE,,2.725127144945423,2.1496427,2.725127144945423,3.0,backup,Depth chart: TE3. Higher-ranked teammate is active; recent usage is not treated as a starting role.,healthy_backup,1.1751271449454228
00-0040187,Mitchell Evans,Mitchell Evans,TE,TE,"https://static.www.nfl.com/image/upload/f_auto,q_auto/league/yruhsxdnyfaa7iswn1dp",2026,1,REG,2026_01_CHI_CAR,CAR,CLE,0,0,0,0,0,0,0,0,0,0,0,0,,,0,,0,0,0,0,0,0,0,0,0,0,,0,0,0,0,0,1,2,9,0,0,0,9,4,0,-0.022992691956460476,0,0,0,0,0,1.0,0.058823529411764705,0.02459016393442623,0.1054484088717454,0,0,0,0,0,0,0,0.0,0.0,0,0,0,0,0,0,0,0,0,0,0,0,0,0,0,0,0,0,1,15,0,0,0,0,0,0,0,0,0,0,0,0,0,,,0,0,0,0,0,0,0,0,0,0,0,0,,,,0,0,0,0,0,0,0,,0,0,0,0,0,0,0,,0,0,0,0,0,0,0,0,0,0,0.9,1.9,0,0,0.9,0.0,0.9,2026,1,,,,,0.45,,0.0,0,0,0.9,0.45,0.4666666666666666,0.5,0.5728875,2,1.5,1.6666666666666667,1.75,1.7525,0,0.0,0.0,0.25,0.16637500000000005,9,4.5,4.666666666666667,4.75,5.5625,0,0.0,0.0,0.25,0.16637500000000005,1,0.5,0.6666666666666666,0.75,0.7525,,,,,,,,,,,0.0,0.0,0.0,0.0,0.0,0,0.0,0.0,0.0,0.0,0,0.0,0.0,0.0,0.0,0.9,0.45,0.4666666666666666,0.5,0.5728875,-0.10000000000000003,-0.5,-0.5,,,0.0,0.0,1.84400625,-0.775,0.31067546544378577,0.0,0.0,-0.10000000000000003,-0.675,4.0,0.26414916666666666,0.16647715099309512,2.4015107980176786,2.7844082453017975,61.84400625,Stable,,,['Limited recent opportunity'],Mitchell Evans,TE,,2.592959521659738,2.0391445,2.592959521659738,2.0,backup,Depth chart: TE2. Higher-ranked teammate is active; recent usage is not treated as a starting role.,healthy_backup,1.1429595216597381
00-0039847,Theo Johnson,Theo Johnson,TE,TE,"https://static.www.nfl.com/image/upload/f_auto,q_auto/league/fv2jbzlocr1o3ahkru43",2026,1,REG,2026_01_DAL_NYG,NYG,TEN,0,0,0,0,0,0,0,0,0,0,0,0,,,0,,0,0,0,0,0,0,0,0,0,0,,0,0,0,0,0,1,1,9,0,0,0,2,7,0,0.8587287147529423,0,0,0,0,0,4.5,0.034482758620689655,0.00816326530612245,0.057438423645320195,0,0,0,0,0,0,0,0.0,0.0,0,0,0,0,0,0,0,0,0,0,0,0,0,0,0,0,0,0,0,0,0,0,0,0,0,0,0,0,0,0,0,0,0,,,0,0,0,0,0,0,0,0,0,0,0,0,,,,0,0,0,0,0,0,0,,0,0,0,0,0,0,0,,0,0,0,0,0,0,0,0,0,0,0.9,1.9,0,0,0.9,0.0,0.9,2026,1,,,,,0.9,,0.0,0,0,0.9,0.45,2.6999999999999997,2.75,1.8675875000000002,1,1.5,2.3333333333333335,3.75,2.8205,0,0.0,0.0,0.0,0.0,9,4.5,27.0,27.5,18.675875000000005,0,0.0,0.0,0.0,0.0,1,0.5,1.3333333333333333,1.75,1.3575000000000002,,,,,,,,,,,0.0,0.0,0.0,0.0,0.0,0,0.0,0.0,0.0,0.0,0,0.0,0.0,0.0,0.0,0.9,0.45,2.6999999999999997,2.75,1.8675875000000002,-4.6000000000000005,-4.5,0.0,,,0.0,0.0,2.8205,-4.5,0.6621476688530403,0.0,0.0,-4.6000000000000005,0.10000000000000053,4.0,0.6330525,0.9303191340744313,2.953826453738013,5.093560462109205,62.8205,Downtrend confirmed,,,"['Limited recent opportunity', 'Role is trending downward', 'Recent production is declining']",Theo Johnson,TE,,4.023693457923609,3.790256,4.023693457923609,2.0,backup,Depth chart: TE2. Higher-ranked teammate is active; recent usage is not treated as a starting role.,healthy_backup,1.1236934579236095
00-0040238,LeQuint Allen Jr.,LeQuint Allen Jr.,RB,RB,"https://static.www.nfl.com/image/upload/f_auto,q_auto/league/i0utigksuuvo2njb9wtk",2026,-1,POST,2025_19_BUF_JAX,JAX,NE,0,0,0,0,0,0,0,0,0,0,0,0,,,0,,0,0,0,0,1,3,0,0,0,0,-0.2955177646363154,0,0,0,0,0,1,1,9,0,0,0,-1,10,0,0.060563455132069066,0,0,0,0,0,-9.0,0.03333333333333333,-0.003424657534246575,0.0476027397260274,0,0,0,1,0,0,1,0.0,0.0,0,0,0,0,0,0,0,0,0,0,0,0,0,0,0,0,0,0,0,0,0,0,0,0,0,0,0,1,26,0,0,0,0,,,0,0,0,0,0,0,0,0,0,0,0,0,,,,0,0,0,0,0,0,0,,0,0,0,0,0,0,0,,0,0,0,0,0,0,0,0,0,0,1.2000000000000002,2.2,0,0,1.2000000000000002,0.0,1.2000000000000002,2025,19,,,,,1.2000000000000002,1.2000000000000002,0.0,0,0,1.2000000000000002,0.7500000000000001,0.8333333333333334,0.8333333333333334,0.9167500000000002,1,0.5,0.3333333333333333,0.3333333333333333,0.44999999999999996,1,1.0,2.0,2.0,1.9075000000000002,9,4.5,3.0,3.0,4.05,3,3.0,5.333333333333333,5.333333333333333,5.1175,1,0.5,0.3333333333333333,0.3333333333333333,0.44999999999999996,,,,,,,,,,,0.0,0.0,0.0,0.0,0.0,0,0.0,0.0,0.0,0.0,0,0.0,0.0,0.0,0.0,1.2000000000000002,0.7500000000000001,0.8333333333333334,0.8333333333333334,0.9167500000000002,-0.2499999999999999,0.5,-3.0,,,0.0,0.0,1.499125,-1.1500000000000001,0.6115233886433754,0.0,0.0,-0.2499999999999999,-0.9000000000000002,3.0,0.4808833333333335,0.15585000267351087,2.943443929388091,3.3018989355371664,61.499125,Stable,,,['Limited recent opportunity'],LeQuint Allen Jr.,RB,,3.122671432462629,2.5938585,3.122671432462629,3.0,backup,Depth chart: RB3. Higher-ranked teammate is active; recent usage is not treated as a starting role.,healthy_backup,1.0726714324626285
00-0034854,KhaDarel Hodge,KhaDarel Hodge,WR,WR,"https://static.www.nfl.com/image/upload/f_auto,q_auto/league/mozew14dow474cun5eqp",2026,1,REG,2026_01_SF_LA,SF,ARI,0,0,0,0,0,0,0,0,0,0,0,0,,,0,,0,0,0,0,0,0,0,0,0,0,,0,0,0,0,0,0,0,0,0,0,0,0,0,0,,0,0,0,0,0,,0.0,0.0,0.0,0,1,0,1,0,0,0,0.0,0.0,0,0,0,0,0,0,0,0,0,0,0,0,0,0,0,0,0,0,0,0,0,0,0,0,0,0,0,0,0,0,0,0,0,,,0,0,0,0,0,0,0,0,0,0,0,0,,,,0,0,0,0,0,0,0,,0,0,0,0,0,0,0,,0,0,0,0,0,0,0,0,0,0,0.0,0.0,0,0,0.0,0.0,0.0,2026,1,,,,,,,,0,0,0.0,0.0,0.0,0.0,0.0,0,0.0,0.3333333333333333,0.25,0.136125,0,0.0,0.0,0.0,0.0,0,0.0,0.0,0.0,0.0,0,0.0,0.0,0.0,0.0,0,0.0,0.0,0.0,0.0,,,,,,,,,,,0.0,0.0,0.0,0.0,0.0,0,0.0,0.0,0.0,0.0,0,0.0,0.0,0.0,0.0,0.0,0.0,0.0,0.0,0.0,0.0,-0.5,0.0,,,0.0,0.0,0.136125,-0.5,0.0,,0.0,0.0,-0.5,4.0,0.0,0.0,2.0664585807419193,2.0664585807419193,60.136125,Stable,,,['Limited recent opportunity'],KhaDarel Hodge,WR,,2.0664585807419193,1.112858,2.0664585807419193,6.0,backup,Depth chart: WR6. Higher-ranked teammate is active; recent usage is not treated as a starting role.,healthy_backup,1.0664585807419193
00-0034270,Tyler Conklin,Tyler Conklin,TE,TE,"https://static.www.nfl.com/image/upload/f_auto,q_auto/league/knjuzxnzsfjxwcjxp5en",2026,-1,REG,2025_18_LAC_DEN,LAC,BUF,0,0,0,0,0,0,0,0,0,0,0,0,,,0,,0,0,0,0,0,0,0,0,0,0,,0,0,0,0,0,1,1,6,0,0,0,4,2,0,0.11040638614213094,0,0,0,0,0,1.5,0.02631578947368421,0.010126582278481013,0.04656229180546302,0,0,0,0,0,0,0,0.0,0.0,0,0,0,0,0,0,0,0,0,0,0,0,0,0,0,0,0,0,0,0,0,0,0,0,0,0,0,0,0,0,0,0,0,,,0,0,0,0,0,0,0,0,0,0,0,0,,,,0,0,0,0,0,0,0,,0,0,0,0,0,0,0,,0,0,0,0,0,0,0,0,0,0,0.6000000000000001,1.6,0,0,0.6000000000000001,0.0,0.6000000000000001,2025,18,,,,,0.6000000000000001,,0.0,0,0,0.6000000000000001,0.9000000000000001,1.6000000000000003,1.6000000000000003,1.4745000000000004,1,1.0,1.6666666666666667,1.6666666666666667,1.6050000000000002,0,0.0,0.0,0.0,0.0,6,9.0,16.0,16.0,14.745,0,0.0,0.0,0.0,0.0,1,1.0,1.3333333333333333,1.3333333333333333,1.3025000000000002,,,,,,,,,,,0.0,0.0,0.0,0.0,0.0,0,0.0,0.0,0.0,0.0,0,0.0,0.0,0.0,0.0,0.6000000000000001,0.9000000000000001,1.6000000000000003,1.6000000000000003,1.4745000000000004,-2.0999999999999996,-2.0,0.0,,,0.0,0.0,1.6050000000000002,-2.0,0.9186915887850469,0.0,0.0,-2.0999999999999996,0.09999999999999964,3.0,0.8247000000000004,0.40969749816175355,2.4873702286729196,3.4296744744449525,61.605,Downtrend confirmed,,,"['Limited recent opportunity', 'Role is trending downward', 'Recent production is declining']",Tyler Conklin,TE,,2.958522351558936,2.8874693,2.958522351558936,3.0,backup,Depth chart: TE3. Higher-ranked teammate is active; recent usage is not treated as a starting role.,healthy_backup,1.0585223515589357
00-0038558,Darnell Washington,Darnell Washington,TE,TE,"https://static.www.nfl.com/image/upload/f_auto,q_auto/league/inwx7uipfktapaump5pj",2026,1,REG,2026_01_ATL_PIT,PIT,CIN,0,0,0,0,0,0,0,0,0,0,0,0,,,0,,0,0,0,0,0,0,0,0,0,0,,0,0,0,0,0,2,2,18,0,0,0,6,12,1,0.6355786431813613,0,1,0,0,0,3.0,0.05405405405405406,0.014742014742014743,0.0914004914004914,0,0,0,0,0,0,0,0.0,0.0,0,0,0,0,0,0,0,0,0,0,0,0,0,0,0,0,0,0,0,0,0,0,0,0,0,0,0,0,0,0,0,0,0,,,0,0,0,0,0,0,0,0,0,0,0,0,,,,0,0,0,0,0,0,0,,0,0,0,0,0,0,0,,0,0,0,0,0,0,0,0,0,0,1.8,3.8,0,0,1.8,0.0,1.8,2026,1,,,,,0.9,,0.0,0,0,1.8,1.65,2.3000000000000003,2.35,2.0872375,2,2.0,2.6666666666666665,3.0,2.6050000000000004,0,0.0,0.0,0.0,0.0,18,16.5,23.0,23.5,20.872375000000005,0,0.0,0.0,0.0,0.0,2,2.0,2.3333333333333335,2.5,2.3025,,,,,,,,,,,0.0,0.0,0.0,0.0,0.0,0,0.0,0.0,0.0,0.0,0,0.0,0.0,0.0,0.0,1.8,1.65,2.3000000000000003,2.35,2.0872375,-1.4,-2.0,0.0,,,0.0,0.0,2.6050000000000004,-2.0,0.8012428023032628,0.0,0.0,-1.4,-0.6000000000000001,4.0,1.4798425,0.2740798442516342,3.2769865517872443,3.9073701935660026,62.605000000000004,Downtrend confirmed,,,"['Limited recent opportunity', 'Role is trending downward']",Darnell Washington,TE,,3.5921783726766234,3.4553344,3.5921783726766234,1.0,starter,Depth chart: TE1.,,0.9921783726766233
00-0039458,Brenden Bates,Brenden Bates,TE,TE,"https://static.www.nfl.com/image/upload/f_auto,q_auto/league/beeomv1jxgkwgqubgef9",2026,-1,REG,2025_18_CLE_CIN,CLE,CAR,0,0,0,0,0,0,0,0,0,0,0,0,,,0,,0,0,0,0,0,0,0,0,0,0,,0,0,0,0,0,1,1,6,0,0,0,3,3,0,0.17756032501347363,0,0,0,0,0,2.0,0.047619047619047616,0.015306122448979591,0.08214285714285714,0,0,0,0,0,0,0,0.0,0.0,0,0,0,0,0,0,0,0,0,0,0,0,0,0,0,0,0,0,0,0,0,0,0,0,0,0,0,0,0,0,0,0,0,,,0,0,0,0,0,0,0,0,0,0,0,0,,,,0,0,0,0,0,0,0,,0,0,0,0,0,0,0,,0,0,0,0,0,0,0,0,0,0,0.6000000000000001,1.6,0,0,0.6000000000000001,0.0,0.6000000000000001,2025,18,,,,,0.6000000000000001,,0.0,0,0,0.6000000000000001,1.25,0.8333333333333334,0.8333333333333334,0.7402500000000001,1,1.0,1.0,1.0,1.0,0,0.0,0.0,0.0,0.0,6,12.5,8.333333333333334,8.333333333333334,7.4025,0,0.0,0.0,0.0,0.0,1,1.0,0.6666666666666666,0.6666666666666666,0.6975,,,,,,,,,,,0.0,0.0,0.0,0.0,0.0,0,0.0,0.0,0.0,0.0,0,0.0,0.0,0.0,0.0,0.6000000000000001,1.25,0.8333333333333334,0.8333333333333334,0.7402500000000001,1.25,0.0,0.0,,,0.0,0.0,1.0,0.0,0.7402500000000001,0.0,0.0,1.25,-1.25,3.0,0.7774833333333334,0.21683682805280102,1.9912221810583932,2.4899468855798355,61.0,Stable,,,['Limited recent opportunity'],Brenden Bates,TE,,2.2405845333191143,1.5653086,2.2405845333191143,8.0,backup,Depth chart: TE8. Higher-ranked teammate is active; recent usage is not treated as a starting role.,healthy_backup,0.9905845333191143
00-0035500,Greg Dortch,Greg Dortch,WR,WR,"https://static.www.nfl.com/image/upload/f_auto,q_auto/league/pylafoddjiqh4rhjlhpf",2026,2,REG,2026_02_DET_BUF,BUF,LAC,0,0,0,0,0,0,0,0,0,0,0,0,,,0,,0,0,0,0,0,0,0,0,0,0,,0,0,0,0,0,0,0,0,0,0,0,0,0,0,,0,0,0,0,0,,0.0,0.0,0.0,0,0,0,0,0,0,0,0.0,0.0,0,0,0,0,0,0,0,0,0,0,0,0,0,0,0,0,0,0,0,0,0,0,0,0,0,3,36,2,51,0,0,0,0,,,0,0,0,0,0,0,0,0,0,0,0,0,,,,0,0,0,0,0,0,0,,0,0,0,0,0,0,0,,0,0,0,0,0,0,0,0,0,0,0.0,0.0,0,0,0.0,0.0,0.0,2026,2,,,,,,,,0,0,0.0,0.0,0.46666666666666673,4.96,2.1521362500000008,0,0.0,0.6666666666666666,3.4,1.4951062500000003,0,0.0,0.0,0.4,0.1497375,0,0.0,4.666666666666667,26.6,11.913206250000002,0,0.0,0.0,-1.0,-0.37434375000000003,0,0.0,0.6666666666666666,2.8,1.2705000000000004,,,,,,,,,,,0.0,0.0,0.0,2.4,0.9982500000000003,0,0.0,0.0,0.0,0.0,0,0.0,0.0,0.0,0.0,0.0,0.0,0.46666666666666673,4.96,2.1521362500000008,-6.1000000000000005,-5.5,-1.0,,,0.0,0.0,1.5774618750000002,-6.05,1.3643031784841078,0.4638414505587181,0.3014969428631668,-6.1000000000000005,0.05000000000000071,5.0,0.006765515549231438,1.8954375477132874,1.7335460381773689,6.09305239791793,61.577461875,Downtrend confirmed,,,"['Limited recent opportunity', 'Role is trending downward', 'Recent production is declining']",Greg Dortch,WR,,3.913299218047649,3.6538467,3.913299218047649,6.0,backup,Depth chart: WR6. Higher-ranked teammate is active; recent usage is not treated as a starting role.,healthy_backup,0.9632992180476498
00-0037614,John Metchie III,John Metchie III,WR,WR,"https://static.www.nfl.com/image/upload/f_auto,q_auto/league/nsjpnskeldxzbzckpfgg",2026,-1,REG,2025_18_NYJ_BUF,NYJ,DET,0,0,0,0,0,0,0,0,0,0,0,0,,,0,,0,0,0,0,0,0,0,0,0,0,,0,0,0,0,0,3,4,20,0,0,0,12,12,1,0.8148381366045214,0,1,0,0,0,1.6666666666666667,0.18181818181818182,0.1643835616438356,0.3877957658779576,0,0,0,0,0,0,0,0.0,0.0,0,0,0,0,0,0,0,0,0,0,0,0,0,0,0,0,0,0,0,0,0,0,0,0,0,0,0,0,0,0,0,0,0,,,0,0,0,0,0,0,0,0,0,0,0,0,,,,0,0,0,0,0,0,0,,0,0,0,0,0,0,0,,0,0,0,0,0,0,0,0,0,0,2.0,5.0,0,0,2.0,0.0,2.0,2025,18,,,,,0.5,,0.0,0,0,2.0,3.0500000000000003,2.166666666666667,2.166666666666667,2.03575,4,3.5,4.0,4.0,4.055,0,0.0,0.0,0.0,0.0,20,30.5,21.666666666666668,21.666666666666668,20.3575,0,0.0,0.0,0.0,0.0,3,3.0,2.3333333333333335,2.3333333333333335,2.3949999999999996,,,,,,,,,,,0.0,0.0,0.0,0.0,0.0,0,0.0,0.0,0.0,0.0,0,0.0,0.0,0.0,0.0,2.0,3.0500000000000003,2.166666666666667,2.166666666666667,2.03575,2.6500000000000004,-1.5,0.0,,,0.0,0.0,4.055,-1.5,0.5020345252774353,0.0,0.0,2.6500000000000004,-4.15,3.0,1.5631166666666667,0.38899206075874265,4.00636330377649,4.901045043521598,64.055,Efficiency / regression watch,,,['Recent production is improving'],John Metchie III,WR,,4.453704173649044,4.2703605,4.453704173649044,5.0,backup,Depth chart: WR5. Higher-ranked teammate is active; recent usage is not treated as a starting role.,healthy_backup,0.9537041736490437
00-0040673,Jalen Milroe,Jalen Milroe,QB,QB,"https://static.www.nfl.com/image/upload/f_auto,q_auto/league/hohqoqpdyquxn1sr1fm2",2026,-1,REG,2025_05_TB_SEA,SEA,WAS,0,0,0,0,0,0,0,0,0,0,0,0,,,0,,0,0,0,0,1,0,0,1,1,0,-5.438767098705284,0,0,0,0,0,0,0,0,0,0,0,0,0,0,,0,0,0,0,0,,0.0,0.0,0.0,0,0,0,0,0,0,0,0.0,0.0,0,0,0,0,0,0,0,0,0,0,0,0,0,0,-3,0,0,0,0,0,0,1,0,1,1,0,0,0,0,0,0,0,0,,,0,0,0,0,0,0,0,0,0,0,0,0,,,,0,0,0,0,0,0,0,,0,0,0,0,0,0,0,,0,0,0,0,0,0,0,0,0,0,-2.0,-2.0,0,0,-2.0,0.0,-2.0,2025,5,,,,,,-2.0,0.0,0,0,-2.0,-0.85,-0.5333333333333333,-0.5333333333333333,-0.7954999999999999,0,0.0,0.0,0.0,0.0,1,1.0,1.0,1.0,1.0,0,0.0,0.0,0.0,0.0,0,1.5,1.3333333333333333,1.3333333333333333,1.045,0,0.0,0.0,0.0,0.0,,,,,,,,,,,0.0,0.0,0.0,0.0,0.0,0,0.0,0.0,0.0,0.0,0,0.0,0.0,0.0,0.0,-2.0,-0.85,-0.5333333333333333,-0.5333333333333333,-0.7954999999999999,-0.95,0.0,0.0,,,0.0,0.0,0.55,0.0,-1.446363636363636,0.0,0.0,-0.95,0.95,3.0,0.0,0.5446661729903924,0.0,0.0,60.55,Stable,,,['Limited recent opportunity'],Jalen Milroe,QB,,0.0,0.0,10.87748005046483,3.0,backup,Depth chart: QB3. Higher-ranked teammate is active; recent usage is not treated as a starting role.,healthy_backup,0.95
00-0033246,Johnny Mundt,Johnny Mundt,TE,TE,"https://static.www.nfl.com/image/upload/f_auto,q_auto/league/gbsnomwbzavt5124vvaz",2026,-1,REG,2025_18_TEN_JAX,JAX,NE,0,0,0,0,0,0,0,0,0,0,0,0,,,0,,0,0,0,0,0,0,0,0,0,0,,0,0,0,0,0,1,1,16,0,0,0,6,10,1,1.0171603029593825,0,1,1,0,0,2.6666666666666665,0.03225806451612903,0.020338983050847456,0.06262438490978676,0,0,0,0,0,0,0,0.0,0.0,0,0,0,0,0,0,0,0,0,0,0,0,0,0,0,0,0,0,0,0,0,0,0,0,0,0,0,0,0,0,0,0,0,,,0,0,0,0,0,0,0,0,0,0,0,0,,,,0,0,0,0,0,0,0,,0,0,0,0,0,0,0,,0,0,0,0,0,0,0,0,0,0,1.6,2.6,0,0,1.6,0.0,1.6,2025,18,,,,,1.6,,0.0,0,0,1.6,0.8,0.9333333333333335,0.9333333333333335,1.0830000000000002,1,1.0,1.3333333333333333,1.3333333333333333,1.3025000000000002,0,0.0,0.0,0.0,0.0,16,8.0,9.333333333333334,9.333333333333334,10.83,0,0.0,0.0,0.0,0.0,1,0.5,0.6666666666666666,0.6666666666666666,0.7525,,,,,,,,,,,0.0,0.0,0.0,0.0,0.0,0,0.0,0.0,0.0,0.0,0,0.0,0.0,0.0,0.0,1.6,0.8,0.9333333333333335,0.9333333333333335,1.0830000000000002,-0.40000000000000013,-1.0,0.0,,,0.0,0.0,1.3025000000000002,-1.0,0.8314779270633398,0.0,0.0,-0.40000000000000013,-0.5999999999999999,3.0,0.6731333333333335,0.279758657894026,2.205389967365567,2.8488348805218267,61.3025,Stable,,,['Limited recent opportunity'],Johnny Mundt,TE,,2.527112423943697,1.8407824,2.527112423943697,2.0,backup,Depth chart: TE2. Higher-ranked teammate is active; recent usage is not treated as a starting role.,healthy_backup,0.927112423943697
00-0034272,Marquez Valdes-Scantling,Marquez Valdes-Scantling,WR,WR,"https://static.www.nfl.com/image/upload/f_auto,q_auto/league/xkdli55uvkkffiq6fwnu",2026,-1,POST,2025_19_HOU_PIT,PIT,CIN,0,0,0,0,0,0,0,0,0,0,0,0,,,0,,0,0,0,0,0,0,0,0,0,0,,0,0,0,0,0,3,5,26,0,0,0,22,5,1,-1.7455014603872705,0,1,0,0,0,1.1818181818181819,0.16129032258064516,0.07586206896551724,0.2950389321468298,0,0,0,0,0,0,0,0.0,0.0,0,0,0,0,0,0,0,0,0,0,0,0,0,0,0,0,0,0,0,0,0,0,0,0,0,0,0,0,0,0,0,0,0,,,0,0,0,0,0,0,0,0,0,0,0,0,,,,0,0,0,0,0,0,0,,0,0,0,0,0,0,0,,0,0,0,0,0,0,0,0,0,0,2.6,5.6,0,0,2.6,0.0,2.6,2025,19,,,,,0.52,,0.0,0,0,2.6,3.0,2.7000000000000006,2.7000000000000006,2.6467500000000004,5,6.0,7.0,7.0,6.705,0,0.0,0.0,0.0,0.0,26,30.0,27.0,27.0,26.4675,0,0.0,0.0,0.0,0.0,3,4.0,3.6666666666666665,3.6666666666666665,3.495,,,,,,,,,,,0.0,0.0,0.0,0.0,0.0,0,0.0,0.0,0.0,0.0,0,0.0,0.0,0.0,0.0,2.6,3.0,2.7000000000000006,2.7000000000000006,2.6467500000000004,0.8999999999999999,-3.0,0.0,,,0.0,0.0,6.705,-3.0,0.39474272930648774,0.0,0.0,0.8999999999999999,-3.9,3.0,1.618050000000001,0.14037695679847162,5.732981447030534,6.055848447667019,66.705,Stable,,,['Role is trending downward'],Marquez Valdes-Scantling,WR,,5.894414947348777,6.1852193,5.894414947348777,5.0,backup,Depth chart: WR5. Higher-ranked teammate is active; recent usage is not treated as a starting role.,healthy_backup,0.8944149473487766
00-0032398,Chris Moore,Chris Moore,WR,WR,"https://static.www.nfl.com/image/upload/f_auto,q_auto/league/o0s29hnpztyxqotqdx8h",2026,1,REG,2026_01_BAL_IND,BAL,DAL,0,0,0,0,0,0,0,0,0,0,0,0,,,0,,0,0,0,0,0,0,0,0,0,0,,0,0,0,0,0,1,2,53,0,0,0,68,23,1,3.2092606496298686,0,1,1,1,1,0.7794117647058824,0.08333333333333333,0.2527881040892193,0.3019516728624535,0,1,0,0,0,0,0,0.0,0.0,0,0,0,0,0,0,0,0,0,0,0,0,0,0,0,0,0,0,0,0,0,0,0,0,0,0,0,4,121,0,0,0,0,,,0,0,0,0,0,0,0,0,0,0,0,0,,,,0,0,0,0,0,0,0,,0,0,0,0,0,0,0,,0,0,0,0,0,0,0,0,0,0,5.300000000000001,6.300000000000001,0,0,5.300000000000001,0.0,5.300000000000001,2026,1,,,,,2.6500000000000004,,0.0,0,0,5.300000000000001,3.4000000000000004,2.266666666666667,2.4000000000000004,3.2221,2,1.5,1.0,2.0,1.979375,0,0.0,0.0,0.0,0.0,53,34.0,22.666666666666668,24.0,32.221000000000004,0,0.0,0.0,0.0,0.0,1,1.0,0.6666666666666666,1.0,1.03025,,,,,,,,,,,0.0,0.0,0.0,0.0,0.0,0,0.0,0.0,0.0,0.0,0,0.0,0.0,0.0,0.0,5.300000000000001,3.4000000000000004,2.266666666666667,2.4000000000000004,3.2221,2.0,-1.0,0.0,,,0.0,0.0,1.979375,-1.0,1.6278370697821283,0.0,0.0,2.0,-3.0,4.0,2.509926666666667,1.0855662378275732,2.599891427013021,5.0966937740164395,61.979375,Stable,,,"['Limited recent opportunity', 'Recent production is improving']",Chris Moore,WR,,3.84829260051473,2.9156592,3.84829260051473,5.0,backup,Depth chart: WR5. Higher-ranked teammate is active; recent usage is not treated as a starting role.,healthy_backup,0.8482926005147302
00-0034365,Ian Thomas,Ian Thomas,TE,TE,"https://static.www.nfl.com/image/upload/f_auto,q_auto/league/gvpwnq0mjefjlekgzxro",2026,-1,REG,2025_14_DEN_LV,LV,NO,0,0,0,0,0,0,0,0,0,0,0,0,,,0,,0,0,0,0,0,0,0,0,0,0,,0,0,0,0,0,2,2,17,0,0,0,6,11,2,1.8668158560758457,0,1,0,0,0,2.8333333333333335,0.07142857142857142,0.02459016393442623,0.12435597189695549,0,0,0,0,0,0,0,0.0,0.0,0,0,0,0,0,0,0,0,0,0,0,0,0,0,0,0,0,0,0,0,0,0,0,0,0,0,0,0,0,0,0,0,0,,,0,0,0,0,0,0,0,0,0,0,0,0,,,,0,0,0,0,0,0,0,,0,0,0,0,0,0,0,,0,0,0,0,0,0,0,0,0,0,1.7000000000000002,3.7,0,0,1.7000000000000002,0.0,1.7000000000000002,2025,14,,,,,0.8500000000000001,,0.0,0,0,1.7000000000000002,1.25,2.0333333333333337,2.0333333333333337,2.0520000000000005,2,1.5,2.3333333333333335,2.3333333333333335,2.3575,0,0.0,0.0,0.0,0.0,17,12.5,20.333333333333332,20.333333333333332,20.52,0,0.0,0.0,0.0,0.0,2,1.5,2.3333333333333335,2.3333333333333335,2.3575,,,,,,,,,,,0.0,0.0,0.0,0.0,0.0,0,0.0,0.0,0.0,0.0,0,0.0,0.0,0.0,0.0,1.7000000000000002,1.25,2.0333333333333337,2.0333333333333337,2.0520000000000005,-2.35,-2.5,0.0,,,0.0,0.0,2.3575,-2.5,0.8704135737009546,0.0,0.0,-2.35,-0.1499999999999999,3.0,1.1695333333333338,0.3111108698411764,3.114633317873904,3.83018831850861,62.3575,Downtrend confirmed,,,"['Limited recent opportunity', 'Role is trending downward', 'Recent production is declining']",Ian Thomas,TE,,3.472410818191257,3.1540053,3.472410818191257,3.0,backup,Depth chart: TE3. Higher-ranked teammate is active; recent usage is not treated as a starting role.,healthy_backup,0.822410818191257
00-0036550,Rashod Bateman,Rashod Bateman,WR,WR,"https://static.www.nfl.com/image/upload/f_auto,q_auto/league/gtktmsfcxc1eijwpwzyq",2026,1,REG,2026_01_BAL_IND,BAL,DAL,0,0,0,0,0,0,0,0,0,0,0,0,,,0,,0,0,0,0,0,0,0,0,0,0,,0,0,0,0,0,0,1,0,0,0,0,23,0,0,-0.8310982692055404,0,0,0,0,0,0.0,0.041666666666666664,0.08550185873605948,0.12235130111524163,0,0,0,0,0,0,0,0.0,0.0,0,0,0,0,0,0,0,0,0,0,0,0,0,0,0,0,0,0,0,0,0,0,0,0,0,0,0,0,0,0,0,0,0,,,0,0,0,0,0,0,0,0,0,0,0,0,,,,0,0,0,0,0,0,0,,0,0,0,0,0,0,0,,0,0,0,0,0,0,0,0,0,0,0.0,0.0,0,0,0.0,0.0,0.0,2026,1,,,,,0.0,,,0,0,0.0,0.35000000000000003,0.23333333333333336,0.7500000000000001,0.5559125000000001,1,1.0,1.3333333333333333,1.75,1.4688750000000002,0,0.0,0.0,0.0,0.0,0,3.5,2.3333333333333335,7.5,5.559125000000001,0,0.0,0.0,0.0,0.0,0,0.5,0.3333333333333333,0.75,0.5802500000000002,,,,,,,,,,,0.0,0.0,0.0,0.0,0.0,0,0.0,0.0,0.0,0.0,0,0.0,0.0,0.0,0.0,0.0,0.35000000000000003,0.23333333333333336,0.7500000000000001,0.5559125000000001,-0.8,-1.5,0.0,,,0.0,0.0,1.4688750000000002,-1.5,0.3784614075397839,0.0,0.0,-0.8,-0.7,4.0,0.0,0.25870183159275173,2.716660659115308,3.311674871778637,61.468875,Stable,,,['Limited recent opportunity'],Rashod Bateman,WR,,3.0141677654469725,2.1271162,3.0141677654469725,2.0,backup,Depth chart: WR2. Higher-ranked teammate is active; recent usage is not treated as a starting role.,healthy_backup,0.8141677654469726
00-0038783,Nate Adkins,Nate Adkins,TE,TE,"https://static.www.nfl.com/image/upload/f_auto,q_auto/league/hedaw0ksq5qdzp9uhe3w",2026,1,REG,2026_01_DEN_KC,DEN,LAR,0,0,0,0,0,0,0,0,0,0,0,0,,,0,,0,0,0,0,0,0,0,0,0,0,,0,0,0,0,0,0,0,0,0,0,0,0,0,0,,0,0,0,0,0,,0.0,0.0,0.0,0,1,0,0,0,0,0,0.0,0.0,0,0,0,0,0,0,0,0,0,0,0,0,0,0,0,0,0,0,0,0,0,0,0,0,0,0,0,0,0,0,0,0,0,,,0,0,0,0,0,0,0,0,0,0,0,0,,,,0,0,0,0,0,0,0,,0,0,0,0,0,0,0,,0,0,0,0,0,0,0,0,0,0,0.0,0.0,0,0,0.0,0.0,0.0,2026,1,,,,,,,,0,0,0.0,0.05,0.03333333333333333,0.025,0.02475,0,0.5,0.6666666666666666,0.75,0.55,0,0.0,0.0,0.0,0.0,0,0.5,0.3333333333333333,0.25,0.2475,0,0.0,0.0,0.0,0.0,0,0.5,0.3333333333333333,0.25,0.2475,,,,,,,,,,,0.0,0.0,0.0,0.0,0.0,0,0.0,0.0,0.0,0.0,0,0.0,0.0,0.0,0.0,0.0,0.05,0.03333333333333333,0.025,0.02475,0.05,-0.5,0.0,,,0.0,0.0,0.55,-0.5,0.045,0.0,0.0,0.05,-0.55,4.0,0.0,0.016164398466314105,1.8397029088966614,1.8768810253691837,60.55,Stable,,,['Limited recent opportunity'],Nate Adkins,TE,,1.8582919671329226,1.0772133,1.8582919671329226,3.0,backup,Depth chart: TE3. Higher-ranked teammate is active; recent usage is not treated as a starting role.,healthy_backup,0.8082919671329225
00-0039144,Luke Musgrave,Luke Musgrave,TE,TE,"https://static.www.nfl.com/image/upload/f_auto,q_auto/league/jchchyfhiycpvm5zzn2y",2026,-1,POST,2025_19_GB_CHI,GB,ATL,0,0,0,0,0,0,0,0,0,0,0,0,,,0,,0,0,0,0,0,0,0,0,0,0,,0,0,0,0,0,1,2,9,0,0,0,26,4,0,0.1393545902101323,0,0,0,0,0,0.34615384615384615,0.05263157894736842,0.05543710021321962,0.11775333857030636,0,0,0,0,0,0,0,0.0,0.0,0,0,0,0,0,0,0,0,0,0,0,0,0,0,0,0,0,0,0,0,0,0,0,0,0,0,0,0,0,0,0,0,0,,,0,0,0,0,0,0,0,0,0,0,0,0,,,,0,0,0,0,0,0,0,,0,0,0,0,0,0,0,,0,0,0,0,0,0,0,0,0,0,0.9,1.9,0,0,0.9,0.0,0.9,2025,19,,,,,0.45,,0.0,0,0,0.9,2.35,3.3000000000000003,3.3000000000000003,2.9185000000000003,2,2.5,3.6666666666666665,3.6666666666666665,3.4575000000000005,0,0.0,0.0,0.0,0.0,9,23.5,33.0,33.0,29.185000000000006,0,0.0,0.0,0.0,0.0,1,2.0,2.6666666666666665,2.6666666666666665,2.4025,,,,,,,,,,,0.0,0.0,0.0,0.0,0.0,0,0.0,0.0,0.0,0.0,0,0.0,0.0,0.0,0.0,0.9,2.35,3.3000000000000003,3.3000000000000003,2.9185000000000003,-2.85,-3.5,0.0,,,0.0,0.0,3.4575000000000005,-3.5,0.8441070137382501,0.0,0.0,-2.85,-0.6499999999999999,3.0,1.8461000000000005,0.8970199328888964,3.370800785360416,5.433946631004877,63.4575,Downtrend confirmed,,,"['Role is trending downward', 'Recent production is declining']",Luke Musgrave,TE,,4.402373708182647,3.9863358,4.402373708182647,5.0,backup,Depth chart: TE5. Higher-ranked teammate is active; recent usage is not treated as a starting role.,healthy_backup,0.7523737081826467
00-0038738,Hunter Luepke,Hunter Luepke,RB,RB,"https://static.www.nfl.com/image/upload/f_auto,q_auto/league/m28qafff4o5vb3aaumiv",2026,1,REG,2026_01_DAL_NYG,DAL,BAL,0,0,0,0,0,0,0,0,0,0,0,0,,,0,,0,0,0,0,1,7,0,0,0,1,-0.07151150604477152,0,0,0,0,0,0,0,0,0,0,0,0,0,0,,0,0,0,0,0,,0.0,0.0,0.0,0,0,0,0,0,0,0,0.0,0.0,0,0,0,0,0,0,0,0,0,0,0,0,0,0,0,0,0,0,0,0,0,0,0,0,0,0,0,0,0,0,0,0,0,,,0,0,0,0,0,0,0,0,0,0,0,0,,,,0,0,0,0,0,0,0,,0,0,0,0,0,0,0,,0,0,0,0,0,0,0,0,0,0,0.7000000000000001,0.7000000000000001,0,0,0.7000000000000001,0.0,0.7000000000000001,2026,1,,,,,,0.7000000000000001,0.0,0,0,0.7000000000000001,1.1500000000000001,2.2333333333333334,2.0250000000000004,1.542875,0,0.5,0.6666666666666666,1.0,0.7163750000000002,1,1.5,3.3333333333333335,2.75,2.06425,0,2.0,6.0,8.0,5.2250000000000005,7,9.5,16.333333333333332,12.25,10.20375,0,0.5,0.6666666666666666,0.75,0.55,,,,,,,,,,,0.0,0.0,0.0,0.0,0.0,0,0.0,0.0,0.0,0.0,0,0.0,0.0,0.0,0.0,0.7000000000000001,1.1500000000000001,2.2333333333333334,2.0250000000000004,1.542875,-1.7500000000000002,-1.0,-2.5,,,0.0,0.0,1.8517125000000003,-2.375,0.833215199443758,0.0,0.0,-1.7500000000000002,-0.6249999999999998,4.0,0.9565583333333335,0.5609221427950387,3.104595373268946,4.394716301697535,61.8517125,Downtrend confirmed,,,"['Limited recent opportunity', 'Role is trending downward']",Hunter Luepke,RB,,3.7496558374832407,3.1084933,3.7496558374832407,,,,,0.7496558374832409
00-0040704,Dillon Gabriel,Dillon Gabriel,QB,QB,"https://static.www.nfl.com/image/upload/f_auto,q_auto/league/szpyvusef9jvoctbnkbk",2026,-1,REG,2025_16_BUF_CLE,CLE,CAR,0,0,0,0,0,1,-2,0,0,0,0,0,-1.4081430921402212,,0,,0,0,0,0,0,0,0,0,0,0,,0,0,0,0,0,0,0,0,0,0,0,0,0,0,,0,0,0,0,0,,0.0,0.0,0.0,0,0,0,0,0,0,0,0.0,0.0,0,0,0,0,0,0,0,0,0,0,0,0,0,0,0,0,0,0,0,0,0,0,0,0,0,0,0,0,0,0,0,0,0,,,0,0,0,0,0,0,0,0,0,0,0,0,,,,0,0,0,0,0,0,0,,0,0,0,0,0,0,0,,0,0,0,0,0,0,0,0,0,0,0.0,0.0,0,0,0.0,0.0,0.0,2025,16,,,,,,,,0,0,0.0,0.0,0.9733333333333335,0.9733333333333335,0.8833000000000002,0,0.0,0.0,0.0,0.0,0,0.0,0.6666666666666666,0.6666666666666666,0.6050000000000001,0,0.0,0.0,0.0,0.0,0,0.0,0.6666666666666666,0.6666666666666666,0.6050000000000001,0,0.0,0.0,0.0,0.0,,,,,,,,,,,0.0,0.0,0.0,0.0,0.0,0,0.0,0.0,0.0,0.0,0,0.0,0.0,0.0,0.0,0.0,0.0,0.9733333333333335,0.9733333333333335,0.8833000000000002,-2.9200000000000004,0.0,-2.0,,,0.0,0.0,0.3327500000000001,-1.1,2.6545454545454543,0.0,0.0,-2.9200000000000004,1.8200000000000003,3.0,0.0,0.4632995097486435,0.0,0.0,60.33275,Downtrend confirmed,,,"['Limited recent opportunity', 'Recent production is declining']",Dillon Gabriel,QB,,0.0,0.0,11.819002418024834,4.0,backup,Depth chart: QB4. Higher-ranked teammate is active; recent usage is not treated as a starting role.,healthy_backup,0.7200000000000002
00-0040277,Jahdae Walker,Jahdae Walker,WR,WR,"https://static.www.nfl.com/image/upload/f_auto,q_auto/league/cr13mo2xrpdkksy8fveq",2026,1,REG,2026_01_CHI_CAR,CHI,PHI,0,0,0,0,0,0,0,0,0,0,0,0,,,0,,0,0,0,0,0,0,0,0,0,0,,0,0,0,0,0,1,1,1,1,0,0,1,0,1,1.3759129837853834,0,0,0,0,0,1.0,0.038461538461538464,0.003134796238244514,0.05988666505907886,0,0,0,2,0,0,0,0.0,0.0,0,0,0,0,0,0,0,0,0,0,0,0,0,0,0,0,0,0,0,0,0,0,0,0,0,0,0,0,0,0,0,0,0,,,0,0,0,0,0,0,0,0,0,0,0,0,,,,0,0,0,0,0,0,0,,0,0,0,0,0,0,0,,0,0,0,0,0,0,0,0,0,0,6.1,7.1,0,0,6.1,6.0,0.09999999999999964,2026,1,,,,,6.1,,0.9836065573770493,0,0,6.1,7.85,6.233333333333333,6.699999999999999,6.877012499999999,1,2.0,2.6666666666666665,2.75,2.2361250000000004,0,0.0,0.0,0.0,0.0,1,18.5,22.333333333333332,22.0,16.937625,0,0.0,0.0,0.0,0.0,1,1.5,1.6666666666666667,1.75,1.55,,,,,,,,,,,6.0,6.0,4.0,4.5,5.18325,0,0.0,0.0,0.0,0.0,0,0.0,0.0,0.0,0.0,6.1,7.85,6.233333333333333,6.699999999999999,6.877012499999999,2.3,-1.5,0.0,,,0.0,0.0,2.2361250000000004,-1.5,3.075415059533791,0.7537066422374542,0.48990931745434524,2.3,-3.8,4.0,5.557127548858425,0.6193634171223259,3.4586560735924086,4.883191932973758,62.236125,TD-dependent production,,,"['Limited recent opportunity', 'Recent production is improving', 'Production has significant TD dependence']",Jahdae Walker,WR,,4.170924003283083,3.5736535,4.170924003283083,5.0,backup,Depth chart: WR5. Higher-ranked teammate is active; recent usage is not treated as a starting role.,healthy_backup,0.6709240032830834
00-0040363,Keleki Latu,Keleki Latu,TE,TE,"https://static.www.nfl.com/image/upload/f_auto,q_auto/league/vebjjfyrrrbwaqjlyvun",2026,2,REG,2026_02_DET_BUF,BUF,LAC,0,0,0,0,0,0,0,0,0,0,0,0,,,0,,0,0,0,0,0,0,0,0,0,0,,0,0,0,0,0,0,0,0,0,0,0,0,0,0,,0,0,0,0,0,,0.0,0.0,0.0,0,0,0,1,0,0,0,0.0,0.0,0,0,0,0,0,0,0,0,0,0,0,0,0,0,0,0,0,0,0,0,0,0,0,0,0,0,0,0,0,0,0,0,0,,,0,0,0,0,0,0,0,0,0,0,0,0,,,,0,0,0,0,0,0,0,,0,0,0,0,0,0,0,,0,0,0,0,0,0,0,0,0,0,0.0,0.0,0,0,0.0,0.0,0.0,2026,2,,,,,,,,0,0,0.0,0.0,1.0333333333333334,0.7,0.45859000000000005,0,0.0,1.0,0.8,0.49988125000000005,0,0.0,0.0,0.0,0.0,0,0.0,10.333333333333334,7.0,4.5859000000000005,0,0.0,0.0,0.0,0.0,0,0.0,1.0,0.8,0.49988125000000005,,,,,,,,,,,0.0,0.0,0.0,0.0,0.0,0,0.0,0.0,0.0,0.0,0,0.0,0.0,0.0,0.0,0.0,0.0,1.0333333333333334,0.7,0.45859000000000005,-1.55,-1.5,0.0,,,0.0,0.0,0.49988125000000005,-1.5,0.9173978819969743,0.0,0.0,-1.55,0.050000000000000044,5.0,0.1134873333333335,0.40179024030843646,1.6583777026589221,2.582495255368326,60.49988125,Downtrend confirmed,,,['Limited recent opportunity'],Keleki Latu,TE,,2.120436479013624,1.1631612,2.120436479013624,4.0,backup,Depth chart: TE4. Higher-ranked teammate is active; recent usage is not treated as a starting role.,healthy_backup,0.6704364790136241
00-0036415,Van Jefferson,Van Jefferson,WR,WR,"https://static.www.nfl.com/image/upload/f_auto,q_auto/league/inwxk1xlvzculj8m3pah",2026,-1,REG,2025_17_NO_TEN,TEN,NYG,0,0,0,0,0,0,0,0,0,0,0,0,,,0,,0,0,0,0,0,0,0,0,0,0,,0,0,0,0,0,3,3,46,0,0,0,40,6,2,3.8392833715188317,0,2,1,1,0,1.15,0.08571428571428572,0.10723860589812333,0.20363845270011488,0,0,0,0,0,0,0,0.0,0.0,0,0,0,0,0,0,0,0,0,0,0,0,0,0,0,0,0,0,0,0,0,0,0,0,0,0,0,0,0,0,0,0,0,,,0,0,0,0,0,0,0,0,0,0,0,0,,,,0,0,0,0,0,0,0,,0,0,0,0,0,0,0,,0,0,0,0,0,0,0,0,0,0,4.6000000000000005,7.6000000000000005,0,0,4.6000000000000005,0.0,4.6000000000000005,2025,17,,,,,1.5333333333333334,,0.0,0,0,4.6000000000000005,3.5000000000000004,3.766666666666667,3.766666666666667,3.9647500000000004,3,2.5,3.3333333333333335,3.3333333333333335,3.3575,0,0.0,0.0,0.0,0.0,46,35.0,37.666666666666664,37.666666666666664,39.6475,0,0.0,0.0,0.0,0.0,3,2.5,2.0,2.0,2.1475,,,,,,,,,,,0.0,0.0,0.0,0.0,0.0,0,0.0,0.0,0.0,0.0,0,0.0,0.0,0.0,0.0,4.6000000000000005,3.5000000000000004,3.766666666666667,3.766666666666667,3.9647500000000004,-0.7999999999999994,-2.5,0.0,,,0.0,0.0,3.3575,-2.5,1.1808637379002236,0.0,0.0,-0.7999999999999994,-1.7000000000000006,3.0,3.0105166666666667,0.37089730384568725,4.4250402348673985,5.27810403371248,63.3575,Stable,,,['Role is trending downward'],Van Jefferson,WR,,4.851572134289939,3.9995193,4.851572134289939,8.0,backup,Depth chart: WR8. Higher-ranked teammate is active; recent usage is not treated as a starting role.,healthy_backup,0.6515721342899385
00-0039686,Colson Yankoff,Colson Yankoff,TE,TE,"https://static.www.nfl.com/image/upload/f_auto,q_auto/league/cgsxdjqy6l2zuqaftbd6",2026,1,REG,2026_01_WAS_PHI,WAS,SEA,0,0,0,0,0,0,0,0,0,0,0,0,,,0,,0,0,0,0,0,0,0,0,0,0,,0,0,0,0,0,0,0,0,0,0,0,0,0,0,,0,0,0,0,0,,0.0,0.0,0.0,0,0,0,1,0,0,0,0.0,0.0,0,0,0,0,0,0,0,0,0,0,0,0,0,0,0,0,0,0,0,0,0,0,0,0,0,0,0,0,0,0,0,0,0,,,0,0,0,0,0,0,0,0,0,0,0,0,,,,0,0,0,0,0,0,0,,0,0,0,0,0,0,0,,0,0,0,0,0,0,0,0,0,0,0.0,0.0,0,0,0.0,0.0,0.0,2026,1,,,,,,,,0,0,0.0,0.0,0.0,0.35000000000000003,0.23292500000000008,0,0.0,0.3333333333333333,0.5,0.30250000000000005,0,0.0,0.0,0.0,0.0,0,0.0,0.0,3.5,2.329250000000001,0,0.0,0.0,0.0,0.0,0,0.0,0.0,0.25,0.16637500000000005,,,,,,,,,,,0.0,0.0,0.0,0.0,0.0,0,0.0,0.0,0.0,0.0,0,0.0,0.0,0.0,0.0,0.0,0.0,0.0,0.35000000000000003,0.23292500000000008,-0.7000000000000001,-1.0,0.0,,,0.0,0.0,0.30250000000000005,-1.0,0.7700000000000001,0.0,0.0,-0.7000000000000001,-0.29999999999999993,4.0,0.0,0.14750847060423347,1.753044106520514,2.092313588910251,60.3025,Stable,,,['Limited recent opportunity'],Colson Yankoff,TE,,1.9226788477153824,1.059525,1.9226788477153824,4.0,backup,Depth chart: TE4. Higher-ranked teammate is active; recent usage is not treated as a starting role.,healthy_backup,0.6226788477153825
00-0039355,Luke McCaffrey,Luke McCaffrey,WR,WR,"https://static.www.nfl.com/image/upload/f_auto,q_auto/league/xtxiwlkniuldrqg65n3q",2026,-1,REG,2025_09_SEA_WAS,WAS,SEA,0,0,0,0,0,0,0,0,0,0,0,0,,,0,,0,0,0,0,0,0,0,0,0,0,,0,0,0,0,0,0,0,0,0,0,0,0,0,0,,0,0,0,0,0,,0.0,0.0,0.0,0,0,0,0,0,0,0,0.0,0.0,0,0,0,0,0,0,0,0,0,0,0,0,0,0,0,0,0,0,0,0,0,0,0,0,0,0,0,1,19,0,0,0,0,,,0,0,0,0,0,0,0,0,0,0,0,0,,,,0,0,0,0,0,0,0,,0,0,0,0,0,0,0,,0,0,0,0,0,0,0,0,0,0,0.0,0.0,0,0,0.0,0.0,0.0,2025,9,,,,,,,,0,0,0.0,1.2000000000000002,0.8000000000000002,0.8000000000000002,0.5940000000000001,0,1.5,1.6666666666666667,1.6666666666666667,1.3475000000000001,0,0.0,0.0,0.0,0.0,0,12.0,8.0,8.0,5.9399999999999995,0,0.0,0.0,0.0,0.0,0,1.5,1.0,1.0,0.7424999999999999,,,,,,,,,,,0.0,0.0,0.0,0.0,0.0,0,0.0,0.0,0.0,0.0,0,0.0,0.0,0.0,0.0,0.0,1.2000000000000002,0.8000000000000002,0.8000000000000002,0.5940000000000001,1.2000000000000002,-0.5,0.0,,,0.0,0.0,1.3475000000000001,-0.5,0.44081632653061226,0.0,0.0,1.2000000000000002,-1.7000000000000002,3.0,0.5014000000000001,0.39217057513281134,2.3567959928432494,3.258788315648715,61.3475,Stable,,,['Limited recent opportunity'],Luke McCaffrey,WR,,2.8077921542459823,1.967511,2.8077921542459823,7.0,backup,Depth chart: WR7. Higher-ranked teammate is active; recent usage is not treated as a starting role.,healthy_backup,0.6077921542459821
00-0040131,Kyle Williams,Kyle Williams,WR,WR,"https://static.www.nfl.com/image/upload/f_auto,q_auto/league/xkicyhizq6sm86wr5osk",2026,1,REG,2026_01_NE_SEA,NE,JAX,0,0,0,0,0,0,0,0,0,0,0,0,,,0,,0,0,0,0,0,0,0,0,0,0,,0,0,0,0,0,0,0,0,0,0,0,0,0,0,,0,0,0,0,0,,0.0,0.0,0.0,0,0,0,0,0,0,0,0.0,0.0,0,0,0,0,0,0,0,0,0,0,0,0,0,0,0,0,0,0,0,0,0,0,0,0,0,0,0,2,58,0,0,0,0,,,0,0,0,0,0,0,0,0,0,0,0,0,,,,0,0,0,0,0,0,0,,0,0,0,0,0,0,0,,0,0,0,0,0,0,0,0,0,0,0.0,0.0,0,0,0.0,0.0,0.0,2026,1,,,,,,,,0,0,0.0,0.35000000000000003,0.23333333333333336,0.35000000000000003,0.28971250000000004,0,1.0,1.6666666666666667,1.5,1.06975,0,0.0,0.0,0.0,0.0,0,3.5,2.3333333333333335,3.5,2.8971250000000004,0,0.0,0.0,0.0,0.0,0,0.5,0.3333333333333333,0.5,0.413875,,,,,,,,,,,0.0,0.0,0.0,0.0,0.0,0,0.0,0.0,0.0,0.0,0,0.0,0.0,0.0,0.0,0.0,0.35000000000000003,0.23333333333333336,0.35000000000000003,0.28971250000000004,0.0,-1.0,0.0,,,0.0,0.0,1.06975,-1.0,0.2708226221079692,0.0,0.0,0.0,-1.0,4.0,0.0,0.12977638846407222,2.4563352290976477,2.754820922565014,61.06975,Stable,,,['Limited recent opportunity'],Kyle Williams,WR,,2.605578075831331,1.8696421,2.605578075831331,4.0,backup,Depth chart: WR4. Higher-ranked teammate is active; recent usage is not treated as a starting role.,healthy_backup,0.6055780758313309
00-0033858,Jonnu Smith,Jonnu Smith,TE,TE,"https://static.www.nfl.com/image/upload/f_auto,q_auto/league/egd6llghj3n5wfdrqacw",2026,1,REG,2026_01_GB_MIN,GB,ATL,0,0,0,0,0,0,0,0,0,0,0,0,,,0,,0,0,0,0,0,0,0,0,0,0,,0,0,0,0,0,2,3,50,0,0,0,24,30,2,3.962980110256467,0,1,1,1,1,2.0833333333333335,0.075,0.0511727078891258,0.14832089552238803,0,0,0,0,0,0,0,0.0,0.0,0,0,0,0,0,0,0,0,0,0,0,0,0,0,0,0,0,0,0,0,0,0,0,0,0,0,0,0,0,0,0,0,0,,,0,0,0,0,0,0,0,0,0,0,0,0,,,,0,0,0,0,0,0,0,,0,0,0,0,0,0,0,,0,0,0,0,0,0,0,0,0,0,5.0,7.0,0,0,5.0,0.0,5.0,2026,1,,,,,1.6666666666666667,,0.0,0,0,5.0,2.45,1.7666666666666666,2.0,2.7289125000000003,3,3.0,2.6666666666666665,3.25,3.196625,0,0.0,0.3333333333333333,0.75,0.4688750000000001,50,24.5,17.0,17.25,25.519499999999997,0,0.0,0.6666666666666666,2.75,1.7696250000000002,2,2.0,1.6666666666666667,2.5,2.3630000000000004,,,,,,,,,,,0.0,0.0,0.0,0.0,0.0,0,0.0,0.0,0.0,0.0,0,0.0,0.0,0.0,0.0,5.0,2.45,1.7666666666666666,2.0,2.7289125000000003,0.9000000000000001,-0.5,-1.5,,,0.0,0.0,3.45450625,-1.3250000000000002,0.7899573202393252,0.0,0.0,0.9000000000000001,-2.2250000000000005,4.0,1.9152641666666668,1.155399401507019,2.601560276503498,5.258978899969641,63.45450625,Stable,,,['Projection primarily follows recent baseline'],Jonnu Smith,TE,,3.9302695882365697,3.8190086,3.9302695882365697,2.0,backup,Depth chart: TE2. Higher-ranked teammate is active; recent usage is not treated as a starting role.,healthy_backup,0.6052695882365695
00-0039394,Casey Washington,Casey Washington,WR,WR,"https://static.www.nfl.com/image/upload/f_auto,q_auto/league/wkoysykj4htld4yajljn",2026,-1,REG,2025_08_MIA_ATL,ATL,GB,0,0,0,0,0,0,0,0,0,0,0,0,,,0,,0,0,0,0,0,0,0,0,0,0,,0,0,0,0,0,1,1,25,0,0,0,17,8,1,1.9335665647522546,0,1,1,1,0,1.4705882352941178,0.03333333333333333,0.05964912280701754,0.09175438596491228,0,0,0,0,0,0,0,0.0,0.0,0,0,0,0,0,0,0,0,0,0,0,0,0,0,0,0,0,0,0,0,0,0,0,0,0,0,0,0,0,0,0,0,0,,,0,0,0,0,0,0,0,0,0,0,0,0,,,,0,0,0,0,0,0,0,,0,0,0,0,0,0,0,,0,0,0,0,0,0,0,0,0,0,2.5,3.5,0,0,2.5,0.0,2.5,2025,8,,,,,2.5,,0.0,0,0,2.5,2.1,1.4000000000000001,1.4000000000000001,1.54575,1,1.5,1.6666666666666667,1.6666666666666667,1.55,0,0.0,0.0,0.0,0.0,25,21.0,14.0,14.0,15.4575,0,0.0,0.0,0.0,0.0,1,1.0,0.6666666666666666,0.6666666666666666,0.6975,,,,,,,,,,,0.0,0.0,0.0,0.0,0.0,0,0.0,0.0,0.0,0.0,0,0.0,0.0,0.0,0.0,2.5,2.1,1.4000000000000001,1.4000000000000001,1.54575,2.1,-0.5,0.0,,,0.0,0.0,1.55,-0.5,0.997258064516129,0.0,0.0,2.1,-2.6,3.0,1.31245,0.4391023684745961,2.5980808437001706,3.608016291191742,61.55,Stable,,,"['Limited recent opportunity', 'Recent production is improving']",Casey Washington,WR,,3.1030485674459563,2.356584,3.1030485674459563,8.0,backup,Depth chart: WR8. Higher-ranked teammate is active; recent usage is not treated as a starting role.,healthy_backup,0.6030485674459563
00-0033891,Zay Jones,Zay Jones,WR,WR,"https://static.www.nfl.com/image/upload/f_auto,q_auto/league/qihjjzfk0vwzoyrzztkq",2026,-1,REG,2025_10_ARI_SEA,ARI,SF,0,0,0,0,0,0,0,0,0,0,0,0,,,0,,0,0,0,0,0,0,0,0,0,0,,0,0,0,0,0,0,1,0,0,0,0,3,0,0,-0.970904047251679,0,0,0,0,0,0.0,0.022727272727272728,0.00911854103343465,0.040473887814313346,0,0,0,0,0,0,0,0.0,0.0,0,0,0,0,0,0,0,0,0,0,0,0,0,0,0,0,0,0,0,0,0,0,0,0,0,0,0,0,0,0,0,0,0,,,0,0,0,0,0,0,0,0,0,0,0,0,,,,0,0,0,0,0,0,0,,0,0,0,0,0,0,0,,0,0,0,0,0,0,0,0,0,0,0.0,0.0,0,0,0.0,0.0,0.0,2025,10,,,,,0.0,,,0,0,0.0,3.35,4.866666666666667,4.866666666666667,4.048000000000001,1,1.5,3.6666666666666665,3.6666666666666665,3.365,0,0.0,0.0,0.0,0.0,0,33.5,48.666666666666664,48.666666666666664,40.48,0,0.0,0.0,0.0,0.0,0,1.0,2.3333333333333335,2.3333333333333335,2.0075000000000003,,,,,,,,,,,0.0,0.0,0.0,0.0,0.0,0,0.0,0.0,0.0,0.0,0,0.0,0.0,0.0,0.0,0.0,3.35,4.866666666666667,4.866666666666667,4.048000000000001,-4.550000000000001,-6.5,0.0,,,0.0,0.0,3.365,-6.5,1.2029717682020804,0.0,0.0,-4.550000000000001,-1.9499999999999993,3.0,2.100466666666667,1.8045041719726411,3.431484280890183,7.581843876427257,63.365,Downtrend confirmed,,,"['Role is trending downward', 'Recent production is declining']",Zay Jones,WR,,5.50666407865872,4.140896,5.50666407865872,9.0,backup,Depth chart: WR9. Higher-ranked teammate is active; recent usage is not treated as a starting role.,healthy_backup,0.5566640786587209
00-0035602,Alex Bachman,Alex Bachman,WR,WR,"https://static.www.nfl.com/image/upload/f_auto,q_auto/league/xebxem8tzjm0yyygaklg",2026,-1,REG,2025_18_KC_LV,LV,NO,0,0,0,0,0,0,0,0,0,0,0,0,,,0,,0,0,0,0,0,0,0,0,0,0,,0,0,0,0,0,0,0,0,0,0,0,0,0,0,,0,0,0,0,0,,0.0,0.0,0.0,0,0,0,0,0,0,0,0.0,0.0,0,0,0,0,0,1,0,0,0,0,0,0,0,1,0,0,0,0,1,5,0,1,0,1,0,5,25,0,0,0,0,0,0,,,0,0,0,0,0,0,0,0,0,0,0,0,,,,0,0,0,0,0,0,0,,0,0,0,0,0,0,0,,0,0,0,0,0,0,0,0,0,0,0.0,0.0,0,0,0.0,0.0,0.0,2025,18,,,,,,,,0,0,0.0,0.0,0.10000000000000002,0.10000000000000002,0.09075000000000003,0,0.0,0.3333333333333333,0.3333333333333333,0.30250000000000005,0,0.0,0.0,0.0,0.0,0,0.0,1.0,1.0,0.9075000000000002,0,0.0,0.0,0.0,0.0,0,0.0,0.3333333333333333,0.3333333333333333,0.30250000000000005,,,,,,,,,,,0.0,0.0,0.0,0.0,0.0,0,0.0,0.0,0.0,0.0,0,0.0,0.0,0.0,0.0,0.0,0.0,0.10000000000000002,0.10000000000000002,0.09075000000000003,-0.30000000000000004,-1.0,0.0,,,0.0,0.0,0.30250000000000005,-1.0,0.30000000000000004,0.0,0.0,-0.30000000000000004,-0.7,3.0,0.0,0.047599264700203106,2.167872648006503,2.2773509568169703,60.3025,Stable,,,['Limited recent opportunity'],Alex Bachman,WR,,2.2226118024117367,1.0839357,2.2226118024117367,9.0,backup,Depth chart: WR9. Higher-ranked teammate is active; recent usage is not treated as a starting role.,healthy_backup,0.5226118024117368
00-0040466,Raheim Sanders,Raheim Sanders,RB,RB,"https://static.www.nfl.com/image/upload/f_auto,q_auto/league/bopoof9uczgpvpggeahp",2026,1,REG,2026_01_CLE_JAX,CLE,CAR,0,0,0,0,0,0,0,0,0,0,0,0,,,0,,0,0,0,0,1,1,0,0,0,0,-0.7541640270501375,0,0,0,0,0,3,3,25,0,0,0,-6,31,1,0.511455062776804,0,1,0,0,0,-4.166666666666667,0.13636363636363635,-0.02631578947368421,0.18612440191387558,0,0,0,0,0,0,0,0.0,0.0,0,0,0,0,0,0,0,0,0,0,0,0,0,0,0,0,0,0,0,0,0,0,0,0,0,0,0,3,130,0,0,0,0,,,0,0,0,0,0,0,0,0,0,0,0,0,,,,0,0,0,0,0,0,0,,0,0,0,0,0,0,0,,0,0,0,0,0,0,0,0,0,0,2.6,5.6,0,0,2.6,0.0,2.6,2026,1,,,,,0.8666666666666667,2.6,0.0,0,0,2.6,2.95,3.0,3.4000000000000004,3.1740625000000002,3,2.0,2.0,1.75,2.036125,1,3.0,4.666666666666667,6.25,4.606625000000001,25,16.0,14.0,11.5,15.009249999999998,1,13.5,16.0,22.5,16.731375,3,2.0,1.6666666666666667,1.5,1.9,,,,,,,,,,,0.0,0.0,0.0,0.0,0.0,0,0.0,0.0,0.0,0.0,0,0.0,0.0,0.0,0.0,2.6,2.95,3.0,3.4000000000000004,3.1740625000000002,-0.9000000000000004,0.5,-6.5,,,0.0,0.0,4.5697687500000015,-3.075,0.6945783635112825,0.0,0.0,-0.9000000000000004,-2.175,4.0,2.0881875,0.26446907309740403,5.204733461533956,5.813012329657986,64.56976875000001,Stable,,,['Role is trending downward'],Raheim Sanders,RB,,5.508872895595971,4.8502965,5.508872895595971,2.0,backup,Depth chart: RB2. Higher-ranked teammate is active; recent usage is not treated as a starting role.,healthy_backup,0.5088728955959709
00-0033857,JuJu Smith-Schuster,JuJu Smith-Schuster,WR,WR,"https://static.www.nfl.com/image/upload/f_auto,q_auto/league/fmjrhk2zt9z22uifctv0",2026,-1,REG,2025_18_KC_LV,KC,MIA,0,0,0,0,0,0,0,0,0,0,0,0,,,0,,0,0,0,0,0,0,0,0,0,0,,0,0,0,0,0,2,2,13,0,0,0,10,3,0,0.2925459574908018,0,0,0,0,0,1.3,0.06666666666666667,0.04484304932735426,0.131390134529148,0,0,0,0,0,0,0,0.0,0.0,0,0,0,0,0,0,0,0,0,0,0,0,0,1,-5,0,0,0,0,0,0,0,0,0,0,0,0,0,0,0,0,0,0,,,0,0,0,0,0,0,0,0,0,0,0,0,,,,0,0,0,0,0,0,0,,0,0,0,0,0,0,0,,0,0,0,0,0,0,0,0,0,0,1.3,3.3,0,0,1.3,0.0,1.3,2025,18,,,,,0.65,,0.0,0,0,1.3,1.4500000000000002,1.366666666666667,1.366666666666667,1.344,2,2.5,3.0,3.0,2.8525,0,0.0,0.0,0.0,0.0,13,14.5,13.666666666666666,13.666666666666666,13.440000000000001,0,0.0,0.0,0.0,0.0,2,2.5,2.0,2.0,1.9449999999999998,,,,,,,,,,,0.0,0.0,0.0,0.0,0.0,0,0.0,0.0,0.0,0.0,0,0.0,0.0,0.0,0.0,1.3,1.4500000000000002,1.366666666666667,1.366666666666667,1.344,0.25,-1.5,0.0,,,0.0,0.0,2.8525,-1.5,0.47116564417177914,0.0,0.0,0.25,-1.75,3.0,0.828066666666667,0.048775950358074395,3.680910434027314,3.7930951198508853,62.8525,Stable,,,['Limited recent opportunity'],JuJu Smith-Schuster,WR,,3.7370027769390997,3.0098352,3.7370027769390997,6.0,backup,Depth chart: WR6. Higher-ranked teammate is active; recent usage is not treated as a starting role.,healthy_backup,0.48700277693909966
00-0026300,Josh Johnson,Josh Johnson,QB,QB,"https://static.www.nfl.com/image/upload/f_auto,q_auto/league/sijqkai2yy1cbw3rwndh",2026,-1,REG,2025_18_WAS_PHI,WAS,SEA,14,22,131,1,1,0,0,0,0,123,86,9,4.4713646327930885,6.251351300038789,0,1.065040650406504,6,3,1,0,9,45,1,1,1,4,-3.906335411069449,0,2,1,0,0,0,0,0,0,0,0,0,0,0,,0,0,0,0,0,,0.0,0.0,0.0,0,0,0,0,0,0,0,0.0,0.0,0,0,0,0,0,0,0,0,0,0,0,0,0,1,-12,0,0,0,0,0,0,1,0,1,1,0,0,0,0,0,0,0,0,,,0,0,0,0,0,0,0,0,0,0,0,0,,,,0,0,0,0,0,0,0,,0,0,0,0,0,0,0,,0,0,0,0,0,0,0,0,0,0,15.740000000000002,15.740000000000002,0,0,19.740000000000002,12.0,7.740000000000002,2025,18,,,,,,2.1933333333333334,0.60790273556231,0,0,19.740000000000002,14.330000000000002,10.126666666666667,10.126666666666667,11.611,0,0.0,0.0,0.0,0.0,9,5.5,4.0,4.0,4.8475,0,0.0,0.0,0.0,0.0,45,27.5,18.333333333333332,18.333333333333332,22.724999999999998,0,0.0,0.0,0.0,0.0,,,,,,,,,,,12.0,6.0,4.0,4.0,5.3999999999999995,0,0.0,0.0,0.0,0.0,0,0.0,0.0,0.0,0.0,19.740000000000002,14.330000000000002,10.126666666666667,10.126666666666667,11.611,12.610000000000001,0.0,4.5,,,0.0,0.0,2.666125,2.475,4.355009611327301,0.4650762208250796,0.30229954353630173,12.610000000000001,-10.135000000000002,3.0,0.0,3.618378480295652,0.0,0.0,61.04774651970435,Momentum confirmed,,,"['Limited recent opportunity', 'Role is trending upward', 'Recent production is improving']",Josh Johnson,QB,,0.0,0.0,15.809370574632009,3.0,backup,Depth chart: QB3. Higher-ranked teammate is active; recent usage is not treated as a starting role.,healthy_backup,0.4750000000000001
00-0038752,Jake Bobo,Jake Bobo,WR,WR,"https://static.www.nfl.com/image/upload/f_auto,q_auto/league/esyfp5hwdtepk2ypsru4",2026,-1,POST,2025_22_SEA_NE,SEA,WAS,0,0,0,0,0,0,0,0,0,0,0,0,,,0,,0,0,0,0,0,0,0,0,0,0,,0,0,0,0,0,0,0,0,0,0,0,0,0,0,,0,0,0,0,0,,0.0,0.0,0.0,0,0,0,1,0,0,0,0.0,0.0,0,0,0,0,0,0,0,0,0,0,0,0,0,0,0,0,0,0,0,0,0,0,0,0,0,0,0,0,0,0,0,0,0,,,0,0,0,0,0,0,0,0,0,0,0,0,,,,0,0,0,0,0,0,0,,0,0,0,0,0,0,0,,0,0,0,0,0,0,0,0,0,0,0.0,0.0,0,0,0.0,0.0,0.0,2025,22,,,,,,,,0,0,0.0,3.85,3.1,3.1,2.3897500000000003,0,1.0,1.0,1.0,0.7975,0,0.0,0.0,0.0,0.0,0,8.5,11.0,11.0,9.047500000000001,0,0.0,0.0,0.0,0.0,0,0.5,0.6666666666666666,0.6666666666666666,0.55,,,,,,,,,,,0.0,3.0,2.0,2.0,1.4849999999999999,0,0.0,0.0,0.0,0.0,0,0.0,0.0,0.0,0.0,0.0,3.85,3.1,3.1,2.3897500000000003,2.25,0.0,0.0,,,0.0,0.0,0.7975,0.0,2.9965517241379316,0.621403912543153,0.4039125431530494,2.25,-2.25,3.0,2.331042174913694,1.3269460463786764,0.7753218394376289,3.8272977461085844,60.7975,TD-dependent production,,,"['Limited recent opportunity', 'Recent production is improving', 'Production has significant TD dependence']",Jake Bobo,WR,,2.3013097927731065,1.8191216,2.3013097927731065,7.0,backup,Depth chart: WR7. Higher-ranked teammate is active; recent usage is not treated as a starting role.,healthy_backup,0.30130979277310654
00-0036429,Charlie Woerner,Charlie Woerner,TE,TE,"https://static.www.nfl.com/image/upload/f_auto,q_auto/league/tuzldnhk23mvsapfejqd",2026,-1,REG,2025_17_LA_ATL,ATL,GB,0,0,0,0,0,0,0,0,0,0,0,0,,,0,,0,0,0,0,0,0,0,0,0,0,,0,0,0,0,0,0,0,0,0,0,0,0,0,0,,0,0,0,0,0,,0.0,0.0,0.0,0,0,0,1,0,0,0,0.0,0.0,0,0,0,0,0,0,0,0,0,0,0,0,0,0,0,0,0,0,0,0,0,0,0,0,0,0,0,0,0,0,0,0,0,,,0,0,0,0,0,0,0,0,0,0,0,0,,,,0,0,0,0,0,0,0,,0,0,0,0,0,0,0,,0,0,0,0,0,0,0,0,0,0,0.0,0.0,0,0,0.0,0.0,0.0,2025,17,,,,,,,,0,0,0.0,0.15000000000000002,0.5000000000000001,0.5000000000000001,0.43725000000000014,0,0.5,1.0,1.0,0.8525000000000001,0,0.0,0.0,0.0,0.0,0,1.5,5.0,5.0,4.3725000000000005,0,0.0,0.0,0.0,0.0,0,0.5,1.0,1.0,0.8525000000000001,,,,,,,,,,,0.0,0.0,0.0,0.0,0.0,0,0.0,0.0,0.0,0.0,0,0.0,0.0,0.0,0.0,0.0,0.15000000000000002,0.5000000000000001,0.5000000000000001,0.43725000000000014,-1.0500000000000003,-1.5,0.0,,,0.0,0.0,0.8525000000000001,-1.5,0.5129032258064516,0.0,0.0,-1.0500000000000003,-0.44999999999999973,3.0,0.0,0.20484874908087677,1.992420448950664,2.4635725718366808,60.8525,Downtrend confirmed,,,['Limited recent opportunity'],Charlie Woerner,TE,,2.2279965103936723,1.393694,2.2279965103936723,2.0,backup,Depth chart: TE2. Higher-ranked teammate is active; recent usage is not treated as a starting role.,healthy_backup,0.27799651039367257
00-0039890,Adonai Mitchell,Adonai Mitchell,WR,WR,"https://static.www.nfl.com/image/upload/f_auto,q_auto/league/hwwacoa3pqapd7pgahfx",2026,1,REG,2026_01_NYJ_TEN,NYJ,DET,0,0,0,0,0,0,0,0,0,0,0,0,,,0,,0,0,0,0,0,0,0,0,0,0,,0,0,0,0,0,3,3,60,0,0,0,59,1,2,3.093464803416282,0,2,2,1,1,1.0169491525423728,0.13043478260869565,0.35119047619047616,0.44148550724637675,0,0,0,0,0,0,0,0.0,0.0,0,0,0,0,0,0,0,0,0,0,0,0,0,0,0,0,0,0,0,0,0,0,0,0,0,0,0,0,0,0,0,0,0,,,0,0,0,0,0,0,0,0,0,0,0,0,,,,0,0,0,0,0,0,0,,0,0,0,0,0,0,0,,0,0,0,0,0,0,0,0,0,0,6.0,9.0,0,0,6.0,0.0,6.0,2026,1,,,,,2.0,,0.0,0,0,6.0,3.0,2.733333333333333,3.125,3.7148874999999997,3,3.0,5.0,5.25,4.315875,0,0.0,0.0,0.0,0.0,60,30.0,27.333333333333332,31.25,37.148875,0,0.0,0.0,0.0,0.0,3,1.5,2.0,2.25,2.2575000000000003,,,,,,,,,,,0.0,0.0,0.0,0.0,0.0,0,0.0,0.0,0.0,0.0,0,0.0,0.0,0.0,0.0,6.0,3.0,2.733333333333333,3.125,3.7148874999999997,-0.25,-4.5,0.0,,,0.0,0.0,4.315875,-4.5,0.8607495583166797,0.0,0.0,-0.25,-4.25,4.0,1.8060158333333332,1.186947246006653,3.8775324365225523,6.607511102337854,64.315875,Stable,,,['Role is trending downward'],Adonai Mitchell,WR,,5.242521769430203,4.949388,5.242521769430203,2.0,backup,Depth chart: WR2. Higher-ranked teammate is active; recent usage is not treated as a starting role.,healthy_backup,0.2425217694302031
00-0038102,Kenny Pickett,Kenny Pickett,QB,QB,"https://static.www.nfl.com/image/upload/f_auto,q_auto/league/gw6lyiuevyuspfkglnmj",2026,1,REG,2026_01_CHI_CAR,CAR,CLE,0,1,0,0,0,0,0,0,0,3,0,0,-0.38113494333811104,-77.15720534324646,0,0.0,0,0,0,0,1,24,0,0,0,1,1.6777517596492544,0,1,1,1,0,0,0,0,0,0,0,0,0,0,,0,0,0,0,0,,0.0,0.0,0.0,0,0,0,0,0,0,0,0.0,0.0,0,0,0,0,0,0,0,0,0,0,0,0,0,0,0,0,0,0,0,0,0,0,0,0,0,0,0,0,0,0,0,0,0,,,0,0,0,0,0,0,0,0,0,0,0,0,,,,0,0,0,0,0,0,0,,0,0,0,0,0,0,0,,0,0,0,0,0,0,0,0,0,0,2.4000000000000004,2.4000000000000004,0,0,2.4000000000000004,0.0,2.4000000000000004,2026,1,,,,,,2.4000000000000004,0.0,0,0,2.4000000000000004,1.7100000000000002,1.3533333333333335,1.83,1.9619525000000002,0,0.0,0.0,0.0,0.0,1,1.0,0.6666666666666666,1.0,1.03025,0,0.0,0.0,0.0,0.0,24,16.5,11.0,10.0,14.192124999999999,0,0.0,0.0,0.0,0.0,,,,,,,,,,,0.0,0.0,0.0,0.0,0.0,0,0.0,0.0,0.0,0.0,0,0.0,0.0,0.0,0.0,2.4000000000000004,1.7100000000000002,1.3533333333333335,1.83,1.9619525000000002,-0.24,0.0,0.0,,,0.0,0.0,0.5666375000000001,0.0,3.4624473318479625,0.0,0.0,-0.24,0.24,4.0,0.0,0.3410881270367594,0.0,0.0,60.5666375,Stable,,,['Limited recent opportunity'],Kenny Pickett,QB,,0.0,0.0,12.379581195793515,2.0,backup,Depth chart: QB2. Higher-ranked teammate is active; recent usage is not treated as a starting role.,healthy_backup,0.24
00-0034928,Steven Sims,Steven Sims,WR,WR,"https://static.www.nfl.com/image/upload/f_auto,q_auto/league/j4wvyoqtwt34h8qamgun",2026,-1,REG,2025_18_ARI_LA,ARI,SF,0,0,0,0,0,0,0,0,0,0,0,0,,,0,,0,0,0,0,0,0,0,0,0,0,,0,0,0,0,0,0,0,0,0,0,0,0,0,0,,0,0,0,0,0,,0.0,0.0,0.0,0,0,0,0,0,0,0,0.0,0.0,0,0,0,0,0,0,0,0,0,0,0,0,0,0,0,0,0,0,0,0,0,0,0,0,0,2,27,3,49,0,0,0,0,,,0,0,0,0,0,0,0,0,0,0,0,0,,,,0,0,0,0,0,0,0,,0,0,0,0,0,0,0,,0,0,0,0,0,0,0,0,0,0,0.0,0.0,0,0,0.0,0.0,0.0,2025,18,,,,,,,,0,0,0.0,0.0,0.0,0.0,0.0,0,0.0,0.3333333333333333,0.3333333333333333,0.30250000000000005,0,0.0,0.0,0.0,0.0,0,0.0,0.0,0.0,0.0,0,0.0,0.0,0.0,0.0,0,0.0,0.0,0.0,0.0,,,,,,,,,,,0.0,0.0,0.0,0.0,0.0,0,0.0,0.0,0.0,0.0,0,0.0,0.0,0.0,0.0,0.0,0.0,0.0,0.0,0.0,0.0,-1.0,0.0,,,0.0,0.0,0.30250000000000005,-1.0,0.0,,0.0,0.0,-1.0,3.0,0.0,0.0,2.185036783639884,2.185036783639884,60.3025,Stable,,,['Limited recent opportunity'],Steven Sims,WR,,2.185036783639884,1.112858,2.185036783639884,,,,,0.18503678363988385
00-0038492,Jason Brownlee,Jason Brownlee,WR,WR,"https://static.www.nfl.com/image/upload/f_auto,q_auto/league/lxmpoub3eslnvevtpoqf",2026,-1,REG,2025_06_DET_KC,KC,MIA,0,0,0,0,0,0,0,0,0,0,0,0,,,0,,0,0,0,0,0,0,0,0,0,0,,0,0,0,0,0,0,0,0,0,0,0,0,0,0,,0,0,0,0,0,,0.0,0.0,0.0,0,1,0,0,0,0,0,0.0,0.0,0,0,0,0,0,0,0,0,0,0,0,0,0,0,0,0,0,0,0,0,0,0,0,0,0,0,0,0,0,0,0,0,0,,,0,0,0,0,0,0,0,0,0,0,0,0,,,,0,0,0,0,0,0,0,,0,0,0,0,0,0,0,,0,0,0,0,0,0,0,0,0,0,0.0,0.0,0,0,0.0,0.0,0.0,2025,6,,,,,,,,0,0,0.0,0.0,0.0,0.0,0.0,0,0.0,0.3333333333333333,0.3333333333333333,0.30250000000000005,0,0.0,0.0,0.0,0.0,0,0.0,0.0,0.0,0.0,0,0.0,0.0,0.0,0.0,0,0.0,0.0,0.0,0.0,,,,,,,,,,,0.0,0.0,0.0,0.0,0.0,0,0.0,0.0,0.0,0.0,0,0.0,0.0,0.0,0.0,0.0,0.0,0.0,0.0,0.0,0.0,-1.0,0.0,,,0.0,0.0,0.30250000000000005,-1.0,0.0,,0.0,0.0,-1.0,3.0,0.0,0.0,2.185036783639884,2.185036783639884,60.3025,Stable,,,['Limited recent opportunity'],Jason Brownlee,WR,,2.185036783639884,1.112858,2.185036783639884,8.0,backup,Depth chart: WR8. Higher-ranked teammate is active; recent usage is not treated as a starting role.,healthy_backup,0.18503678363988385
00-0038551,Kendre Miller,Kendre Miller,RB,RB,"https://static.www.nfl.com/image/upload/f_auto,q_auto/league/vclaomtslw55smksopku",2026,1,REG,2026_01_NO_DET,NO,LV,0,0,0,0,0,0,0,0,0,0,0,0,,,0,,0,0,0,0,9,30,1,0,0,2,0.7168979572597891,0,0,0,0,0,0,0,0,0,0,0,0,0,0,,0,0,0,0,0,,0.0,0.0,0.0,0,0,0,0,0,0,0,0.0,0.0,0,0,0,0,0,0,0,0,0,0,0,0,0,0,0,0,0,0,0,0,0,0,0,0,0,0,0,1,19,0,0,0,0,,,0,0,0,0,0,0,0,0,0,0,0,0,,,,0,0,0,0,0,0,0,,0,0,0,0,0,0,0,,0,0,0,0,0,0,0,0,0,0,9.0,9.0,0,0,9.0,6.0,3.0,2026,1,,,,,,1.0,0.6666666666666666,0,0,9.0,4.85,4.3,4.45,5.4740874999999996,0,0.0,0.3333333333333333,0.5,0.30250000000000005,9,5.0,6.0,7.0,7.05025,0,0.0,3.6666666666666665,4.75,2.8283750000000003,30,18.5,19.333333333333332,24.75,24.9125,0,0.0,0.3333333333333333,0.5,0.30250000000000005,,,,,,,,,,,6.0,3.0,2.0,1.5,2.6999999999999997,0,0.0,0.0,0.0,0.0,0,0.0,0.0,0.0,0.0,9.0,4.85,4.3,4.45,5.4740874999999996,0.7999999999999989,-1.0,-4.0,,,0.0,0.0,4.180137500000001,-3.2,1.3095472337931464,0.49323289041324236,0.32060137876860756,0.7999999999999989,-3.999999999999999,4.0,3.8204867191735152,1.7406755106064429,3.130753725112165,7.134307399506984,64.1801375,Stable,,,['Role is trending downward'],Kendre Miller,RB,,5.132530562309574,4.447667,5.132530562309574,3.0,backup,Depth chart: RB3. Higher-ranked teammate is active; recent usage is not treated as a starting role.,healthy_backup,0.13253056230957405
00-0040488,Carter Runyon,Carter Runyon,TE,TE,"https://static.www.nfl.com/image/upload/f_auto,q_auto/league/q8knlo3npxhjxiyyx4h6",2026,-1,REG,2025_16_LV_HOU,LV,NO,0,0,0,0,0,0,0,0,0,0,0,0,,,0,,0,0,0,0,0,0,0,0,0,0,,0,0,0,0,0,0,0,0,0,0,0,0,0,0,,0,0,0,0,0,,0.0,0.0,0.0,0,1,0,0,0,0,0,0.0,0.0,0,0,0,0,0,0,0,0,0,0,0,0,0,0,0,0,0,0,0,0,0,0,0,0,0,0,0,0,0,0,0,0,0,,,0,0,0,0,0,0,0,0,0,0,0,0,,,,0,0,0,0,0,0,0,,0,0,0,0,0,0,0,,0,0,0,0,0,0,0,0,0,0,0.0,0.0,0,0,0.0,0.0,0.0,2025,16,,,,,,,,0,0,0.0,0.0,0.10000000000000002,0.10000000000000002,0.09075000000000003,0,0.0,0.3333333333333333,0.3333333333333333,0.30250000000000005,0,0.0,0.0,0.0,0.0,0,0.0,1.0,1.0,0.9075000000000002,0,0.0,0.0,0.0,0.0,0,0.0,0.3333333333333333,0.3333333333333333,0.30250000000000005,,,,,,,,,,,0.0,0.0,0.0,0.0,0.0,0,0.0,0.0,0.0,0.0,0,0.0,0.0,0.0,0.0,0.0,0.0,0.10000000000000002,0.10000000000000002,0.09075000000000003,-0.30000000000000004,-1.0,0.0,,,0.0,0.0,0.30250000000000005,-1.0,0.30000000000000004,0.0,0.0,-0.30000000000000004,-0.7,3.0,0.0,0.047599264700203106,1.7637249117840899,1.873203220594557,60.3025,Stable,,,['Limited recent opportunity'],Carter Runyon,TE,,1.8184640661893234,1.0491321,1.8184640661893234,4.0,backup,Depth chart: TE4. Higher-ranked teammate is active; recent usage is not treated as a starting role.,healthy_backup,0.11846406618932348
00-0040432,Beaux Collins,Beaux Collins,WR,WR,"https://static.www.nfl.com/image/upload/f_auto,q_auto/league/fypzpyhv2bsvlcwp2ppo",2026,-1,REG,2025_08_NYG_PHI,NYG,TEN,0,0,0,0,0,0,0,0,0,0,0,0,,,0,,0,0,0,0,0,0,0,0,0,0,,0,0,0,0,0,1,2,18,0,0,0,22,4,1,0.598698511486873,0,1,1,0,0,0.8181818181818182,0.09090909090909091,0.09361702127659574,0.20189555125725336,0,0,0,0,0,0,0,0.0,0.0,0,0,0,0,0,0,0,0,0,0,0,0,0,0,0,0,0,0,0,0,0,0,0,0,0,0,0,0,0,0,0,0,0,,,0,0,0,0,0,0,0,0,0,0,0,0,,,,0,0,0,0,0,0,0,,0,0,0,0,0,0,0,,0,0,0,0,0,0,0,0,0,0,1.8,2.8,0,0,1.8,0.0,1.8,2025,8,,,,,0.9,,0.0,0,0,1.8,0.9,0.8333333333333334,0.8333333333333334,1.02175,2,1.5,2.0,2.0,2.055,0,0.0,0.0,0.0,0.0,18,9.0,8.333333333333334,8.333333333333334,10.217500000000001,0,0.0,0.0,0.0,0.0,1,0.5,0.6666666666666666,0.6666666666666666,0.7525,,,,,,,,,,,0.0,0.0,0.0,0.0,0.0,0,0.0,0.0,0.0,0.0,0,0.0,0.0,0.0,0.0,1.8,0.9,0.8333333333333334,0.8333333333333334,1.02175,0.19999999999999996,-1.5,0.0,,,0.0,0.0,2.055,-1.5,0.4972019464720194,0.0,0.0,0.19999999999999996,-1.7,3.0,0.42138333333333333,0.3676561210334099,2.823263126938868,3.6688722053157106,62.055,Stable,,,['Limited recent opportunity'],Beaux Collins,WR,,3.2460676661272894,2.613264,3.2460676661272894,6.0,backup,Depth chart: WR6. Higher-ranked teammate is active; recent usage is not treated as a starting role.,healthy_backup,0.04606766612728941
00-0039792,Devontez Walker,Devontez Walker,WR,WR,"https://static.www.nfl.com/image/upload/f_auto,q_auto/league/x3x3k5ispk44ms0f7vrv",2026,-1,REG,2025_18_BAL_PIT,BAL,DAL,0,0,0,0,0,0,0,0,0,0,0,0,,,0,,0,0,0,0,0,0,0,0,0,0,,0,0,0,0,0,2,2,46,1,0,0,25,21,1,7.0201085963635705,0,1,1,1,0,1.84,0.11764705882352941,0.14124293785310735,0.2753406447324692,0,0,0,0,0,0,0,0.0,0.0,0,0,0,0,0,0,0,0,0,0,0,0,0,0,0,0,0,0,1,5,0,0,0,0,0,0,0,0,0,0,0,0,0,,,0,0,0,0,0,0,0,0,0,0,0,0,,,,0,0,0,0,0,0,0,,0,0,0,0,0,0,0,,0,0,0,0,0,0,0,0,0,0,10.600000000000001,12.600000000000001,0,0,10.600000000000001,6.0,4.600000000000001,2025,18,,,,,5.300000000000001,,0.5660377358490565,0,0,10.600000000000001,5.300000000000001,3.5333333333333337,3.5333333333333337,4.7700000000000005,2,1.0,1.3333333333333333,1.3333333333333333,1.505,0,0.0,0.0,0.0,0.0,46,23.0,15.333333333333334,15.333333333333334,20.7,0,0.0,0.0,0.0,0.0,2,1.0,0.6666666666666666,0.6666666666666666,0.8999999999999999,,,,,,,,,,,6.0,3.0,2.0,2.0,2.6999999999999997,0,0.0,0.0,0.0,0.0,0,0.0,0.0,0.0,0.0,10.600000000000001,5.300000000000001,3.5333333333333337,3.5333333333333337,4.7700000000000005,5.300000000000001,-1.0,0.0,,,0.0,0.0,1.505,-1.0,3.1694352159468444,0.5660377358490565,0.3679245283018867,5.300000000000001,-6.300000000000001,3.0,3.693257861635221,2.6194370896562242,0.0,6.019262134872564,60.88556291034378,TD-dependent production,,,"['Limited recent opportunity', 'Recent production is improving', 'Production has significant TD dependence']",Devontez Walker,WR,,3.0069094817679063,2.4389172,3.0069094817679063,3.0,backup,Depth chart: WR3. Higher-ranked teammate is active; recent usage is not treated as a starting role.,healthy_backup,0.006909481767906289
00-0034955,Brett Rypien,Brett Rypien,QB,QB,"https://static.www.nfl.com/image/upload/f_auto,q_auto/league/aagqym9xmd5rligbbacq",2026,-1,REG,2025_03_CIN_MIN,CIN,PIT,0,0,0,0,0,1,-2,0,0,0,0,0,-1.2378779940772802,,0,,0,0,0,0,0,0,0,0,0,0,,0,0,0,0,0,0,0,0,0,0,0,0,0,0,,0,0,0,0,0,,0.0,0.0,0.0,0,0,0,0,0,0,0,0.0,0.0,0,0,0,0,0,0,0,0,0,0,0,0,0,0,0,0,0,0,0,0,0,0,0,0,0,0,0,0,0,0,0,0,0,,,0,0,0,0,0,0,0,0,0,0,0,0,,,,0,0,0,0,0,0,0,,0,0,0,0,0,0,0,,0,0,0,0,0,0,0,0,0,0,0.0,0.0,0,0,0.0,0.0,0.0,2025,3,,,,,,,,0,0,0.0,0.0,0.0,0.0,0.0,0,0.0,0.0,0.0,0.0,0,0.0,0.0,0.0,0.0,0,0.0,0.0,0.0,0.0,0,0.0,0.0,0.0,0.0,0,0.0,0.0,0.0,0.0,,,,,,,,,,,0.0,0.0,0.0,0.0,0.0,0,0.0,0.0,0.0,0.0,0,0.0,0.0,0.0,0.0,0.0,0.0,0.0,0.0,0.0,,,,,,,,0.0,0.0,,,0.0,,0.0,1.0,0.0,0.0,0.0,0.0,,Stable,,,['Limited recent opportunity'],Brett Rypien,QB,,0.0,0.0,11.084084821012164,3.0,backup,Depth chart: QB3. Higher-ranked teammate is active; recent usage is not treated as a starting role.,healthy_backup,0.0
00-0039577,Kedon Slovis,Kedon Slovis,QB,QB,"https://static.www.nfl.com/image/upload/f_auto,q_auto/league/hkvrcpwl9tm41jr3b0x3",2026,-1,REG,2025_12_JAX_ARI,ARI,SF,1,1,-2,0,0,0,0,0,0,-2,0,0,-1.5264001602772623,10.512936115264893,0,0.0,0,0,0,0,0,0,0,0,0,0,,0,0,0,0,0,0,0,0,0,0,0,0,0,0,,0,0,0,0,0,,0.0,0.0,0.0,0,0,0,0,0,0,0,0.0,0.0,0,0,0,0,0,0,0,0,0,0,0,0,0,0,0,0,0,0,0,0,0,0,0,0,0,0,0,0,0,0,0,0,0,,,0,0,0,0,0,0,0,0,0,0,0,0,,,,0,0,0,0,0,0,0,,0,0,0,0,0,0,0,,0,0,0,0,0,0,0,0,0,0,-0.08,-0.08,0,0,-0.08,0.0,-0.08,2025,12,,,,,,,0.0,0,0,-0.08,-0.04,-0.04,-0.04,-0.036,0,0.0,0.0,0.0,0.0,0,0.0,0.0,0.0,0.0,0,0.0,0.0,0.0,0.0,0,0.0,0.0,0.0,0.0,0,0.0,0.0,0.0,0.0,,,,,,,,,,,0.0,0.0,0.0,0.0,0.0,0,0.0,0.0,0.0,0.0,0,0.0,0.0,0.0,0.0,-0.08,-0.04,-0.04,-0.04,-0.036,,,,,,,,0.0,0.0,,0.0,0.0,,0.0,2.0,0.0,0.016473008225579202,0.0,0.0,,Stable,,,['Limited recent opportunity'],Kedon Slovis,QB,,0.0,0.0,11.064466800941576,4.0,backup,Depth chart: QB4. Higher-ranked teammate is active; recent usage is not treated as a starting role.,healthy_backup,0.0
00-0036679,Shane Buechele,Shane Buechele,QB,QB,"https://static.www.nfl.com/image/upload/f_auto,q_auto/league/kmbuzxucmmytpuoy8yfc",2026,-1,REG,2025_18_KC_LV,KC,MIA,7,14,88,0,0,5,-22,0,0,138,28,4,-6.825472935443697,-16.771898361352775,0,0.6376811594202898,3,1,1,1,1,4,0,0,0,0,-0.834705842891708,0,0,0,0,0,0,0,0,0,0,0,0,0,0,,0,0,0,0,0,,0.0,0.0,0.0,0,0,0,0,0,0,0,0.0,0.0,0,0,0,0,0,0,0,0,0,0,0,0,0,0,-1,0,0,0,0,0,0,0,0,0,0,0,0,0,0,0,0,0,0,,,0,0,0,0,0,0,0,0,0,0,0,0,,,,0,0,0,0,0,0,0,,0,0,0,0,0,0,0,,0,0,0,0,0,0,0,0,0,0,3.92,3.92,0,0,3.92,0.0,3.92,2025,18,,,,,,3.92,0.0,0,0,3.92,3.92,3.92,3.92,3.92,0,0.0,0.0,0.0,0.0,1,1.0,1.0,1.0,1.0,0,0.0,0.0,0.0,0.0,4,4.0,4.0,4.0,4.0,0,0.0,0.0,0.0,0.0,,,,,,,,,,,0.0,0.0,0.0,0.0,0.0,0,0.0,0.0,0.0,0.0,0,0.0,0.0,0.0,0.0,3.92,3.92,3.92,3.92,3.92,,,,,,,,0.55,0.0,7.127272727272727,0.0,0.0,,0.0,1.0,0.0,4.440892098500626e-16,0.0,0.0,,Stable,,,['Limited recent opportunity'],Shane Buechele,QB,,0.0,0.0,13.502859269546892,3.0,backup,Depth chart: QB3. Higher-ranked teammate is active; recent usage is not treated as a starting role.,healthy_backup,0.0
00-0034577,Kyle Allen,Kyle Allen,QB,QB,"https://static.www.nfl.com/image/upload/f_auto,q_auto/league/s3vbqdcoc6oc6yh460v9",2026,-1,REG,2025_10_DET_WAS,DET,NYJ,0,2,0,0,0,0,0,0,0,10,0,0,-1.3552653677443862,-63.74935805797577,0,0.0,0,0,0,0,1,-1,0,0,0,0,0.0,0,0,0,0,0,0,0,0,0,0,0,0,0,0,,0,0,0,0,0,,0.0,0.0,0.0,0,0,0,0,0,0,0,0.0,0.0,0,0,0,0,0,0,0,0,0,0,0,0,0,0,0,0,0,0,0,0,0,0,0,0,0,0,0,0,0,0,0,0,0,,,0,0,0,0,0,0,0,0,0,0,0,0,,,,0,0,0,0,0,0,0,,0,0,0,0,0,0,0,,0,0,0,0,0,0,0,0,0,0,-0.1,-0.1,0,0,-0.1,0.0,-0.1,2025,10,,,,,,-0.1,0.0,0,0,-0.1,-0.15000000000000002,-0.15000000000000002,-0.15000000000000002,-0.15500000000000003,0,0.0,0.0,0.0,0.0,1,1.5,1.5,1.5,1.55,0,0.0,0.0,0.0,0.0,-1,-1.5,-1.5,-1.5,-1.55,0,0.0,0.0,0.0,0.0,,,,,,,,,,,0.0,0.0,0.0,0.0,0.0,0,0.0,0.0,0.0,0.0,0,0.0,0.0,0.0,0.0,-0.1,-0.15000000000000002,-0.15000000000000002,-0.15000000000000002,-0.15500000000000003,,,,,,,,0.8525000000000001,0.0,-0.18181818181818182,0.0,0.0,,0.0,2.0,0.0,0.020591260281974007,0.0,0.0,,Stable,,,['Limited recent opportunity'],Kyle Allen,QB,,0.0,0.0,11.309161417734535,2.0,backup,Depth chart: QB2. Higher-ranked teammate is active; recent usage is not treated as a starting role.,healthy_backup,0.0
00-0038658,Adrian Martinez,Adrian Martinez,QB,QB,"https://static.www.nfl.com/image/upload/f_auto,q_auto/league/w0ehlpfwk70tqpswllwv",2026,-1,REG,2025_09_SF_NYG,SF,ARI,0,0,0,0,0,0,0,0,0,0,0,0,,,0,,0,0,0,0,1,-1,0,0,0,0,-2.324388109263964,0,0,0,0,0,0,0,0,0,0,0,0,0,0,,0,0,0,0,0,,0.0,0.0,0.0,0,0,0,0,0,0,0,0.0,0.0,0,0,0,0,0,0,0,0,0,0,0,0,0,0,0,0,0,0,0,0,0,0,0,0,0,0,0,0,0,0,0,0,0,,,0,0,0,0,0,0,0,0,0,0,0,0,,,,0,0,0,0,0,0,0,,0,0,0,0,0,0,0,,0,0,0,0,0,0,0,0,0,0,-0.1,-0.1,0,0,-0.1,0.0,-0.1,2025,9,,,,,,-0.1,0.0,0,0,-0.1,-0.1,-0.1,-0.1,-0.1,0,0.0,0.0,0.0,0.0,1,1.0,1.0,1.0,1.0,0,0.0,0.0,0.0,0.0,-1,-1.0,-1.0,-1.0,-1.0,0,0.0,0.0,0.0,0.0,,,,,,,,,,,0.0,0.0,0.0,0.0,0.0,0,0.0,0.0,0.0,0.0,0,0.0,0.0,0.0,0.0,-0.1,-0.1,-0.1,-0.1,-0.1,,,,,,,,0.55,0.0,-0.18181818181818182,0.0,0.0,,0.0,1.0,0.0,0.0,0.0,0.0,,Stable,,,['Limited recent opportunity'],Adrian Martinez,QB,,0.0,0.0,11.20314971367052,4.0,backup,Depth chart: QB4. Higher-ranked teammate is active; recent usage is not treated as a starting role.,healthy_backup,0.0
00-0038416,Tyson Bagent,Tyson Bagent,QB,QB,"https://static.www.nfl.com/image/upload/f_auto,q_auto/league/ymimvligfyrucu0v3p6a",2026,-1,REG,2025_09_CHI_CIN,CHI,PHI,1,1,20,0,0,0,0,0,0,-5,25,1,1.4088159858365543,39.92723226547241,0,0.0,1,1,1,0,0,0,0,0,0,0,,0,0,0,0,0,0,0,0,0,0,0,0,0,0,,0,0,0,0,0,,0.0,0.0,0.0,0,0,0,0,0,0,0,0.0,0.0,0,0,0,0,0,0,0,0,0,0,0,0,0,0,0,0,0,0,0,0,0,0,0,0,0,0,0,0,0,0,0,0,0,,,0,0,0,0,0,0,0,0,0,0,0,0,,,,0,0,0,0,0,0,0,,0,0,0,0,0,0,0,,0,0,0,0,0,0,0,0,0,0,0.8,0.8,0,0,0.8,0.0,0.8,2025,9,,,,,,,0.0,0,0,0.8,1.29,1.29,1.29,1.3390000000000002,0,0.0,0.0,0.0,0.0,0,1.0,1.0,1.0,1.1,0,0.0,0.0,0.0,0.0,0,3.5,3.5,3.5,3.8500000000000005,0,0.0,0.0,0.0,0.0,,,,,,,,,,,0.0,0.0,0.0,0.0,0.0,0,0.0,0.0,0.0,0.0,0,0.0,0.0,0.0,0.0,0.8,1.29,1.29,1.29,1.3390000000000002,,,,,,,,0.6050000000000001,0.0,2.2132231404958675,0.0,0.0,,0.0,2.0,0.0,0.20179435076334523,0.0,0.0,,Stable,,,['Limited recent opportunity'],Tyson Bagent,QB,,0.0,0.0,12.130810223256441,2.0,backup,Depth chart: QB2. Higher-ranked teammate is active; recent usage is not treated as a starting role.,healthy_backup,0.0
00-0032434,Brandon Allen,Brandon Allen,QB,QB,"https://static.www.nfl.com/image/upload/f_auto,q_auto/league/zljq6177ohvxucfq7fl9",2026,-1,REG,2025_18_TEN_JAX,TEN,NYG,17,30,72,0,1,1,-7,0,0,109,80,3,-24.02839085522935,-13.082239627838135,0,0.6605504587155964,3,1,1,0,0,0,0,0,0,0,,0,0,0,0,0,0,0,0,0,0,0,0,0,0,,0,0,0,0,0,,0.0,0.0,0.0,0,0,0,0,0,0,0,0.0,0.0,0,0,0,0,0,0,0,0,0,0,0,0,0,0,0,0,0,0,0,0,0,0,0,0,0,0,0,0,0,0,0,0,0,,,0,0,0,0,0,0,0,0,0,0,0,0,,,,0,0,0,0,0,0,0,,0,0,0,0,0,0,0,,0,0,0,0,0,0,0,0,0,0,0.8799999999999999,0.8799999999999999,0,0,2.88,0.0,2.88,2025,18,,,,,,,0.0,0,0,2.88,2.88,2.88,2.88,2.88,0,0.0,0.0,0.0,0.0,0,0.0,0.0,0.0,0.0,0,0.0,0.0,0.0,0.0,0,0.0,0.0,0.0,0.0,0,0.0,0.0,0.0,0.0,,,,,,,,,,,0.0,0.0,0.0,0.0,0.0,0,0.0,0.0,0.0,0.0,0,0.0,0.0,0.0,0.0,2.88,2.88,2.88,2.88,2.88,,,,,,,,0.0,0.0,,0.0,0.0,,0.0,1.0,0.0,0.0,0.0,0.0,,Stable,,,['Limited recent opportunity'],Brandon Allen,QB,,0.0,0.0,12.744059143475077,3.0,backup,Depth chart: QB3. Higher-ranked teammate is active; recent usage is not treated as a starting role.,healthy_backup,0.0
00-0038579,Aidan O'Connell,Aidan O'Connell,QB,QB,"https://static.www.nfl.com/image/upload/f_auto,q_auto/league/bcejxo7ofgk5pszhup12",2026,-1,REG,2025_18_KC_LV,LV,NO,10,22,102,0,0,1,-5,0,0,184,31,5,-5.86369217034538,-23.571797934445467,0,0.5543478260869565,5,3,2,0,1,7,0,0,0,0,0.15677049686200917,0,0,0,0,0,0,0,0,0,0,0,0,0,0,,0,0,0,0,0,,0.0,0.0,0.0,0,0,0,0,0,0,0,0.0,0.0,0,0,0,0,0,0,0,0,0,0,0,0,0,0,0,0,0,0,0,0,0,0,0,0,0,0,0,0,0,0,0,0,0,,,0,0,0,0,0,0,0,0,0,0,0,0,,,,0,0,0,0,0,0,0,,0,0,0,0,0,0,0,,0,0,0,0,0,0,0,0,0,0,4.78,4.78,0,0,4.78,0.0,4.78,2025,18,,,,,,4.78,0.0,0,0,4.78,4.78,4.78,4.78,4.78,0,0.0,0.0,0.0,0.0,1,1.0,1.0,1.0,1.0,0,0.0,0.0,0.0,0.0,7,7.0,7.0,7.0,7.0,0,0.0,0.0,0.0,0.0,,,,,,,,,,,0.0,0.0,0.0,0.0,0.0,0,0.0,0.0,0.0,0.0,0,0.0,0.0,0.0,0.0,4.78,4.78,4.78,4.78,4.78,,,,,,,,0.55,0.0,8.690909090909091,0.0,0.0,,0.0,1.0,0.0,0.0,0.0,0.0,,Stable,,,['Limited recent opportunity'],Aidan O'Connell,QB,,0.0,0.0,13.98814328485659,3.0,backup,Depth chart: QB3. Higher-ranked teammate is active; recent usage is not treated as a starting role.,healthy_backup,0.0
00-0039164,Anthony Richardson,Anthony Richardson,QB,QB,"https://static.www.nfl.com/image/upload/f_auto,q_auto/league/wrddeyklfcgk9qybgofq",2026,-1,REG,2025_05_LV_IND,IND,HOU,1,2,9,0,0,0,0,0,0,31,7,1,-1.2116199531592429,-8.090043067932129,0,0.2903225806451613,0,0,0,0,0,0,0,0,0,0,,0,0,0,0,0,1,1,9,0,0,0,2,7,1,0.45754102151840925,0,0,0,0,0,4.5,0.03225806451612903,0.00749063670411985,0.05363054246707744,0,0,0,0,0,0,0,0.0,0.0,0,0,0,0,0,0,0,0,0,0,0,0,0,0,0,0,0,0,0,0,0,0,0,0,0,0,0,0,0,0,0,0,0,,,0,0,0,0,0,0,0,0,0,0,0,0,,,,0,0,0,0,0,0,0,,0,0,0,0,0,0,0,,0,0,0,0,0,0,0,0,0,0,1.26,2.26,0,0,1.26,0.0,1.26,2025,5,,,,,1.26,,0.0,0,0,1.26,0.58,0.58,0.58,0.5119999999999999,1,0.5,0.5,0.5,0.44999999999999996,0,2.0,2.0,2.0,2.2,9,4.5,4.5,4.5,4.05,0,-0.5,-0.5,-0.5,-0.55,1,0.5,0.5,0.5,0.44999999999999996,,,,,,,,,,,0.0,0.0,0.0,0.0,0.0,0,0.0,0.0,0.0,0.0,0,0.0,0.0,0.0,0.0,1.26,0.58,0.58,0.58,0.5119999999999999,,,,,,,,1.6600000000000001,0.0,0.30843373493975895,0.0,0.0,,0.0,2.0,0.0,0.2800411398348464,0.0,0.0,,Stable,,,['Limited recent opportunity'],Anthony Richardson,QB,,0.0,0.0,11.908871099751966,2.0,backup,Depth chart: QB2. Higher-ranked teammate is active; recent usage is not treated as a starting role.,healthy_backup,0.0
00-0039107,Stetson Bennett,Stetson Bennett,QB,QB,"https://static.www.nfl.com/image/upload/f_auto,q_auto/league/s0eo3fstv6rkitzbefzu",2026,1,REG,2026_01_SF_LA,LAR,DEN,2,3,13,0,0,0,0,0,0,23,3,1,0.1888701870921068,-5.17047643661499,0,0.5652173913043478,0,0,0,0,1,9,0,0,0,1,0.8319067888660356,0,0,0,0,0,0,0,0,0,0,0,0,0,0,,0,0,0,0,0,,0.0,0.0,0.0,0,0,0,0,0,0,0,0.0,0.0,0,0,0,0,0,0,0,0,0,0,0,0,0,0,0,0,0,0,0,0,0,0,0,0,0,0,0,0,0,0,0,0,0,,,0,0,0,0,0,0,0,0,0,0,0,0,,,,0,0,0,0,0,0,0,,0,0,0,0,0,0,0,,0,0,0,0,0,0,0,0,0,0,1.42,1.42,0,0,1.42,0.0,1.42,2026,1,,,,,,1.42,0.0,0,0,1.42,1.42,1.42,1.42,1.42,0,0.0,0.0,0.0,0.0,1,1.0,1.0,1.0,1.0,0,0.0,0.0,0.0,0.0,9,9.0,9.0,9.0,9.0,0,0.0,0.0,0.0,0.0,,,,,,,,,,,0.0,0.0,0.0,0.0,0.0,0,0.0,0.0,0.0,0.0,0,0.0,0.0,0.0,0.0,1.42,1.42,1.42,1.42,1.42,,,,,,,,0.55,0.0,2.5818181818181816,0.0,0.0,,0.0,1.0,0.0,0.0,0.0,0.0,,Stable,,,['Limited recent opportunity'],Stetson Bennett,QB,,0.0,0.0,12.044571400958615,2.0,backup,Depth chart: QB2. Higher-ranked teammate is active; recent usage is not treated as a starting role.,healthy_backup,0.0
00-0035264,Jarrett Stidham,Jarrett Stidham,QB,QB,"https://static.www.nfl.com/image/upload/f_auto,q_auto/league/uzdn86skeienyyqxyiuw",2026,-1,POST,2025_21_NE_DEN,DEN,LAR,17,31,133,1,1,3,-31,1,1,182,72,8,-15.533969123045152,-5.823332512820208,0,0.7307692307692307,4,1,1,1,4,23,0,0,0,0,0.04921675049473406,0,0,0,0,0,0,0,0,0,0,0,0,0,0,,0,0,0,0,0,,0.0,0.0,0.0,0,0,0,0,0,0,0,0.0,0.0,0,0,0,0,0,0,0,0,0,0,0,0,0,0,0,0,0,0,0,0,1,0,0,1,1,0,0,0,0,0,0,0,0,,,0,0,0,0,0,0,0,0,0,0,0,0,,,,0,0,0,0,0,0,0,,0,0,0,0,0,0,0,,0,0,0,0,0,0,0,0,0,0,7.620000000000001,7.620000000000001,0,0,13.620000000000001,6.0,7.620000000000001,2025,21,,,,,,3.4050000000000002,0.44052863436123346,0,0,13.620000000000001,6.760000000000001,6.760000000000001,6.760000000000001,6.074,0,0.0,0.0,0.0,0.0,4,2.5,2.5,2.5,2.3499999999999996,0,0.0,0.0,0.0,0.0,23,11.0,11.0,11.0,9.799999999999999,0,0.0,0.0,0.0,0.0,,,,,,,,,,,6.0,3.0,3.0,3.0,2.6999999999999997,0,0.0,0.0,0.0,0.0,0,0.0,0.0,0.0,0.0,13.620000000000001,6.760000000000001,6.760000000000001,6.760000000000001,6.074,,,,,,,,1.2925,0.0,4.699419729206963,0.4445176160684886,0.2889364504445176,,0.0,2.0,0.0,2.825120910686833,0.0,0.0,,Stable,,,['Limited recent opportunity'],Jarrett Stidham,QB,,0.0,0.0,13.303717694313978,2.0,backup,Depth chart: QB2. Higher-ranked teammate is active; recent usage is not treated as a starting role.,healthy_backup,0.0
00-0032268,Marcus Mariota,Marcus Mariota,QB,QB,"https://static.www.nfl.com/image/upload/f_auto,q_auto/league/grx6m1fmu1odltjo3y31",2026,-1,REG,2025_16_PHI_WAS,WAS,SEA,7,14,95,0,0,1,-2,0,0,148,36,5,-3.442249201577047,-4.742777595917384,0,0.6418918918918919,3,2,2,1,1,-1,0,0,0,0,0.0,0,0,0,0,0,0,0,0,0,0,0,0,0,0,,0,0,0,0,0,,0.0,0.0,0.0,0,0,0,0,0,0,0,0.0,0.0,0,0,0,0,0,0,0,0,0,0,0,0,0,0,0,0,0,0,0,0,0,0,0,0,0,0,0,0,0,0,0,0,0,,,0,0,0,0,0,0,0,0,0,0,0,0,,,,0,0,0,0,0,0,0,,0,0,0,0,0,0,0,,0,0,0,0,0,0,0,0,0,0,3.7,3.7,0,0,3.7,0.0,3.7,2025,16,,,,,,3.7,0.0,0,0,3.7,11.219999999999999,7.446666666666665,7.446666666666665,6.2729,0,0.0,0.0,0.0,0.0,1,5.5,4.333333333333333,4.333333333333333,3.5300000000000002,0,0.0,0.0,0.0,0.0,-1,21.0,16.333333333333332,16.333333333333332,12.31,0,0.0,0.0,0.0,0.0,,,,,,,,,,,0.0,3.0,2.0,2.0,1.4849999999999999,0,0.0,0.0,0.0,0.0,0,0.0,0.0,0.0,0.0,3.7,11.219999999999999,7.446666666666665,7.446666666666665,6.2729,11.319999999999999,0.0,3.5,,,0.0,0.0,1.9415000000000002,1.9250000000000003,3.2309554468194692,0.23673261171069201,0.15387619761194982,11.319999999999999,-9.394999999999998,3.0,0.0,2.424463489571799,0.0,0.0,61.5170365104282,Momentum confirmed,,,"['Limited recent opportunity', 'Recent production is improving']",Marcus Mariota,QB,,0.0,0.0,14.534151609770653,2.0,backup,Depth chart: QB2. Higher-ranked teammate is active; recent usage is not treated as a starting role.,healthy_backup,-0.07499999999999973
00-0037012,Trey Lance,Trey Lance,QB,QB,"https://static.www.nfl.com/image/upload/f_auto,q_auto/league/j3psmvvxo13kmbgi60ej",2026,-1,REG,2025_18_LAC_DEN,LAC,BUF,20,44,136,0,1,4,-32,1,1,395,69,7,-31.4968801013859,-11.003399287399493,0,0.34430379746835443,4,3,0,0,9,69,0,0,0,4,3.1848307533655316,0,4,2,1,0,0,0,0,0,0,0,0,0,0,,0,0,0,0,0,,0.0,0.0,0.0,0,0,0,0,0,0,0,0.0,0.0,0,0,0,0,0,0,0,0,0,0,0,0,0,0,0,0,0,0,0,0,1,0,0,1,1,0,0,0,0,0,0,0,0,,,0,0,0,0,0,0,0,0,0,0,0,0,,,,0,0,0,0,0,0,0,,0,0,0,0,0,0,0,,0,0,0,0,0,0,0,0,0,0,8.34,8.34,0,0,12.34,0.0,12.34,2025,18,,,,,,1.3711111111111112,0.0,0,0,12.34,6.55,4.8933333333333335,4.8933333333333335,6.219049999999999,0,0.0,0.0,0.0,0.0,9,6.5,5.333333333333333,5.333333333333333,5.9475,0,0.0,0.0,0.0,0.0,69,36.5,24.666666666666668,24.666666666666668,32.342499999999994,0,0.0,0.0,0.0,0.0,,,,,,,,,,,0.0,0.0,0.0,0.0,0.0,0,0.0,0.0,0.0,0.0,0,0.0,0.0,0.0,0.0,12.34,6.55,4.8933333333333335,4.8933333333333335,6.219049999999999,4.97,0.0,3.5,,,0.0,0.0,3.271125,1.9250000000000003,1.9011960716878746,0.0,0.0,4.97,-3.0449999999999995,3.0,0.0,2.7641236147707526,0.0,0.0,62.507001385229245,Momentum confirmed,,,['Recent production is improving'],Trey Lance,QB,,0.0,0.0,15.091467104698925,2.0,backup,Depth chart: QB2. Higher-ranked teammate is active; recent usage is not treated as a starting role.,healthy_backup,-0.07499999999999973
00-0036972,Mac Jones,Mac Jones,QB,QB,"https://static.www.nfl.com/image/upload/f_auto,q_auto/league/mbdwfwiuhl0ib5ajtmzq",2026,-1,POST,2025_20_SF_SEA,SF,ARI,2,4,4,0,0,0,0,0,0,38,0,0,-2.639275725465268,-18.267618864774704,0,0.10526315789473684,0,0,0,0,1,7,0,0,0,1,1.341209875419736,0,0,0,0,0,0,0,0,0,0,0,0,0,0,,0,0,0,0,0,,0.0,0.0,0.0,0,0,0,0,0,0,0,0.0,0.0,0,0,0,0,0,0,0,0,0,0,0,0,0,0,0,0,0,0,0,0,0,0,0,0,0,0,0,0,0,0,0,0,0,,,0,0,0,0,0,0,0,0,0,0,0,0,,,,0,0,0,0,0,0,0,,0,0,0,0,0,0,0,,0,0,0,0,0,0,0,0,0,0,0.8600000000000001,0.8600000000000001,0,0,0.8600000000000001,0.0,0.8600000000000001,2025,20,,,,,,0.8600000000000001,0.0,0,0,0.8600000000000001,0.28,0.25333333333333335,0.25333333333333335,0.37325,0,0.0,0.0,0.0,0.0,1,2.0,2.0,2.0,1.7975,0,0.0,0.0,0.0,0.0,7,2.0,2.0,2.0,3.0124999999999997,0,0.0,0.0,0.0,0.0,,,,,,,,,,,0.0,0.0,0.0,0.0,0.0,0,0.0,0.0,0.0,0.0,0,0.0,0.0,0.0,0.0,0.8600000000000001,0.28,0.25333333333333335,0.25333333333333335,0.37325,0.08000000000000002,0.0,0.0,,,0.0,0.0,0.9886250000000001,0.0,0.37754456947781007,0.0,0.0,0.08000000000000002,-0.08000000000000002,3.0,0.0,0.2322319745426973,0.0,0.0,60.988625,Stable,,,['Limited recent opportunity'],Mac Jones,QB,,0.0,0.0,11.566595642045547,2.0,backup,Depth chart: QB2. Higher-ranked teammate is active; recent usage is not treated as a starting role.,healthy_backup,-0.08000000000000002
00-0033319,Nick Mullens,Nick Mullens,QB,QB,"https://static.www.nfl.com/image/upload/f_auto,q_auto/league/haxwyajgngz6quuyqg19",2026,1,REG,2026_01_CLE_JAX,JAX,NE,0,0,0,0,0,0,0,0,0,0,0,0,,,0,,0,0,0,0,3,-3,0,0,0,0,0.0,0,0,0,0,0,0,0,0,0,0,0,0,0,0,,0,0,0,0,0,,0.0,0.0,0.0,0,0,0,0,0,0,0,0.0,0.0,0,0,0,0,0,0,0,0,0,0,0,0,0,0,0,0,0,0,0,0,0,0,0,0,0,0,0,0,0,0,0,0,0,,,0,0,0,0,0,0,0,0,0,0,0,0,,,,0,0,0,0,0,0,0,,0,0,0,0,0,0,0,,0,0,0,0,0,0,0,0,0,0,-0.30000000000000004,-0.30000000000000004,0,0,-0.30000000000000004,0.0,-0.30000000000000004,2026,1,,,,,,-0.10000000000000002,0.0,0,0,-0.30000000000000004,0.06999999999999998,-0.020000000000000028,-0.010000000000000023,-0.04999750000000003,0,0.0,0.0,0.0,0.0,3,3.0,3.0,3.0,3.0,0,0.0,0.0,0.0,0.0,-3,-2.5,-2.3333333333333335,-2.0,-2.283625,0,0.0,0.0,0.0,0.0,,,,,,,,,,,0.0,0.0,0.0,0.0,0.0,0,0.0,0.0,0.0,0.0,0,0.0,0.0,0.0,0.0,-0.30000000000000004,0.06999999999999998,-0.020000000000000028,-0.010000000000000023,-0.04999750000000003,0.15999999999999998,0.0,0.0,,,0.0,0.0,1.6500000000000001,0.0,-0.030301515151515166,0.0,0.0,0.15999999999999998,-0.15999999999999998,4.0,0.0,0.1254432620789176,0.0,0.0,61.65,Stable,,,['Limited recent opportunity'],Nick Mullens,QB,,0.0,0.0,11.594298872227132,2.0,backup,Depth chart: QB2. Higher-ranked teammate is active; recent usage is not treated as a starting role.,healthy_backup,-0.15999999999999998
00-0033949,Joshua Dobbs,Joshua Dobbs,QB,QB,"https://static.www.nfl.com/image/upload/f_auto,q_auto/league/twaqqjexyi0vgyfbvzis",2026,-1,REG,2025_18_MIA_NE,NE,JAX,3,4,23,0,0,0,0,0,0,50,23,1,0.09337455278728157,8.60074982047081,0,0.46,1,1,1,0,3,0,0,0,0,0,-4.858647368673701,0,0,0,0,0,0,0,0,0,0,0,0,0,0,,0,0,0,0,0,,0.0,0.0,0.0,0,0,0,0,0,0,0,0.0,0.0,0,0,0,0,0,0,0,0,0,0,0,0,0,0,0,0,0,0,0,0,0,0,0,0,0,0,0,0,0,0,0,0,0,,,0,0,0,0,0,0,0,0,0,0,0,0,,,,0,0,0,0,0,0,0,,0,0,0,0,0,0,0,,0,0,0,0,0,0,0,0,0,0,0.92,0.92,0,0,0.92,0.0,0.92,2025,18,,,,,,0.3066666666666667,0.0,0,0,0.92,1.01,0.7666666666666666,0.7666666666666666,0.77095,0,0.0,0.0,0.0,0.0,3,2.5,2.3333333333333335,2.3333333333333335,2.45,0,0.0,0.0,0.0,0.0,0,-0.5,-1.0,-1.0,-0.8525000000000001,0,0.0,0.0,0.0,0.0,,,,,,,,,,,0.0,0.0,0.0,0.0,0.0,0,0.0,0.0,0.0,0.0,0,0.0,0.0,0.0,0.0,0.92,1.01,0.7666666666666666,0.7666666666666666,0.77095,0.73,0.0,0.5,,,0.0,0.0,1.3475000000000001,0.275,0.5721335807050092,0.0,0.0,0.73,-0.45499999999999996,3.0,0.0,0.1005866677712973,0.0,0.0,61.3475,Stable,,,['Limited recent opportunity'],Joshua Dobbs,QB,,0.0,0.0,11.93078883009985,2.0,backup,Depth chart: QB2. Higher-ranked teammate is active; recent usage is not treated as a starting role.,healthy_backup,-0.17999999999999994
00-0035140,Mecole Hardman,Mecole Hardman,WR,WR,"https://static.www.nfl.com/image/upload/f_auto,q_auto/league/mswmia17pkencx01nswj",2026,-1,POST,2025_20_BUF_DEN,BUF,LAC,0,0,0,0,0,0,0,0,0,0,0,0,,,0,,0,0,0,0,0,0,0,0,0,0,,0,0,0,0,0,1,2,4,1,0,0,23,2,1,0.8255936430650763,0,0,0,0,0,0.17391304347826086,0.05128205128205128,0.06388888888888888,0.12164529914529915,0,0,0,0,0,0,0,0.0,0.0,0,0,0,0,0,0,0,0,0,0,0,0,0,0,0,0,0,0,0,0,0,0,0,0,0,0,0,1,22,0,0,0,0,,,0,0,0,0,0,0,0,0,0,0,0,0,,,,0,0,0,0,0,0,0,,0,0,0,0,0,0,0,,0,0,0,0,0,0,0,0,0,0,6.4,7.4,0,0,6.4,6.0,0.40000000000000036,2025,20,,,,,3.2,,0.9375,0,0,6.4,3.2,2.1333333333333333,2.1333333333333333,2.88,2,1.0,1.0,1.0,1.2025,0,0.0,0.0,0.0,0.0,4,2.0,1.3333333333333333,1.3333333333333333,1.7999999999999998,0,0.0,0.0,0.0,0.0,1,0.5,0.3333333333333333,0.3333333333333333,0.44999999999999996,,,,,,,,,,,6.0,3.0,2.0,2.0,2.6999999999999997,0,0.0,0.0,0.0,0.0,0,0.0,0.0,0.0,0.0,6.4,3.2,2.1333333333333333,2.1333333333333333,2.88,3.2,0.0,0.0,,,0.0,0.0,1.2025,0.0,2.395010395010395,0.9374999999999999,0.609375,3.2,-3.2,3.0,1.6063333333333336,1.5815469220565879,0.0,3.603520205460425,61.2025,TD-dependent production,,,"['Limited recent opportunity', 'Recent production is improving', 'Production has significant TD dependence']",Mecole Hardman,WR,,1.7847412450953495,2.1280272,1.7847412450953495,6.0,backup,Depth chart: WR6. Higher-ranked teammate is active; recent usage is not treated as a starting role.,healthy_backup,-0.21525875490465052
00-0037741,Jahan Dotson,Jahan Dotson,WR,WR,"https://static.www.nfl.com/image/upload/f_auto,q_auto/league/gwuibfw7ljxudxtldcvh",2026,1,REG,2026_01_ATL_PIT,ATL,GB,0,0,0,0,0,0,0,0,0,0,0,0,,,0,,0,0,0,0,0,0,0,0,0,0,,0,0,0,0,0,1,3,19,0,0,0,52,1,1,-4.574132711393759,0,1,1,0,0,0.36538461538461536,0.15789473684210525,0.6753246753246753,0.7095693779904306,0,0,0,0,0,0,0,0.0,0.0,0,0,0,0,0,0,0,0,0,0,0,0,0,1,0,0,0,0,0,0,0,0,0,0,0,0,0,0,0,0,0,0,0,,,0,0,0,0,0,0,0,0,0,0,0,0,,,,0,0,0,0,0,0,0,,0,0,0,0,0,0,0,,0,0,0,0,0,0,0,0,0,0,1.9000000000000001,2.9000000000000004,0,0,1.9000000000000001,0.0,1.9000000000000001,2026,1,,,,,0.6333333333333334,,0.0,0,0,1.9000000000000001,0.9500000000000001,1.9666666666666668,1.475,1.3995,3,2.0,4.0,3.25,2.852875,0,0.0,0.0,0.0,0.0,19,9.5,19.666666666666668,14.75,13.995,0,0.0,0.0,0.0,0.0,1,0.5,1.3333333333333333,1.0,0.8583749999999999,,,,,,,,,,,0.0,0.0,0.0,0.0,0.0,0,0.0,0.0,0.0,0.0,0,0.0,0.0,0.0,0.0,1.9000000000000001,0.9500000000000001,1.9666666666666668,1.475,1.3995,-1.0499999999999998,-2.5,0.0,,,0.0,0.0,2.852875,-2.5,0.4905577706699382,0.0,0.0,-1.0499999999999998,-1.4500000000000002,4.0,0.6776166666666665,0.369782122036447,3.2979207275472158,4.148419608231044,62.852875,Downtrend confirmed,,,"['Limited recent opportunity', 'Role is trending downward']",Jahan Dotson,WR,,3.72317016788913,3.1839094,3.72317016788913,2.0,backup,Depth chart: WR2. Higher-ranked teammate is active; recent usage is not treated as a starting role.,healthy_backup,-0.22682983211087038
00-0036332,Josiah Deguara,Josiah Deguara,TE,TE,"https://static.www.nfl.com/image/upload/f_auto,q_auto/league/wivlyvbmlm0aogcvl2yz",2026,-1,REG,2025_18_ARI_LA,ARI,SF,0,0,0,0,0,0,0,0,0,0,0,0,,,0,,0,0,0,0,0,0,0,0,0,0,,0,0,0,0,0,2,2,15,1,0,0,11,4,2,2.3500204463489354,0,0,0,0,0,1.3636363636363635,0.07142857142857142,0.043824701195219126,0.13782014797951053,0,0,0,0,0,0,0,0.0,0.0,0,0,0,0,0,0,0,0,0,0,0,0,0,0,0,0,0,0,0,0,0,0,0,0,0,0,0,0,0,0,0,0,0,,,0,0,0,0,0,0,0,0,0,0,0,0,,,,0,0,0,0,0,0,0,,0,0,0,0,0,0,0,,0,0,0,0,0,0,0,0,0,0,7.5,9.5,0,0,7.5,6.0,1.5,2025,18,,,,,3.75,,0.8,0,0,7.5,3.75,2.5,2.5,3.3749999999999996,2,1.0,1.0,1.0,1.2025,0,0.0,0.0,0.0,0.0,15,7.5,5.0,5.0,6.749999999999999,0,0.0,0.0,0.0,0.0,2,1.0,0.6666666666666666,0.6666666666666666,0.8999999999999999,,,,,,,,,,,6.0,3.0,2.0,2.0,2.6999999999999997,0,0.0,0.0,0.0,0.0,0,0.0,0.0,0.0,0.0,7.5,3.75,2.5,2.5,3.3749999999999996,3.75,0.0,0.0,,,0.0,0.0,1.2025,0.0,2.8066528066528065,0.8,0.52,3.75,-3.75,3.0,2.3249999999999993,1.853375299285064,0.0,3.8391770007016577,61.2025,TD-dependent production,,,"['Limited recent opportunity', 'Recent production is improving', 'Production has significant TD dependence']",Josiah Deguara,TE,,1.7077954065238343,1.8881258,1.7077954065238343,4.0,backup,Depth chart: TE4. Higher-ranked teammate is active; recent usage is not treated as a starting role.,healthy_backup,-0.2922045934761657
00-0033854,Dare Ogunbowale,Dare Ogunbowale,RB,RB,"https://static.www.nfl.com/image/upload/f_auto,q_auto/league/bsm0k0jkytuiej2riudv",2026,-1,REG,2025_18_IND_HOU,HOU,IND,0,0,0,0,0,0,0,0,0,0,0,0,,,0,,0,0,0,0,1,3,0,0,0,0,-0.09472344978712499,0,0,0,0,0,1,2,6,0,0,0,-2,3,0,-2.4746930410761827,0,0,0,0,0,-3.0,0.07142857142857142,-0.010362694300518135,0.09988897113249444,0,0,0,1,0,0,0,0.0,0.0,0,0,0,0,0,0,0,0,0,0,0,0,0,0,0,0,0,0,0,0,0,0,0,0,0,0,0,0,0,0,0,0,0,,,0,0,0,0,0,0,0,0,0,0,0,0,,,,0,0,0,0,0,0,0,,0,0,0,0,0,0,0,,0,0,0,0,0,0,0,0,0,0,0.9,1.9,0,0,0.9000000000000001,0.0,0.9000000000000001,2025,18,,,,,0.45000000000000007,0.9000000000000001,0.0,0,0,0.9000000000000001,0.4,1.4000000000000001,1.4000000000000001,1.4087500000000004,2,1.5,2.3333333333333335,2.3333333333333335,2.3575,1,1.0,2.3333333333333335,2.3333333333333335,2.21,6,4.0,13.333333333333334,13.333333333333334,12.875,3,0.0,0.6666666666666666,0.6666666666666666,1.2125,1,1.0,1.6666666666666667,1.6666666666666667,1.6050000000000002,,,,,,,,,,,0.0,0.0,0.0,0.0,0.0,0,0.0,0.0,0.0,0.0,0,0.0,0.0,0.0,0.0,0.9000000000000001,0.4,1.4000000000000001,1.4000000000000001,1.4087500000000004,-3.0000000000000004,-2.5,-4.0,,,0.0,0.0,3.573,-4.7,0.39427651833193406,0.0,0.0,-3.0000000000000004,-1.6999999999999997,3.0,0.0,0.4013256159280143,3.9158425932805137,4.838891509914946,63.573,Downtrend confirmed,,,"['Role is trending downward', 'Recent production is declining']",Dare Ogunbowale,RB,,4.37736705159773,3.4282393,4.37736705159773,4.0,backup,Depth chart: RB4. Higher-ranked teammate is active; recent usage is not treated as a starting role.,healthy_backup,-0.32263294840226964
00-0033869,Mitchell Trubisky,Mitchell Trubisky,QB,QB,"https://static.www.nfl.com/image/upload/f_auto,q_auto/league/yxs7ix2pmcfv5k1qn1sk",2026,-1,REG,2025_18_NYJ_BUF,BUF,LAC,22,29,259,4,0,0,0,0,0,199,120,16,22.484979077882834,12.69439650433404,1,1.3015075376884422,11,7,4,0,5,5,0,0,0,0,-2.909626185428351,0,0,0,0,0,0,0,0,0,0,0,0,0,0,,0,0,0,0,0,,0.0,0.0,0.0,0,0,0,0,0,0,0,0.0,0.0,0,0,0,0,0,0,0,0,0,0,0,0,0,0,0,0,0,0,0,0,0,0,0,0,0,0,0,0,0,0,0,0,0,,,0,0,0,0,0,0,0,0,0,0,0,0,,,,0,0,0,0,0,0,0,,0,0,0,0,0,0,0,,0,0,0,0,0,0,0,0,0,0,28.86,28.86,0,0,34.86,24.0,10.86,2025,18,,,,,,6.9719999999999995,0.6884681583476764,0,0,34.86,17.63,12.046666666666667,12.046666666666667,16.0522,0,0.0,0.0,0.0,0.0,5,3.0,2.0,2.0,2.4975,0,0.0,0.0,0.0,0.0,5,4.5,3.0,3.0,3.24,0,0.0,0.0,0.0,0.0,,,,,,,,,,,24.0,12.0,8.0,8.0,10.799999999999999,0,0.0,0.0,0.0,0.0,0,0.0,0.0,0.0,0.0,34.86,17.63,12.046666666666667,12.046666666666667,16.0522,16.75,0.0,3.0,,,0.0,0.0,1.373625,1.6500000000000001,11.686013286013285,0.6728049737730654,0.4373232329524925,16.75,-15.1,3.0,0.0,8.457961612650335,0.0,0.0,54.91566338734966,TD-dependent production,,,"['Limited recent opportunity', 'Recent production is improving', 'Production has significant TD dependence']",Mitchell Trubisky,QB,,0.0,0.0,15.717232175828128,2.0,backup,Depth chart: QB2. Higher-ranked teammate is active; recent usage is not treated as a starting role.,healthy_backup,-0.34999999999999987
00-0036590,Quintin Morris,Quintin Morris,TE,TE,"https://static.www.nfl.com/image/upload/f_auto,q_auto/league/auqtvapzdtpdxg6myw6b",2026,1,REG,2026_01_CLE_JAX,JAX,NE,0,0,0,0,0,0,0,0,0,0,0,0,,,0,,0,0,0,0,0,0,0,0,0,0,,0,0,0,0,0,0,1,0,0,0,0,2,0,0,-0.5273589448770508,0,0,0,0,0,0.0,0.047619047619047616,0.008264462809917356,0.07721369539551358,0,0,0,1,0,0,0,0.0,0.0,0,0,0,0,0,0,0,0,0,0,0,0,0,0,0,0,0,0,0,0,0,0,0,0,0,0,0,0,0,0,0,0,0,,,0,0,0,0,0,0,0,0,0,0,0,0,,,,0,0,0,0,0,0,0,,0,0,0,0,0,0,0,,0,0,0,0,0,0,0,0,0,0,0.0,0.0,0,0,0.0,0.0,0.0,2026,1,,,,,0.0,,,0,0,0.0,3.25,2.1666666666666665,1.75,1.6919375,1,1.0,0.6666666666666666,0.75,0.863875,0,0.0,0.0,0.0,0.0,0,2.5,1.6666666666666667,2.5,2.0693750000000004,0,0.0,0.0,0.0,0.0,0,0.5,0.3333333333333333,0.5,0.413875,,,,,,,,,,,0.0,3.0,2.0,1.5,1.4849999999999999,0,0.0,0.0,0.0,0.0,0,0.0,0.0,0.0,0.0,0.0,3.25,2.1666666666666665,1.75,1.6919375,3.0,0.5,0.0,,,0.0,0.0,0.863875,0.5,1.9585443495876143,0.8776919951239333,0.5704997968305566,3.0,-2.5,4.0,1.1389451764188,1.0475803923340574,0.0,2.3460009726089583,60.863875,TD-dependent production,,,"['Limited recent opportunity', 'Recent production is improving', 'Production has significant TD dependence']",Quintin Morris,TE,,1.1412835214247925,1.6485822,1.1412835214247925,3.0,backup,Depth chart: TE3. Higher-ranked teammate is active; recent usage is not treated as a starting role.,healthy_backup,-0.3587164785752075
00-0039754,Devin Culp,Devin Culp,TE,TE,"https://static.www.nfl.com/image/upload/f_auto,q_auto/league/e32gorf12yuyy6iyijt9",2026,-1,REG,2025_15_ATL_TB,TB,MIN,0,0,0,0,0,0,0,0,0,0,0,0,,,0,,0,0,0,0,0,0,0,0,0,0,,0,0,0,0,0,1,1,6,1,0,0,6,0,1,1.7139679592801258,0,0,0,0,0,1.0,0.03125,0.016713091922005572,0.0585741643454039,0,0,0,0,0,0,0,0.0,0.0,0,0,0,0,0,0,0,0,0,0,0,0,0,0,0,0,0,0,0,0,0,0,0,0,0,0,0,0,0,0,0,0,0,,,0,0,0,0,0,0,0,0,0,0,0,0,,,,0,0,0,0,0,0,0,,0,0,0,0,0,0,0,,0,0,0,0,0,0,0,0,0,0,6.6,7.6,0,0,6.6,6.0,0.5999999999999996,2025,15,,,,,6.6,,0.9090909090909092,0,0,6.6,3.3,2.1999999999999997,2.1999999999999997,2.9699999999999998,1,0.5,0.3333333333333333,0.3333333333333333,0.44999999999999996,0,0.0,0.0,0.0,0.0,6,3.0,2.0,2.0,2.6999999999999997,0,0.0,0.0,0.0,0.0,1,0.5,0.3333333333333333,0.3333333333333333,0.44999999999999996,,,,,,,,,,,6.0,3.0,2.0,2.0,2.6999999999999997,0,0.0,0.0,0.0,0.0,0,0.0,0.0,0.0,0.0,6.6,3.3,2.1999999999999997,2.1999999999999997,2.9699999999999998,3.3,0.5,0.0,,,0.0,0.0,0.44999999999999996,0.5,6.6000000000000005,0.9090909090909091,0.5909090909090909,3.3,-2.8,3.0,1.9188181818181818,1.630970263370856,0.0,2.9652972390389185,60.45,TD-dependent production,,,"['Limited recent opportunity', 'Recent production is improving', 'Production has significant TD dependence']",Devin Culp,TE,,1.0896814361624343,1.5790563,1.0896814361624343,4.0,backup,Depth chart: TE4. Higher-ranked teammate is active; recent usage is not treated as a starting role.,healthy_backup,-0.4103185638375657
00-0037324,Chris Oladokun,Chris Oladokun,QB,QB,"https://static.www.nfl.com/image/upload/f_auto,q_auto/league/zlcmvcyi6laaklmjv1j2",2026,-1,REG,2025_18_KC_LV,KC,MIA,11,17,58,0,0,3,-40,1,1,85,52,2,-15.793260905534135,-8.352303329636069,0,0.6823529411764706,2,0,0,0,1,0,0,1,1,0,-4.800101317814551,0,0,0,0,0,0,0,0,0,0,0,0,0,0,,0,0,0,0,0,,0.0,0.0,0.0,0,0,0,0,0,0,0,0.0,0.0,0,0,0,0,0,0,0,0,0,0,0,0,0,0,0,0,0,0,0,0,2,0,0,2,2,0,0,0,0,0,0,0,0,,,0,0,0,0,0,0,0,0,0,0,0,0,,,,0,0,0,0,0,0,0,,0,0,0,0,0,0,0,,0,0,0,0,0,0,0,0,0,0,-1.6800000000000002,-1.6800000000000002,0,0,0.31999999999999984,0.0,0.31999999999999984,2025,18,,,,,,0.31999999999999984,0.0,0,0,0.31999999999999984,5.03,5.066666666666667,5.066666666666667,4.109500000000001,0,0.0,0.0,0.0,0.0,1,1.5,1.6666666666666667,1.6666666666666667,1.55,0,0.0,0.0,0.0,0.0,0,5.5,6.0,6.0,4.840000000000001,0,0.0,0.0,0.0,0.0,,,,,,,,,,,0.0,3.0,2.0,2.0,1.4849999999999999,0,0.0,0.0,0.0,0.0,0,0.0,0.0,0.0,0.0,0.31999999999999984,5.03,5.066666666666667,5.066666666666667,4.109500000000001,-0.11000000000000032,0.0,-0.5,,,0.0,0.0,0.8525000000000001,-0.275,4.8205278592375365,0.36135782941963734,0.23488258912276427,-0.11000000000000032,-0.1649999999999997,3.0,0.0,1.836174766555007,0.0,0.0,60.8525,Stable,,,['Limited recent opportunity'],Chris Oladokun,QB,,0.0,0.0,13.043805898277293,4.0,backup,Depth chart: QB4. Higher-ranked teammate is active; recent usage is not treated as a starting role.,healthy_backup,-0.4399999999999997
00-0038839,Mitchell Tinsley,Mitchell Tinsley,WR,WR,"https://static.www.nfl.com/image/upload/f_auto,q_auto/league/t4h8qtzndtvf6is6naew",2026,-1,REG,2025_16_CIN_MIA,CIN,PIT,0,0,0,0,0,0,0,0,0,0,0,0,,,0,,0,0,0,0,0,0,0,0,0,0,,0,0,0,0,0,0,1,0,0,0,0,24,0,0,-0.8788699598517269,0,0,0,0,0,0.0,0.03225806451612903,0.12903225806451613,0.13870967741935483,0,0,0,0,0,0,0,0.0,0.0,0,0,0,0,0,0,0,0,0,0,0,0,0,0,0,0,0,0,0,0,0,0,0,0,0,0,0,0,0,0,0,0,0,,,0,0,0,0,0,0,0,0,0,0,0,0,,,,0,0,0,0,0,0,0,,0,0,0,0,0,0,0,,0,0,0,0,0,0,0,0,0,0,0.0,0.0,0,0,0.0,0.0,0.0,2025,16,,,,,0.0,,,0,0,0.0,0.8,1.2666666666666668,1.2666666666666668,1.0615,1,1.5,4.0,4.0,3.6675000000000004,0,0.0,0.0,0.0,0.0,0,8.0,12.666666666666666,12.666666666666666,10.615000000000002,0,0.0,0.0,0.0,0.0,0,0.5,1.0,1.0,0.8525000000000001,,,,,,,,,,,0.0,0.0,0.0,0.0,0.0,0,0.0,0.0,0.0,0.0,0,0.0,0.0,0.0,0.0,0.0,0.8,1.2666666666666668,1.2666666666666668,1.0615,-1.4000000000000001,-7.5,0.0,,,0.0,0.0,3.6675000000000004,-7.5,0.2894342194955692,0.0,0.0,-1.4000000000000001,-6.1,3.0,0.0,0.4717539895609434,3.9788479768342797,5.0638821528244495,63.667500000000004,Downtrend confirmed,,,['Role is trending downward'],Mitchell Tinsley,WR,,4.521365064829364,3.3199766,4.521365064829364,5.0,backup,Depth chart: WR5. Higher-ranked teammate is active; recent usage is not treated as a starting role.,healthy_backup,-0.4786349351706356
00-0034613,Tanner Hudson,Tanner Hudson,TE,TE,"https://static.www.nfl.com/image/upload/f_auto,q_auto/league/pyl2bpjw0vy4idcseama",2026,1,REG,2026_01_TB_CIN,CIN,PIT,0,0,0,0,0,0,0,0,0,0,0,0,,,0,,0,0,0,0,0,0,0,0,0,0,,0,0,0,0,0,1,1,4,0,0,0,4,0,0,-0.05948304303456098,0,0,0,0,0,1.0,0.029411764705882353,0.017699115044247787,0.056507027589796976,0,0,0,0,0,0,0,0.0,0.0,0,0,0,0,0,0,0,0,0,0,0,0,0,0,0,0,0,0,0,0,0,0,0,0,0,0,0,0,0,0,0,0,0,,,0,0,0,0,0,0,0,0,0,0,0,0,,,,0,0,0,0,0,0,0,,0,0,0,0,0,0,0,,0,0,0,0,0,0,0,0,0,0,0.4,1.4,0,0,0.4,0.0,0.4,2026,1,,,,,0.4,,0.0,0,0,0.4,1.75,1.3,1.375,1.2678999999999998,1,1.5,1.3333333333333333,2.25,1.9130000000000003,0,0.0,0.0,0.0,0.0,4,17.5,13.0,13.75,12.679000000000002,0,0.0,0.0,0.0,0.0,1,1.5,1.3333333333333333,1.75,1.5802500000000002,,,,,,,,,,,0.0,0.0,0.0,0.0,0.0,0,0.0,0.0,0.0,0.0,0,0.0,0.0,0.0,0.0,0.4,1.75,1.3,1.375,1.2678999999999998,0.75,-1.5,0.0,,,0.0,0.0,1.9130000000000003,-1.5,0.6627809722948247,0.0,0.0,0.75,-2.25,4.0,0.7669900000000001,0.44407416677847855,2.5104950892577156,3.531865672848216,61.913,Stable,,,['Limited recent opportunity'],Tanner Hudson,TE,,3.021180381052966,2.384791,3.021180381052966,5.0,backup,Depth chart: TE5. Higher-ranked teammate is active; recent usage is not treated as a starting role.,healthy_backup,-0.4788196189470342
00-0038705,Emari Demercado,Emari Demercado,RB,RB,"https://static.www.nfl.com/image/upload/f_auto,q_auto/league/wu0sm9ttr4aiugi9fquf",2026,1,REG,2026_01_DAL_NYG,DAL,BAL,0,0,0,0,0,0,0,0,0,0,0,0,,,0,,0,0,0,0,2,7,0,0,0,0,-0.3203443599049933,0,0,0,0,0,0,0,0,0,0,0,0,0,0,,0,0,0,0,0,,0.0,0.0,0.0,0,0,0,0,0,0,0,0.0,0.0,0,0,0,0,0,0,0,0,0,0,0,0,0,0,0,0,0,0,0,0,0,0,0,0,0,0,0,0,0,0,0,0,0,,,0,0,0,0,0,0,0,0,0,0,0,0,,,,0,0,0,0,0,0,0,,0,0,0,0,0,0,0,,0,0,0,0,0,0,0,0,0,0,0.7000000000000001,0.7000000000000001,0,0,0.7000000000000001,0.0,0.7000000000000001,2026,1,,,,,,0.35000000000000003,0.0,0,0,0.7000000000000001,3.2000000000000006,2.8000000000000003,2.85,2.497125,0,0.5,1.3333333333333333,1.25,0.82225,2,2.0,3.0,3.5,2.9075,0,14.0,12.333333333333334,9.25,8.155124999999998,7,18.0,15.666666666666666,19.25,16.816125,0,0.5,1.0,0.75,0.51975,,,,,,,,,,,0.0,0.0,0.0,0.0,0.0,0,0.0,0.0,0.0,0.0,0,0.0,0.0,0.0,0.0,0.7000000000000001,3.2000000000000006,2.8000000000000003,2.85,2.497125,0.7000000000000006,-1.5,-3.0,,,0.0,0.0,2.4213750000000003,-3.1500000000000004,1.0312838779619018,0.0,0.0,0.7000000000000006,-3.850000000000001,4.0,1.523275,0.8833446793296489,3.478262594148834,5.509955356607026,62.421375,Stable,,,"['Limited recent opportunity', 'Role is trending downward']",Emari Demercado,RB,,4.49410897537793,3.1067474,4.49410897537793,2.0,backup,Depth chart: RB2. Higher-ranked teammate is active; recent usage is not treated as a starting role.,healthy_backup,-0.5058910246220698
00-0037132,Britain Covey,Britain Covey,WR,WR,"https://static.www.nfl.com/image/upload/f_auto,q_auto/league/jgvgr3prtme8ua28bfxi",2026,1,REG,2026_01_WAS_PHI,PHI,CHI,0,0,0,0,0,0,0,0,0,0,0,0,,,0,,0,0,0,0,0,0,0,0,0,0,,0,0,0,0,0,0,0,0,0,0,0,0,0,0,,0,0,0,0,0,,0.0,0.0,0.0,0,0,0,0,0,0,0,0.0,0.0,0,0,0,0,0,0,0,0,0,0,0,0,0,0,0,0,0,0,0,0,0,0,0,0,0,4,37,0,0,0,0,0,0,,,0,0,0,0,0,0,0,0,0,0,0,0,,,,0,0,0,0,0,0,0,,0,0,0,0,0,0,0,,0,0,0,0,0,0,0,0,0,0,0.0,0.0,0,0,0.0,0.0,0.0,2026,1,,,,,,,,0,0,0.0,0.0,0.6666666666666666,0.5,0.27225,0,0.0,1.3333333333333333,1.0,0.5445,0,0.0,0.0,0.0,0.0,0,0.0,6.666666666666667,5.0,2.7225,0,0.0,0.0,0.0,0.0,0,0.0,0.6666666666666666,0.5,0.27225,,,,,,,,,,,0.0,0.0,0.0,0.0,0.0,0,0.0,0.0,0.0,0.0,0,0.0,0.0,0.0,0.0,0.0,0.0,0.6666666666666666,0.5,0.27225,-1.0,-2.0,0.0,,,0.0,0.0,0.5445,-2.0,0.5,0.0,0.0,-1.0,-1.0,4.0,0.0,0.2662586232302053,2.1426488962295354,2.7550437296590076,60.5445,Stable,,,"['Limited recent opportunity', 'Role is trending downward']",Britain Covey,WR,,2.4488463129442715,1.2753353,2.4488463129442715,7.0,backup,Depth chart: WR7. Higher-ranked teammate is active; recent usage is not treated as a starting role.,healthy_backup,-0.5511536870557285
00-0038397,Evan Hull,Evan Hull,RB,RB,"https://static.www.nfl.com/image/upload/f_auto,q_auto/league/xyyujk9mvvzegaiefp51",2026,-1,REG,2025_18_NO_ATL,NO,LV,0,0,0,0,0,0,0,0,0,0,0,0,,,0,,0,0,0,0,2,11,0,0,0,0,0.2619894106173888,0,0,0,0,0,0,0,0,0,0,0,0,0,0,,0,0,0,0,0,,0.0,0.0,0.0,0,0,0,0,0,0,0,0.0,0.0,0,0,0,0,0,0,0,0,0,0,0,0,0,0,0,0,0,0,0,0,0,0,0,0,0,0,0,3,78,0,0,0,0,,,0,0,0,0,0,0,0,0,0,0,0,0,,,,0,0,0,0,0,0,0,,0,0,0,0,0,0,0,,0,0,0,0,0,0,0,0,0,0,1.1,1.1,0,0,1.1,0.0,1.1,2025,18,,,,,,0.55,0.0,0,0,1.1,0.7000000000000001,0.5666666666666668,0.5666666666666668,0.66,0,0.0,0.0,0.0,0.0,2,2.0,3.0,3.0,2.9075,0,0.0,0.0,0.0,0.0,11,7.0,5.666666666666667,5.666666666666667,6.6,0,0.0,0.0,0.0,0.0,,,,,,,,,,,0.0,0.0,0.0,0.0,0.0,0,0.0,0.0,0.0,0.0,0,0.0,0.0,0.0,0.0,1.1,0.7000000000000001,0.5666666666666668,0.5666666666666668,0.66,0.4,0.0,-3.0,,,0.0,0.0,1.5991250000000001,-1.6500000000000001,0.41272570937231295,0.0,0.0,0.4,-2.0500000000000003,3.0,0.04516666666666669,0.19769336525707348,2.8497938849250315,3.3044886250163006,61.599125,Stable,,,['Limited recent opportunity'],Evan Hull,RB,,3.077141254970666,2.7655694,3.077141254970666,5.0,backup,Depth chart: RB5. Higher-ranked teammate is active; recent usage is not treated as a starting role.,healthy_backup,-0.5728587450293341
00-0040024,Darius Cooper,Darius Cooper,WR,WR,"https://static.www.nfl.com/image/upload/f_auto,q_auto/league/pe71oe4eoyyfnq80fkxc",2026,1,REG,2026_01_WAS_PHI,PHI,CHI,0,0,0,0,0,0,0,0,0,0,0,0,,,0,,0,0,0,0,0,0,0,0,0,0,,0,0,0,0,0,0,0,0,0,0,0,0,0,0,,0,0,0,0,0,,0.0,0.0,0.0,0,3,0,1,0,0,0,0.0,0.0,0,0,0,0,0,0,0,0,0,0,0,0,0,0,0,0,0,0,0,0,0,0,0,0,0,0,0,0,0,0,0,0,0,,,0,0,0,0,0,0,0,0,0,0,0,0,,,,0,0,0,0,0,0,0,,0,0,0,0,0,0,0,,0,0,0,0,0,0,0,0,0,0,0.0,0.0,0,0,0.0,0.0,0.0,2026,1,,,,,,,,0,0,0.0,0.45,1.4000000000000001,1.1500000000000001,0.7385125,0,0.5,2.0,1.75,1.0945,0,0.0,0.0,0.0,0.0,0,4.5,14.0,11.5,7.3851249999999995,0,0.0,0.0,0.0,0.0,0,0.5,1.3333333333333333,1.25,0.82225,,,,,,,,,,,0.0,0.0,0.0,0.0,0.0,0,0.0,0.0,0.0,0.0,0,0.0,0.0,0.0,0.0,0.0,0.45,1.4000000000000001,1.1500000000000001,0.7385125,-1.4000000000000001,-2.5,0.0,,,0.0,0.0,1.0945,-2.5,0.674748743718593,0.0,0.0,-1.4000000000000001,-1.0999999999999999,4.0,0.09060750000000006,0.49701218699846794,2.340167294927507,3.4832953250239833,61.0945,Downtrend confirmed,,,"['Limited recent opportunity', 'Role is trending downward']",Darius Cooper,WR,,2.911731309975745,2.0613296,2.911731309975745,4.0,backup,Depth chart: WR4. Higher-ranked teammate is active; recent usage is not treated as a starting role.,healthy_backup,-0.6882686900242547
00-0039757,Terrell Jennings,Terrell Jennings,RB,RB,"https://static.www.nfl.com/image/upload/f_auto,q_auto/league/apyriqt5707yo5qgbni5",2026,-1,REG,2025_13_NYG_NE,NE,JAX,0,0,0,0,0,0,0,0,0,0,0,0,,,0,,0,0,0,0,0,0,0,0,0,0,,0,0,0,0,0,0,0,0,0,0,0,0,0,0,,0,0,0,0,0,,0.0,0.0,0.0,0,0,0,0,0,0,0,0.0,0.0,0,0,0,0,0,0,0,0,0,0,0,0,0,0,0,0,0,0,0,0,0,0,0,0,0,0,0,1,39,0,0,0,0,,,0,0,0,0,0,0,0,0,0,0,0,0,,,,0,0,0,0,0,0,0,,0,0,0,0,0,0,0,,0,0,0,0,0,0,0,0,0,0,0.0,0.0,0,0,0.0,0.0,0.0,2025,13,,,,,,,,0,0,0.0,0.0,0.16666666666666666,0.16666666666666666,0.15125000000000002,0,0.0,0.0,0.0,0.0,0,0.5,1.6666666666666667,1.6666666666666667,1.4575000000000002,0,0.0,0.0,0.0,0.0,0,0.0,1.6666666666666667,1.6666666666666667,1.5125000000000002,0,0.0,0.0,0.0,0.0,,,,,,,,,,,0.0,0.0,0.0,0.0,0.0,0,0.0,0.0,0.0,0.0,0,0.0,0.0,0.0,0.0,0.0,0.0,0.16666666666666666,0.16666666666666666,0.15125000000000002,-0.5,0.0,-3.5,,,0.0,0.0,0.8016250000000001,-1.9250000000000003,0.18867924528301885,0.0,0.0,-0.5,-1.4250000000000003,3.0,0.0,0.07933210783367181,2.5131121041293483,2.6955759521467932,60.801625,Stable,,,['Limited recent opportunity'],Terrell Jennings,RB,,2.6043440281380708,1.9696431,2.6043440281380708,7.0,backup,Depth chart: RB7. Higher-ranked teammate is active; recent usage is not treated as a starting role.,healthy_backup,-0.7456559718619298
00-0038115,Daniel Bellinger,Daniel Bellinger,TE,TE,"https://static.www.nfl.com/image/upload/f_auto,q_auto/league/nvabdu88h2cvroeygabo",2026,1,REG,2026_01_NYJ_TEN,TEN,NYG,0,0,0,0,0,0,0,0,0,0,0,0,,,0,,0,0,0,0,0,0,0,0,0,0,,0,0,0,0,0,1,1,7,0,0,0,1,6,0,-0.36864963174625975,0,0,0,0,0,7.0,0.03571428571428571,0.005263157894736842,0.05725563909774436,0,0,0,0,0,0,0,0.0,0.0,0,0,0,0,0,0,0,0,0,0,0,0,0,0,0,0,0,0,0,0,0,0,0,0,0,0,0,0,0,0,0,0,0,,,0,0,0,0,0,0,0,0,0,0,0,0,,,,0,0,0,0,0,0,0,,0,0,0,0,0,0,0,,0,0,0,0,0,0,0,0,0,0,0.7000000000000001,1.7000000000000002,0,0,0.7000000000000001,0.0,0.7000000000000001,2026,1,,,,,0.7000000000000001,,0.0,0,0,0.7000000000000001,5.25,3.8666666666666667,3.775,3.4725500000000005,1,1.5,2.0,2.5,2.0188750000000004,0,0.0,0.0,0.0,0.0,7,22.5,18.666666666666668,22.75,19.8755,0,0.0,0.0,0.0,0.0,1,1.5,1.6666666666666667,2.0,1.7163750000000002,,,,,,,,,,,0.0,3.0,2.0,1.5,1.4849999999999999,0,0.0,0.0,0.0,0.0,0,0.0,0.0,0.0,0.0,0.7000000000000001,5.25,3.8666666666666667,3.775,3.4725500000000005,2.95,-2.0,0.0,,,0.0,0.0,2.0188750000000004,-2.0,1.720042102656182,0.4276396308188506,0.2779657600322529,2.95,-4.95,4.0,2.9164466666666664,1.4883105538980916,1.4776452065480556,4.900759480513666,62.018875,Efficiency / regression watch,,,"['Limited recent opportunity', 'Role is trending downward', 'Recent production is improving']",Daniel Bellinger,TE,,3.189202343530861,2.9903734,3.189202343530861,2.0,backup,Depth chart: TE2. Higher-ranked teammate is active; recent usage is not treated as a starting role.,healthy_backup,-0.810797656469139
00-0033591,Noah Brown,Noah Brown,WR,WR,"https://static.www.nfl.com/image/upload/f_auto,q_auto/league/nv6ix0p8965yiugsuhwh",2026,-1,REG,2025_15_WAS_NYG,WAS,SEA,0,0,0,0,0,0,0,0,0,0,0,0,,,0,,0,0,0,0,0,0,0,0,0,0,,0,0,0,0,0,1,1,28,0,0,0,26,2,1,3.0583360040327534,0,1,1,1,0,1.0769230769230769,0.0625,0.10038610038610038,0.16402027027027027,0,0,0,0,0,0,0,0.0,0.0,0,0,0,0,0,0,0,0,0,0,0,0,0,0,0,0,0,0,0,0,0,0,0,0,0,0,0,0,0,0,0,0,0,,,0,0,0,0,0,0,0,0,0,0,0,0,,,,0,0,0,0,0,0,0,,0,0,0,0,0,0,0,,0,0,0,0,0,0,0,0,0,0,2.8000000000000003,3.8000000000000003,0,0,2.8000000000000003,0.0,2.8000000000000003,2025,15,,,,,2.8000000000000003,,0.0,0,0,2.8000000000000003,2.35,1.8666666666666665,1.8666666666666665,2.0025000000000004,1,1.5,2.3333333333333335,2.3333333333333335,2.1550000000000002,0,0.0,0.0,0.0,0.0,28,23.5,18.666666666666668,18.666666666666668,20.025,0,0.0,0.0,0.0,0.0,1,1.0,1.0,1.0,1.0,,,,,,,,,,,0.0,0.0,0.0,0.0,0.0,0,0.0,0.0,0.0,0.0,0,0.0,0.0,0.0,0.0,2.8000000000000003,2.35,1.8666666666666665,1.8666666666666665,2.0025000000000004,1.4500000000000002,-2.5,0.0,,,0.0,0.0,2.1550000000000002,-2.5,0.9292343387470998,0.0,0.0,1.4500000000000002,-3.95,3.0,1.0731666666666668,0.35808425451747167,3.2628557405885394,4.086449525978725,62.155,Efficiency / regression watch,,,"['Limited recent opportunity', 'Role is trending downward']",Noah Brown,WR,,3.674652633283632,3.0442533,3.674652633283632,6.0,backup,Depth chart: WR6. Higher-ranked teammate is active; recent usage is not treated as a starting role.,healthy_backup,-0.8253473667163682
00-0035993,Tyler Huntley,Tyler Huntley,QB,QB,"https://static.www.nfl.com/image/upload/f_auto,q_auto/league/fxyjf9d5qkwqjdd8ypvv",2026,-1,REG,2025_17_BAL_GB,BAL,DAL,16,20,107,1,0,1,0,0,0,80,53,6,6.459272869196532,10.441548153758049,0,1.3375,3,0,0,0,8,60,0,0,0,5,4.826031491742469,0,1,1,1,0,0,0,0,0,0,0,0,0,0,,0,0,0,0,0,,0.0,0.0,0.0,0,0,0,0,0,0,0,0.0,0.0,0,0,0,0,0,0,0,0,0,0,0,0,0,0,0,0,0,0,0,0,0,0,0,0,0,0,0,0,0,0,0,0,0,,,0,0,0,0,0,0,0,0,0,0,0,0,,,,0,0,0,0,0,0,0,,0,0,0,0,0,0,0,,0,0,0,0,0,0,0,0,0,0,14.280000000000001,14.280000000000001,0,0,16.28,6.0,10.280000000000001,2025,17,,,,,,2.035,0.36855036855036855,0,0,16.28,9.540000000000001,6.260000000000001,6.260000000000001,7.928249999999999,0,0.0,0.0,0.0,0.0,8,5.0,4.333333333333333,4.333333333333333,5.0024999999999995,0,0.0,0.0,0.0,0.0,60,31.0,19.666666666666668,19.666666666666668,26.587499999999995,0,0.0,0.0,0.0,0.0,,,,,,,,,,,6.0,3.0,2.0,2.0,2.6999999999999997,0,0.0,0.0,0.0,0.0,0,0.0,0.0,0.0,0.0,16.28,9.540000000000001,6.260000000000001,6.260000000000001,7.928249999999999,9.840000000000002,0.0,2.0,,,0.0,0.0,2.751375,1.1,2.881559220389805,0.34055434679784313,0.22136032541859804,9.840000000000002,-8.740000000000002,3.0,0.0,3.718390954431769,0.0,0.0,61.032984045568234,Momentum confirmed,,,"['Limited recent opportunity', 'Recent production is improving']",Tyler Huntley,QB,,0.0,0.0,14.616725446709827,2.0,backup,Depth chart: QB2. Higher-ranked teammate is active; recent usage is not treated as a starting role.,healthy_backup,-0.8999999999999999
00-0038797,Emanuel Wilson,Emanuel Wilson,RB,RB,"https://static.www.nfl.com/image/upload/f_auto,q_auto/league/uorruvczsxzvffpbxu8z",2026,1,REG,2026_01_NE_SEA,SEA,WAS,0,0,0,0,0,0,0,0,0,0,0,0,,,0,,0,0,0,0,2,3,0,0,0,0,-1.8990639874245971,0,0,0,0,0,0,0,0,0,0,0,0,0,0,,0,0,0,0,0,,0.0,0.0,0.0,0,0,0,0,0,0,0,0.0,0.0,0,0,0,0,0,0,0,0,0,0,0,0,0,0,0,0,0,0,0,0,0,0,0,0,0,0,0,0,0,0,0,0,0,,,0,0,0,0,0,0,0,0,0,0,0,0,,,,0,0,0,0,0,0,0,,0,0,0,0,0,0,0,,0,0,0,0,0,0,0,0,0,0,0.30000000000000004,0.30000000000000004,0,0,0.30000000000000004,0.0,0.30000000000000004,2026,1,,,,,,0.15000000000000002,0.0,0,0,0.30000000000000004,0.30000000000000004,1.8,1.9500000000000002,1.2619500000000003,0,0.0,0.3333333333333333,0.5,0.30250000000000005,2,1.5,7.0,6.0,4.096875000000001,0,0.0,1.3333333333333333,3.0,1.8755000000000004,3,3.0,16.666666666666668,16.5,10.744000000000002,0,0.0,0.3333333333333333,0.5,0.30250000000000005,,,,,,,,,,,0.0,0.0,0.0,0.0,0.0,0,0.0,0.0,0.0,0.0,0,0.0,0.0,0.0,0.0,0.30000000000000004,0.30000000000000004,1.8,1.9500000000000002,1.2619500000000003,-3.3000000000000007,-1.0,-9.0,,,0.0,0.0,2.555781250000001,-5.95,0.49376291495995595,0.0,0.0,-3.3000000000000007,-2.6499999999999995,4.0,0.0,0.7093971020521581,3.1823564606794728,4.813969795399436,62.55578125,Downtrend confirmed,,,"['Limited recent opportunity', 'Role is trending downward', 'Recent production is declining']",Emanuel Wilson,RB,,3.9981631280394545,2.9671795,3.9981631280394545,3.0,backup,Depth chart: RB3. Higher-ranked teammate is active; recent usage is not treated as a starting role.,healthy_backup,-1.0018368719605455
00-0034407,Ray-Ray McCloud,Ray-Ray McCloud,WR,WR,"https://static.www.nfl.com/image/upload/f_auto,q_auto/league/nvwn3sdihyyd2itjt7vy",2026,-1,REG,2025_10_NYG_CHI,NYG,TEN,0,0,0,0,0,0,0,0,0,0,0,0,,,0,,0,0,0,0,0,0,0,0,0,0,,0,0,0,0,0,0,0,0,0,0,0,0,0,0,,0,0,0,0,0,,0.0,0.0,0.0,0,0,0,0,0,0,0,0.0,0.0,0,0,0,0,0,0,0,0,0,0,0,0,0,0,0,0,0,0,1,10,0,0,0,0,0,0,0,0,0,0,0,0,0,,,0,0,0,0,0,0,0,0,0,0,0,0,,,,0,0,0,0,0,0,0,,0,0,0,0,0,0,0,,0,0,0,0,0,0,0,0,0,0,0.0,0.0,0,0,0.0,0.0,0.0,2025,10,,,,,,,,0,0,0.0,0.25,-0.0666666666666667,-0.0666666666666667,-0.08800000000000005,0,0.5,1.0,1.0,0.8525000000000001,0,0.0,0.0,0.0,0.0,0,2.5,-0.6666666666666666,-0.6666666666666666,-0.8800000000000003,0,0.0,0.0,0.0,0.0,0,0.5,0.6666666666666666,0.6666666666666666,0.55,,,,,,,,,,,0.0,0.0,0.0,0.0,0.0,0,0.0,0.0,0.0,0.0,0,0.0,0.0,0.0,0.0,0.0,0.25,-0.0666666666666667,-0.0666666666666667,-0.08800000000000005,0.9500000000000001,-1.5,0.0,,,0.0,0.0,0.8525000000000001,-1.5,-0.10322580645161294,0.0,0.0,0.9500000000000001,-2.45,3.0,0.0,0.12567301487060245,2.268275369991748,2.5573233041941337,60.8525,Stable,,,['Limited recent opportunity'],Ray-Ray McCloud,WR,,2.412799337092941,1.3734611,2.412799337092941,6.0,backup,Depth chart: WR6. Higher-ranked teammate is active; recent usage is not treated as a starting role.,healthy_backup,-1.0872006629070592
00-0039796,Rasheen Ali,Rasheen Ali,RB,RB,"https://static.www.nfl.com/image/upload/f_auto,q_auto/league/zwjrkzu3ia3cfrwgotqt",2026,1,REG,2026_01_BAL_IND,BAL,DAL,0,0,0,0,0,0,0,0,0,0,0,0,,,0,,0,0,0,0,0,0,0,0,0,0,,0,0,0,0,0,0,0,0,0,0,0,0,0,0,,0,0,0,0,0,,0.0,0.0,0.0,0,0,0,1,0,0,0,0.0,0.0,0,0,0,0,0,0,0,0,0,0,0,0,0,0,0,0,0,0,0,0,0,0,0,0,0,0,0,0,0,0,0,0,0,,,0,0,0,0,0,0,0,0,0,0,0,0,,,,0,0,0,0,0,0,0,,0,0,0,0,0,0,0,,0,0,0,0,0,0,0,0,0,0,0.0,0.0,0,0,0.0,0.0,0.0,2026,1,,,,,,,,0,0,0.0,0.0,0.26666666666666666,0.25,0.14217500000000002,0,0.0,1.0,1.25,0.7411250000000001,0,0.5,0.3333333333333333,0.25,0.2475,0,0.0,2.6666666666666665,2.5,1.42175,0,0.0,0.0,0.0,0.0,0,0.0,0.6666666666666666,1.0,0.6050000000000001,,,,,,,,,,,0.0,0.0,0.0,0.0,0.0,0,0.0,0.0,0.0,0.0,0,0.0,0.0,0.0,0.0,0.0,0.0,0.26666666666666666,0.25,0.14217500000000002,-0.5,-2.5,0.5,,,0.0,0.0,0.8772500000000001,-2.225,0.1620689655172414,0.0,0.0,-0.5,-1.725,4.0,0.0,0.11576732992419657,2.648573420404218,2.91483827922987,60.877250000000004,Stable,,,"['Limited recent opportunity', 'Role is trending downward']",Rasheen Ali,RB,,2.781705849817044,1.9926685,2.781705849817044,3.0,backup,Depth chart: RB3. Higher-ranked teammate is active; recent usage is not treated as a starting role.,healthy_backup,-1.1682941501829562
00-0040206,Riley Leonard,Riley Leonard,QB,QB,"https://static.www.nfl.com/image/upload/f_auto,q_auto/league/okxcrf19ylc0hwfefmwl",2026,-1,REG,2025_18_IND_HOU,IND,HOU,21,34,270,2,1,1,-8,1,1,307,99,10,1.8524197171118078,1.089800614863634,0,0.8794788273615635,7,5,4,2,3,21,1,0,0,3,3.6897110793797765,0,1,0,0,0,0,0,-3,0,0,0,0,-3,0,,0,0,0,0,0,0.0,0.0,0.0,0.0,0,0,0,0,0,0,0,0.0,0.0,0,0,0,0,0,0,0,0,0,0,0,0,0,0,0,0,0,0,0,0,2,0,0,2,2,0,0,0,0,0,0,0,0,,,0,0,0,0,0,0,0,0,0,0,0,0,,,,0,0,0,0,0,0,0,,0,0,0,0,0,0,0,,0,0,0,0,0,0,0,0,0,0,22.6,22.6,0,0,30.6,18.0,12.600000000000001,2025,18,,,,,,10.200000000000001,0.5882352941176471,0,0,30.6,15.3,10.200000000000001,10.200000000000001,13.77,0,0.0,0.0,0.0,0.0,3,1.5,1.0,1.0,1.3499999999999999,-3,-1.5,-1.0,-1.0,-1.3499999999999999,21,10.5,7.0,7.0,9.45,0,0.0,0.0,0.0,0.0,,,,,,,,,,,18.0,9.0,6.0,6.0,8.1,0,0.0,0.0,0.0,0.0,0,0.0,0.0,0.0,0.0,30.6,15.3,10.200000000000001,10.200000000000001,13.77,15.3,0.0,1.5,,,0.0,0.0,0.7424999999999999,0.8250000000000001,18.545454545454547,0.5882352941176471,0.3823529411764706,15.3,-14.475000000000001,3.0,0.0,7.5617712210830605,0.0,0.0,55.18072877891694,TD-dependent production,,,"['Limited recent opportunity', 'Recent production is improving', 'Production has significant TD dependence']",Riley Leonard,QB,,0.0,0.0,15.176751738324128,3.0,backup,Depth chart: QB3. Higher-ranked teammate is active; recent usage is not treated as a starting role.,healthy_backup,-1.1749999999999998
00-0038040,Zamir White,Zamir White,RB,RB,"https://static.www.nfl.com/image/upload/f_auto,q_auto/league/jzthyqk2ld52f31ka1ir",2026,-1,REG,2025_18_KC_LV,LV,NO,0,0,0,0,0,0,0,0,0,0,0,0,,,0,,0,0,0,0,1,5,0,0,0,1,0.4553028177469969,0,0,0,0,0,1,1,5,0,0,0,-3,8,0,0.0136352414265275,0,0,0,0,0,-1.6666666666666667,0.038461538461538464,-0.01327433628318584,0.048400272294077604,0,0,0,0,0,0,0,0.0,0.0,0,0,0,0,0,0,0,0,0,0,0,0,0,0,0,0,0,0,0,0,0,0,0,0,0,0,0,5,145,0,0,0,0,,,0,0,0,0,0,0,0,0,0,0,0,0,,,,0,0,0,0,0,0,0,,0,0,0,0,0,0,0,,0,0,0,0,0,0,0,0,0,0,1.0,2.0,0,0,1.0,0.0,1.0,2025,18,,,,,1.0,1.0,0.0,0,0,1.0,0.6,1.1666666666666667,1.1666666666666667,1.1952500000000001,1,0.5,1.0,1.0,1.0550000000000002,1,1.0,2.3333333333333335,2.3333333333333335,2.21,5,2.5,3.0,3.0,3.46,5,3.5,8.666666666666666,8.666666666666666,8.492500000000001,1,0.5,0.6666666666666666,0.6666666666666666,0.7525,,,,,,,,,,,0.0,0.0,0.0,0.0,0.0,0,0.0,0.0,0.0,0.0,0,0.0,0.0,0.0,0.0,1.0,0.6,1.1666666666666667,1.1666666666666667,1.1952500000000001,-1.7000000000000002,-1.5,-4.0,,,0.0,0.0,2.2705,-3.7,0.5264258973794319,0.0,0.0,-1.7000000000000002,-2.0,3.0,0.0,0.22377282378936608,3.5523947598812975,4.067072254596839,62.2705,Downtrend confirmed,,,"['Limited recent opportunity', 'Role is trending downward']",Zamir White,RB,,3.8097335072390686,2.945521,3.8097335072390686,6.0,backup,Depth chart: RB6. Higher-ranked teammate is active; recent usage is not treated as a starting role.,healthy_backup,-1.1902664927609314
00-0040234,Quinn Ewers,Quinn Ewers,QB,QB,"https://static.www.nfl.com/image/upload/f_auto,q_auto/league/bbcwyjuhyijtqe7jo274",2026,-1,REG,2025_18_MIA_NE,MIA,KC,16,23,137,1,1,4,-20,0,0,164,89,7,-8.63801070458212,3.1515641056973003,0,0.8353658536585366,5,4,2,0,1,9,0,0,0,0,0.9149772927630693,0,0,0,0,0,0,0,0,0,0,0,0,0,0,,0,0,0,0,0,,0.0,0.0,0.0,0,0,0,0,0,0,0,0.0,0.0,0,0,0,0,0,0,0,0,0,0,0,0,0,0,0,0,0,0,0,0,0,0,0,0,0,0,0,0,0,0,0,0,0,,,0,0,0,0,0,0,0,0,0,0,0,0,,,,0,0,0,0,0,0,0,,0,0,0,0,0,0,0,,0,0,0,0,0,0,0,0,0,0,8.38,8.38,0,0,12.38,6.0,6.380000000000001,2025,18,,,,,,12.38,0.4846526655896607,0,0,12.38,15.579999999999998,14.019999999999998,14.019999999999998,13.516300000000001,0,0.5,0.3333333333333333,0.3333333333333333,0.2475,1,2.5,2.3333333333333335,2.3333333333333335,2.045,0,-3.0,-2.0,-2.0,-1.4849999999999999,9,7.0,6.333333333333333,6.333333333333333,6.8,0,0.5,0.3333333333333333,0.3333333333333333,0.2475,,,,,,,,,,,6.0,9.0,6.0,6.0,5.67,0,0.0,0.0,0.0,0.0,0,0.0,0.0,0.0,0.0,12.38,15.579999999999998,14.019999999999998,14.019999999999998,13.516300000000001,4.679999999999998,0.5,0.5,,,0.0,0.0,1.3722500000000002,0.775,9.849735835306976,0.41949350044020917,0.272670775286136,4.679999999999998,-3.904999999999998,3.0,0.0,1.0304147273792228,0.0,0.0,61.37225,Stable,,,"['Limited recent opportunity', 'Recent production is improving']",Quinn Ewers,QB,,0.0,0.0,17.30039722942832,2.0,backup,Depth chart: QB2. Higher-ranked teammate is active; recent usage is not treated as a starting role.,healthy_backup,-1.225
00-0038640,Jalen Brooks,Jalen Brooks,WR,WR,"https://static.www.nfl.com/image/upload/f_auto,q_auto/league/xeg0tvg6klf0afgddkq6",2026,-1,REG,2025_18_ARI_LA,ARI,SF,0,0,0,0,0,0,0,0,0,0,0,0,,,0,,0,0,0,0,0,0,0,0,0,0,,0,0,0,0,0,0,0,0,0,0,0,0,0,0,,0,0,0,0,0,,0.0,0.0,0.0,0,1,0,1,0,0,0,0.0,0.0,0,0,0,0,0,0,0,0,0,0,0,0,0,0,0,0,0,0,0,0,0,0,0,0,0,0,0,0,0,0,0,0,0,,,0,0,0,0,0,0,0,0,0,0,0,0,,,,0,0,0,0,0,0,0,,0,0,0,0,0,0,0,,0,0,0,0,0,0,0,0,0,0,0.0,0.0,0,0,0.0,0.0,0.0,2025,18,,,,,,,,0,0,0.0,0.0,0.6333333333333334,0.6333333333333334,0.5747500000000001,0,0.0,1.0,1.0,0.9075000000000002,0,0.0,0.0,0.0,0.0,0,0.0,6.333333333333333,6.333333333333333,5.747500000000001,0,0.0,0.0,0.0,0.0,0,0.0,0.3333333333333333,0.3333333333333333,0.30250000000000005,,,,,,,,,,,0.0,0.0,0.0,0.0,0.0,0,0.0,0.0,0.0,0.0,0,0.0,0.0,0.0,0.0,0.0,0.0,0.6333333333333334,0.6333333333333334,0.5747500000000001,-1.9000000000000001,-3.0,0.0,,,0.0,0.0,0.9075000000000002,-3.0,0.6333333333333333,0.0,0.0,-1.9000000000000001,-1.0999999999999999,3.0,0.0,0.30146200976795295,2.4837239545948258,3.177086577061117,60.9075,Downtrend confirmed,,,"['Limited recent opportunity', 'Role is trending downward']",Jalen Brooks,WR,,2.8304052658279715,1.6305584,2.8304052658279715,4.0,backup,Depth chart: WR4. Higher-ranked teammate is active; recent usage is not treated as a starting role.,healthy_backup,-1.2695947341720284
00-0039074,Davis Allen,Davis Allen,TE,TE,"https://static.www.nfl.com/image/upload/f_auto,q_auto/league/iweydtcrfchsl3mt6jtd",2026,1,REG,2026_01_SF_LA,LAR,DEN,0,0,0,0,0,0,0,0,0,0,0,0,,,0,,0,0,0,0,0,0,0,0,0,0,,0,0,0,0,0,1,1,13,0,0,0,-1,14,1,1.1979658557102084,0,1,0,0,0,0.0,0.037037037037037035,-0.00392156862745098,0.052810457516339865,0,0,0,0,0,0,0,0.0,0.0,0,0,0,0,0,0,0,0,0,0,0,0,0,0,0,0,0,0,0,0,0,0,0,0,0,0,0,0,0,0,0,0,0,,,0,0,0,0,0,0,0,0,0,0,0,0,,,,0,0,0,0,0,0,0,,0,0,0,0,0,0,0,,0,0,0,0,0,0,0,0,0,0,1.3,2.3,0,0,1.3,0.0,1.3,2026,1,,,,,1.3,,0.0,0,0,1.3,0.65,1.5666666666666667,1.5750000000000002,1.314025,1,1.0,2.3333333333333335,2.75,2.043625,0,0.0,0.0,0.0,0.0,13,6.5,15.666666666666666,15.75,13.140250000000002,0,0.0,0.0,0.0,0.0,1,0.5,1.0,1.5,1.221375,,,,,,,,,,,0.0,0.0,0.0,0.0,0.0,0,0.0,0.0,0.0,0.0,0,0.0,0.0,0.0,0.0,1.3,0.65,1.5666666666666667,1.5750000000000002,1.314025,-1.85,-3.5,0.0,,,0.0,0.0,2.043625,-3.5,0.6429873386751483,0.0,0.0,-1.85,-1.65,4.0,0.1913316666666669,0.3369433184940425,2.822512203114271,3.5974818356505684,62.043625,Downtrend confirmed,,,"['Limited recent opportunity', 'Role is trending downward']",Davis Allen,TE,,3.2099970193824197,2.9131565,3.2099970193824197,4.0,backup,Depth chart: TE4. Higher-ranked teammate is active; recent usage is not treated as a starting role.,healthy_backup,-1.4400029806175803
00-0038400,Tanner McKee,Tanner McKee,QB,QB,"https://static.www.nfl.com/image/upload/f_auto,q_auto/league/oveivzhzv13jrfvkp8zg",2026,-1,REG,2025_18_WAS_PHI,PHI,CHI,21,40,241,1,1,3,-14,0,0,383,95,13,-6.156729802117727,-1.3910784440882065,0,0.6292428198433421,11,5,2,0,2,3,0,0,0,0,-0.9614844333846122,0,0,0,0,0,0,0,0,0,0,0,0,0,0,,0,0,0,0,0,,0.0,0.0,0.0,0,0,0,0,0,0,0,0.0,0.0,0,0,0,0,0,0,0,0,0,0,0,0,0,0,0,0,0,0,0,0,0,0,0,0,0,0,0,0,0,0,0,0,0,,,0,0,0,0,0,0,0,0,0,0,0,0,,,,0,0,0,0,0,0,0,,0,0,0,0,0,0,0,,0,0,0,0,0,0,0,0,0,0,11.940000000000001,11.940000000000001,0,0,15.940000000000001,6.0,9.940000000000001,2025,18,,,,,,7.970000000000001,0.37641154328732745,0,0,15.940000000000001,7.870000000000001,5.986666666666667,5.986666666666667,7.79505,0,0.0,0.0,0.0,0.0,2,2.0,1.6666666666666667,1.6666666666666667,1.6974999999999998,0,0.0,0.0,0.0,0.0,3,0.5,3.3333333333333335,3.3333333333333335,3.5775000000000006,0,0.0,0.0,0.0,0.0,,,,,,,,,,,6.0,3.0,2.0,2.0,2.6999999999999997,0,0.0,0.0,0.0,0.0,0,0.0,0.0,0.0,0.0,15.940000000000001,7.870000000000001,5.986666666666667,5.986666666666667,7.79505,5.65,0.0,1.0,,,0.0,0.0,0.9336249999999999,0.55,8.349230151292007,0.3463736602074393,0.22514287913483555,5.65,-5.1000000000000005,3.0,0.0,3.7053626345788797,0.0,0.0,59.22826236542112,Stable,,,"['Limited recent opportunity', 'Recent production is improving']",Tanner McKee,QB,,0.0,0.0,14.097189400914797,3.0,backup,Depth chart: QB3. Higher-ranked teammate is active; recent usage is not treated as a starting role.,healthy_backup,-1.45
00-0035689,Dawson Knox,Dawson Knox,TE,TE,"https://static.www.nfl.com/image/upload/f_auto,q_auto/league/k8bi9ppahwfmoxs8ij4w",2026,2,REG,2026_02_DET_BUF,BUF,LAC,0,0,0,0,0,0,0,0,0,0,0,0,,,0,,0,0,0,0,0,0,0,0,0,0,,0,0,0,0,0,2,2,5,1,0,0,3,2,2,1.7690194678725675,0,0,0,0,0,1.6666666666666667,0.07142857142857142,0.01276595744680851,0.11607902735562309,0,0,0,0,0,0,0,0.0,0.0,0,0,0,0,0,0,0,0,0,0,0,0,0,0,0,0,0,0,1,10,0,0,0,0,0,0,0,0,0,0,0,0,0,,,0,0,0,0,0,0,0,0,0,0,0,0,,,,0,0,0,0,0,0,0,,0,0,0,0,0,0,0,,0,0,0,0,0,0,0,0,0,0,6.5,8.5,0,0,6.5,6.0,0.5,2026,2,,,,,3.25,,0.9230769230769231,0,0,6.5,3.6,3.466666666666667,4.36,4.52710875,2,1.5,2.6666666666666665,2.6,2.23574375,0,0.0,0.0,0.0,0.0,5,6.0,14.666666666666666,19.6,12.780712500000002,0,0.0,0.0,0.0,0.0,2,1.5,2.0,2.2,1.96349375,,,,,,,,,,,6.0,3.0,2.0,2.4,3.2490375,0,0.0,0.0,0.0,0.0,0,0.0,0.0,0.0,0.0,6.5,3.6,3.466666666666667,4.36,4.52710875,0.5,-2.5,0.0,,,0.0,0.0,2.23574375,-2.5,2.0248781865095227,0.7176848800020543,0.46649517200133533,0.5,-3.0,5.0,2.8265621566625576,1.0860649446219568,1.7889843029620993,4.2869336755926,62.23574375,TD-dependent production,,,"['Limited recent opportunity', 'Role is trending downward', 'Production has significant TD dependence']",Dawson Knox,TE,,3.0379589892773495,2.9422855,3.0379589892773495,2.0,backup,Depth chart: TE2. Higher-ranked teammate is active; recent usage is not treated as a starting role.,healthy_backup,-1.4620410107226505
00-0032385,Sterling Shepard,Sterling Shepard,WR,WR,"https://static.www.nfl.com/image/upload/f_auto,q_auto/league/l47czwi8aaznnit0se5h",2026,-1,REG,2025_14_NO_TB,TB,MIN,0,0,0,0,0,0,0,0,0,0,0,0,,,0,,0,0,0,0,0,0,0,0,0,0,,0,0,0,0,0,1,1,5,0,0,0,4,1,0,0.010307056596502662,0,0,0,0,0,1.25,0.03571428571428571,0.017391304347826087,0.06574534161490683,0,0,0,0,0,0,0,0.0,0.0,0,0,0,0,0,0,0,0,0,0,0,0,0,0,0,0,0,0,0,0,0,0,0,0,0,0,0,0,0,0,0,0,0,,,0,0,0,0,0,0,0,0,0,0,0,0,,,,0,0,0,0,0,0,0,,0,0,0,0,0,0,0,,0,0,0,0,0,0,0,0,0,0,0.5,1.5,0,0,0.5,0.0,0.5,2025,14,,,,,0.5,,0.0,0,0,0.5,0.5,0.7333333333333334,0.7333333333333334,0.7117500000000001,1,1.5,2.6666666666666665,2.6666666666666665,2.4575000000000005,0,0.0,0.0,0.0,0.0,5,5.0,7.333333333333333,7.333333333333333,7.1175000000000015,0,0.0,0.0,0.0,0.0,1,1.0,1.6666666666666667,1.6666666666666667,1.6050000000000002,,,,,,,,,,,0.0,0.0,0.0,0.0,0.0,0,0.0,0.0,0.0,0.0,0,0.0,0.0,0.0,0.0,0.5,0.5,0.7333333333333334,0.7333333333333334,0.7117500000000001,-0.7000000000000002,-3.5,0.0,,,0.0,0.0,2.4575000000000005,-3.5,0.2896236012207528,0.0,0.0,-0.7000000000000002,-2.8,3.0,0.0,0.11106495096714059,3.4058964919646577,3.6613458791890814,62.4575,Stable,,,"['Limited recent opportunity', 'Role is trending downward']",Sterling Shepard,WR,,3.5336211855768696,2.6754432,3.5336211855768696,8.0,backup,Depth chart: WR8. Higher-ranked teammate is active; recent usage is not treated as a starting role.,healthy_backup,-1.4663788144231304
00-0031237,Teddy Bridgewater,Teddy Bridgewater,QB,QB,"https://static.www.nfl.com/image/upload/f_auto,q_auto/league/wggyfg1dgyiwcgxafoen",2026,-1,REG,2025_12_TB_LA,TB,MIN,8,15,62,0,0,2,-21,0,0,98,52,2,-12.498526949668303,-16.29420667886734,0,0.6326530612244898,2,1,1,0,1,6,0,0,0,0,-0.018806083593517542,0,0,0,0,0,0,0,0,0,0,0,0,0,0,,0,0,0,0,0,,0.0,0.0,0.0,0,0,0,0,0,0,0,0.0,0.0,0,0,0,0,0,0,0,0,0,0,0,0,0,0,0,0,0,0,0,0,0,0,0,0,0,0,0,0,0,0,0,0,0,,,0,0,0,0,0,0,0,0,0,0,0,0,,,,0,0,0,0,0,0,0,,0,0,0,0,0,0,0,,0,0,0,0,0,0,0,0,0,0,3.08,3.08,0,0,3.08,0.0,3.08,2025,12,,,,,,3.08,0.0,0,0,3.08,1.49,0.96,0.96,1.331,0,0.0,0.0,0.0,0.0,1,1.0,1.0,1.0,1.0,0,0.0,0.0,0.0,0.0,6,2.5,1.3333333333333333,1.3333333333333333,2.1499999999999995,0,0.0,0.0,0.0,0.0,,,,,,,,,,,0.0,0.0,0.0,0.0,0.0,0,0.0,0.0,0.0,0.0,0,0.0,0.0,0.0,0.0,3.08,1.49,0.96,0.96,1.331,1.59,0.0,0.0,,,0.0,0.0,0.55,0.0,2.42,0.0,0.0,1.59,-1.59,3.0,0.0,0.7858311268968671,0.0,0.0,60.55,Stable,,,['Limited recent opportunity'],Teddy Bridgewater,QB,,0.0,0.0,11.896041764857765,2.0,backup,Depth chart: QB2. Higher-ranked teammate is active; recent usage is not treated as a starting role.,healthy_backup,-1.59
00-0031503,Jameis Winston,Jameis Winston,QB,QB,"https://static.www.nfl.com/image/upload/f_auto,q_auto/league/e5qyxnibbyawi0pvfpjl",2026,-1,REG,2025_15_WAS_NYG,NYG,TEN,0,1,0,0,0,0,0,0,0,4,0,0,-1.5277121921535581,-31.252405047416687,0,0.0,0,0,0,0,0,0,0,0,0,0,,0,0,0,0,0,0,0,0,0,0,0,0,0,0,,0,0,0,0,0,,0.0,0.0,0.0,0,0,0,0,0,0,0,0.0,0.0,0,0,0,0,0,0,0,0,0,0,0,0,0,0,0,0,0,0,0,0,0,0,0,0,0,0,0,0,0,0,0,0,0,,,0,0,0,0,0,0,0,0,0,0,0,0,,,,0,0,0,0,0,0,0,,0,0,0,0,0,0,0,,0,0,0,0,0,0,0,0,0,0,0.0,0.0,0,0,0.0,0.0,0.0,2025,15,,,,,,,,0,0,0.0,18.62,17.426666666666666,17.426666666666666,13.766500000000002,0,0.5,0.3333333333333333,0.3333333333333333,0.2475,0,2.0,2.3333333333333335,2.3333333333333335,1.8975000000000002,0,16.5,11.0,11.0,8.167499999999999,0,6.5,7.666666666666667,7.666666666666667,6.242500000000001,0,0.5,0.3333333333333333,0.3333333333333333,0.2475,,,,,,,,,,,0.0,9.0,8.0,8.0,6.2700000000000005,0,0.0,0.0,0.0,0.0,0,0.0,0.0,0.0,0.0,0.0,18.62,17.426666666666666,17.426666666666666,13.766500000000002,3.58,0.5,-1.0,,,0.0,0.0,1.2911250000000003,-0.050000000000000044,10.662406815761448,0.45545345585297636,0.29604474630443467,3.58,-3.63,3.0,0.0,6.918949445303577,0.0,0.0,56.372175554696426,Stable,,,"['Limited recent opportunity', 'Recent production is improving']",Jameis Winston,QB,,0.0,0.0,17.81330726856345,2.0,backup,Depth chart: QB2. Higher-ranked teammate is active; recent usage is not treated as a starting role.,healthy_backup,-2.05
00-0033576,Eric Saubert,Eric Saubert,TE,TE,"https://static.www.nfl.com/image/upload/f_auto,q_auto/league/czzieyox5rht6ae3g5tx",2026,1,REG,2026_01_NE_SEA,SEA,WAS,0,0,0,0,0,0,0,0,0,0,0,0,,,0,,0,0,0,0,0,0,0,0,0,0,,0,0,0,0,0,0,0,0,0,0,0,0,0,0,,0,0,0,0,0,,0.0,0.0,0.0,0,0,0,0,0,0,0,0.0,0.0,0,0,0,0,0,0,0,0,0,0,0,0,0,0,0,0,0,0,1,5,0,0,0,0,0,0,0,0,0,0,0,0,0,,,0,0,0,0,0,0,0,0,0,0,0,0,,,,0,0,0,0,0,0,0,,0,0,0,0,0,0,0,,0,0,0,0,0,0,0,0,0,0,0.0,0.0,0,0,0.0,0.0,0.0,2026,1,,,,,,,,0,0,0.0,0.0,0.3333333333333333,0.25,0.136125,0,0.0,1.0,1.25,0.7411250000000001,0,0.0,0.0,0.0,0.0,0,0.0,3.3333333333333335,2.5,1.36125,0,0.0,0.0,0.0,0.0,0,0.0,0.6666666666666666,0.5,0.27225,,,,,,,,,,,0.0,0.0,0.0,0.0,0.0,0,0.0,0.0,0.0,0.0,0,0.0,0.0,0.0,0.0,0.0,0.0,0.3333333333333333,0.25,0.136125,-0.5,-2.5,0.0,,,0.0,0.0,0.7411250000000001,-2.5,0.18367346938775506,0.0,0.0,-0.5,-2.0,4.0,0.0,0.13312931161510266,1.9984136686922354,2.3046110854069717,60.741125,Stable,,,"['Limited recent opportunity', 'Role is trending downward']",Eric Saubert,TE,,2.1515123770496034,1.3423563,2.1515123770496034,2.0,backup,Depth chart: TE2. Higher-ranked teammate is active; recent usage is not treated as a starting role.,healthy_backup,-2.3484876229503966
00-0036754,Brock Wright,Brock Wright,TE,TE,"https://static.www.nfl.com/image/upload/f_auto,q_auto/league/ghmaeofuj87fm97yhvcp",2026,2,REG,2026_02_DET_BUF,DET,NYJ,0,0,0,0,0,0,0,0,0,0,0,0,,,0,,0,0,0,0,0,0,0,0,0,0,,0,0,0,0,0,0,0,0,0,0,0,0,0,0,,0,0,0,0,0,,0.0,0.0,0.0,0,0,0,0,0,0,0,0.0,0.0,0,0,0,0,0,0,0,0,0,0,0,0,0,1,0,0,0,0,0,0,0,0,0,0,0,0,0,0,0,0,0,0,0,,,0,0,0,0,0,0,0,0,0,0,0,0,,,,0,0,0,0,0,0,0,,0,0,0,0,0,0,0,,0,0,0,0,0,0,0,0,0,0,0.0,0.0,0,0,0.0,0.0,0.0,2026,2,,,,,,,,0,0,0.0,0.25,1.1333333333333335,0.8400000000000001,0.5784075000000001,0,0.5,1.6666666666666667,2.6,1.4075875,0,0.0,0.0,0.0,0.0,0,2.5,11.333333333333334,8.4,5.7840750000000005,0,0.0,0.0,0.0,0.0,0,0.5,1.3333333333333333,1.2,0.8056125000000001,,,,,,,,,,,0.0,0.0,0.0,0.0,0.0,0,0.0,0.0,0.0,0.0,0,0.0,0.0,0.0,0.0,0.0,0.25,1.1333333333333335,0.8400000000000001,0.5784075000000001,-1.6,-5.0,0.0,,,0.0,0.0,1.4075875,-5.0,0.41092116831102865,0.0,0.0,-1.6,-3.4,5.0,0.0,0.40426460173189105,2.0610803429801825,2.9908889269635317,61.4075875,Downtrend confirmed,,,"['Limited recent opportunity', 'Role is trending downward']",Brock Wright,TE,,2.525984634971857,2.2114356,2.525984634971857,2.0,backup,Depth chart: TE2. Higher-ranked teammate is active; recent usage is not treated as a starting role.,healthy_backup,-2.474015365028143
00-0035100,Jake Browning,Jake Browning,QB,QB,"https://static.www.nfl.com/image/upload/f_auto,q_auto/league/isw3v1hnu2vogyayxlmy",2026,-1,REG,2025_12_NE_CIN,CIN,PIT,1,1,14,0,0,0,0,0,0,9,5,1,0.8267194108339027,30.96986413002014,0,1.5555555555555556,1,0,0,0,0,0,0,0,0,0,,0,0,0,0,0,0,0,0,0,0,0,0,0,0,,0,0,0,0,0,,0.0,0.0,0.0,0,0,0,0,0,0,0,0.0,0.0,0,0,0,0,0,0,0,0,0,0,0,0,0,0,0,0,0,0,0,0,0,0,0,0,0,0,0,0,0,0,0,0,0,,,0,0,0,0,0,0,0,0,0,0,0,0,,,,0,0,0,0,0,0,0,,0,0,0,0,0,0,0,,0,0,0,0,0,0,0,0,0,0,0.56,0.56,0,0,0.56,0.0,0.56,2025,12,,,,,,,0.0,0,0,0.56,15.85,12.366666666666667,12.366666666666667,9.592649999999999,0,0.0,0.0,0.0,0.0,0,2.0,2.3333333333333335,2.3333333333333335,1.8975000000000002,0,0.0,0.0,0.0,0.0,0,15.5,11.666666666666666,11.666666666666666,8.8825,0,0.0,0.0,0.0,0.0,,,,,,,,,,,0.0,9.0,6.0,6.0,4.455,0,0.0,0.0,0.0,0.0,0,0.0,0.0,0.0,0.0,0.56,15.85,12.366666666666667,12.366666666666667,9.592649999999999,10.45,0.0,-1.0,,,0.0,0.0,1.0436250000000002,-0.55,9.19166367229608,0.4644180700849088,0.30187174555519075,10.45,-11.0,3.0,0.0,5.188370109221842,0.0,0.0,57.855254890778156,Stable,,,"['Limited recent opportunity', 'Recent production is improving']",Jake Browning,QB,,0.0,0.0,15.624923316827697,2.0,backup,Depth chart: QB2. Higher-ranked teammate is active; recent usage is not treated as a starting role.,healthy_backup,-2.55
00-0040494,Max Brosmer,Max Brosmer,QB,QB,"https://static.www.nfl.com/image/upload/f_auto,q_auto/league/fpveluufmy7buwrhpiny",2026,-1,REG,2025_18_GB_MIN,MIN,TB,7,8,57,0,0,2,-13,1,1,23,43,5,-5.441785326613928,8.49849134683609,0,2.4782608695652173,2,1,0,0,0,0,0,0,0,0,,0,0,0,0,0,0,0,0,0,0,0,0,0,0,,0,0,0,0,0,,0.0,0.0,0.0,0,1,0,0,0,0,0,0.0,0.0,0,0,0,0,0,0,0,0,0,0,0,0,0,0,0,0,0,0,0,0,1,0,0,1,1,0,0,0,0,0,0,0,0,,,0,0,0,0,0,0,0,0,0,0,0,0,,,,0,0,0,0,0,0,0,,0,0,0,0,0,0,0,,0,0,0,0,0,0,0,0,0,0,0.28000000000000025,0.28000000000000025,0,0,2.2800000000000002,0.0,2.2800000000000002,2025,18,,,,,,,0.0,0,0,2.2800000000000002,2.96,2.566666666666667,2.566666666666667,2.46535,0,0.0,0.0,0.0,0.0,0,1.0,1.6666666666666667,1.6666666666666667,1.4025,0,0.0,0.0,0.0,0.0,0,8.0,4.333333333333333,4.333333333333333,3.0524999999999998,0,0.0,0.0,0.0,0.0,,,,,,,,,,,0.0,0.0,0.0,0.0,0.0,0,0.0,0.0,0.0,0.0,0,0.0,0.0,0.0,0.0,2.2800000000000002,2.96,2.566666666666667,2.566666666666667,2.46535,1.18,0.0,-2.0,,,0.0,0.0,0.7713750000000001,-1.1,3.19604602171447,0.0,0.0,1.18,-2.2800000000000002,3.0,0.0,0.22232779013579618,0.0,0.0,60.771375,Efficiency / regression watch,,,['Limited recent opportunity'],Max Brosmer,QB,,0.0,0.0,12.785272241636859,4.0,backup,Depth chart: QB4. Higher-ranked teammate is active; recent usage is not treated as a starting role.,healthy_backup,-3.1
00-0035289,Gardner Minshew,Gardner Minshew,QB,QB,"https://static.www.nfl.com/image/upload/f_auto,q_auto/league/knlacyr7rqfkcxiriudj",2026,-1,REG,2025_16_KC_TEN,KC,MIA,3,8,15,0,0,0,0,0,0,32,20,1,-5.3404706756118685,-36.29001038415091,0,0.46875,1,0,0,0,1,8,0,0,0,0,-0.49979111133143306,0,0,0,0,0,0,0,0,0,0,0,0,0,0,,0,0,0,0,0,,0.0,0.0,0.0,0,0,0,0,0,0,0,0.0,0.0,0,0,0,0,0,0,0,0,0,0,0,0,0,0,0,0,0,0,0,0,0,0,0,0,0,0,0,0,0,0,0,0,0,,,0,0,0,0,0,0,0,0,0,0,0,0,,,,0,0,0,0,0,0,0,,0,0,0,0,0,0,0,,0,0,0,0,0,0,0,0,0,0,1.4,1.4,0,0,1.4,0.0,1.4,2025,16,,,,,,1.4,0.0,0,0,1.4,1.14,0.66,0.66,0.7570499999999999,0,0.0,0.0,0.0,0.0,1,0.5,1.3333333333333333,1.3333333333333333,1.3575000000000002,0,0.0,0.0,0.0,0.0,8,4.0,1.6666666666666667,1.6666666666666667,2.6924999999999994,0,0.0,0.0,0.0,0.0,,,,,,,,,,,0.0,0.0,0.0,0.0,0.0,0,0.0,0.0,0.0,0.0,0,0.0,0.0,0.0,0.0,1.4,1.14,0.66,0.66,0.7570499999999999,1.44,0.0,-2.5,,,0.0,0.0,0.7466250000000001,-1.375,1.0139628327473629,0.0,0.0,1.44,-2.815,3.0,0.0,0.29681460947871147,0.0,0.0,60.746625,Efficiency / regression watch,,,['Limited recent opportunity'],Gardner Minshew,QB,,0.0,0.0,11.755732354320239,2.0,backup,Depth chart: QB2. Higher-ranked teammate is active; recent usage is not treated as a starting role.,healthy_backup,-3.375
